pd,lgd,ead,ecl,limit,rate,term,profit,fallback,top_drivers,counterfactual
0.0328298377479555,0.2439546437644309,1169.0,9.362510914623837,20000.0,0.15,36.0,8990.637489085377,credit,"[('num__installment_commitment', 1.1486084009553927), ('cat__credit_history_critical/other existing credit', -0.9320508917489864), ('cat__personal_status_male single', -0.6625914811599087)]","{'feature': 'credit_amount', 'from': 1169, 'to': 584.5, 'pd_before': 0.03282983774795556, 'pd_after': 0.03076061453864265, 'delta': -0.0020692232093129093}"
0.5581025558062683,0.2840609187384496,5951.0,943.442527402755,20000.0,0.15,36.0,8056.557472597246,credit,"[('num__duration', 1.3684797015616506), ('num__credit_amount', 0.6845924754880278), ('cat__other_payment_plans_none', -0.6248186604287902)]","{'feature': 'credit_amount', 'from': 5951, 'to': 2975.5, 'pd_before': 0.5581025558062683, 'pd_after': 0.4728189907146035, 'delta': -0.08528356509166485}"
0.0554661572052916,0.3902720399385139,2096.0,45.37188211084467,20000.0,0.15,36.0,8954.628117889155,credit,"[('cat__checking_status_no checking', -1.0176603432442761), ('cat__credit_history_critical/other existing credit', -0.9320508917489864), ('cat__purpose_education', 0.8570681585031974)]","{'feature': 'credit_amount', 'from': 2096, 'to': 1048.0, 'pd_before': 0.055466157205291675, 'pd_after': 0.049478219086395527, 'delta': -0.005987938118896148}"
0.3550708760899746,0.2986468144624816,7882.0,835.8134756671723,20000.0,0.15,36.0,8164.1865243328275,credit,"[('num__duration', 1.1974197388664443), ('num__credit_amount', 0.9067312874805302), ('cat__employment_4<=X<7', -0.6656808424310587)]","{'feature': 'credit_amount', 'from': 7882, 'to': 3941.0, 'pd_before': 0.3550708760899746, 'pd_after': 0.25918887675758234, 'delta': -0.09588199933239228}"
0.720018609777121,0.4183533621460649,4870.0,1466.9521442329312,20000.0,0.15,36.0,7533.0478557670685,credit,"[('num__installment_commitment', 0.8614563007165446), ('num__duration', 0.6842398507808253), ('cat__personal_status_male single', -0.6625914811599087)]","{'feature': 'credit_amount', 'from': 4870, 'to': 2435.0, 'pd_before': 0.720018609777121, 'pd_after': 0.6602561341600562, 'delta': -0.059762475617064714}"
0.275097424344381,0.4996316472154641,9055.0,1244.586019289077,20000.0,0.15,36.0,7755.413980710923,credit,"[('num__credit_amount', 1.0416711251124335), ('num__duration', 1.026359776171238), ('cat__checking_status_no checking', -1.0176603432442761)]","{'feature': 'credit_amount', 'from': 9055, 'to': 4527.5, 'pd_before': 0.27509742434438106, 'pd_after': 0.18395962560337045, 'delta': -0.0911377987410106}"
0.0756146994205047,0.3039632841398589,2835.0,65.1599018550724,20000.0,0.15,36.0,8934.840098144927,credit,"[('cat__checking_status_no checking', -1.0176603432442761), ('num__installment_commitment', 0.8614563007165446), ('num__duration', 0.6842398507808253)]","{'feature': 'credit_amount', 'from': 2835, 'to': 1417.5, 'pd_before': 0.07561469942050476, 'pd_after': 0.06497656302598198, 'delta': -0.010638136394522782}"
0.2632712576840321,0.1508942668993347,6948.0,276.0171055492425,20000.0,0.15,36.0,8723.982894450757,credit,"[('num__duration', 1.026359776171238), ('cat__purpose_used car', -0.9813482536491334), ('num__credit_amount', 0.7992855855639082)]","{'feature': 'credit_amount', 'from': 6948, 'to': 3474.0, 'pd_before': 0.26327125768403215, 'pd_after': 0.19330480343250045, 'delta': -0.0699664542515317}"
0.0277512808018178,0.3293798647231175,3059.0,27.961441423055355,20000.0,0.15,36.0,8972.038558576945,credit,"[('cat__checking_status_no checking', -1.0176603432442761), ('cat__employment_4<=X<7', -0.6656808424310587), ('cat__other_payment_plans_none', -0.6248186604287902)]","{'feature': 'credit_amount', 'from': 3059, 'to': 1529.5, 'pd_before': 0.02775128080181782, 'pd_after': 0.023378539811402414, 'delta': -0.004372740990415406}"
0.6571109465360903,0.5237398684560446,5234.0,1801.3083204629563,20000.0,0.15,36.0,7198.6916795370435,cashflow,"[('num__installment_commitment', 1.1486084009553927), ('cat__credit_history_critical/other existing credit', -0.9320508917489864), ('num__duration', 0.8552998134760316)]","{'feature': 'credit_amount', 'from': 5234, 'to': 2617.0, 'pd_before': 0.6571109465360903, 'pd_after': 0.5864698666687335, 'delta': -0.07064107986735679}"
0.686107840386535,0.1612741146586702,1295.0,143.29360770173034,20000.0,0.15,36.0,8856.706392298269,cashflow,"[('num__installment_commitment', 0.8614563007165446), ('cat__other_payment_plans_none', -0.6248186604287902), ('cat__savings_status_<100', 0.5049896871194027)]","{'feature': 'credit_amount', 'from': 1295, 'to': 647.5, 'pd_before': 0.686107840386535, 'pd_after': 0.6698480915295008, 'delta': -0.016259748857034295}"
0.879750033136275,0.3274650438666328,4308.0,1241.0804467939015,20000.0,0.15,36.0,7758.9195532060985,cashflow,"[('num__duration', 1.3684797015616506), ('num__installment_commitment', 0.8614563007165446), ('cat__other_payment_plans_none', -0.6248186604287902)]","{'feature': 'credit_amount', 'from': 4308, 'to': 2154.0, 'pd_before': 0.8797500331362752, 'pd_after': 0.8509755288874679, 'delta': -0.028774504248807342}"
0.1496087099039173,0.4876124246245147,1567.0,114.31432007913224,20000.0,0.15,36.0,8885.685679920867,credit,"[('cat__other_payment_plans_none', -0.6248186604287902), ('cat__savings_status_<100', 0.5049896871194027), ('cat__own_telephone_yes', -0.48588636629150395)]","{'feature': 'credit_amount', 'from': 1567, 'to': 783.5, 'pd_before': 0.14960870990391734, 'pd_after': 0.1384998784782562, 'delta': -0.011108831425661131}"
0.4068235988120531,0.2162056043309747,1199.0,105.46109290267708,20000.0,0.15,36.0,8894.538907097323,credit,"[('num__installment_commitment', 1.1486084009553927), ('cat__credit_history_critical/other existing credit', -0.9320508917489864), ('num__duration', 0.6842398507808253)]","{'feature': 'credit_amount', 'from': 1199, 'to': 599.5, 'pd_before': 0.40682359881205316, 'pd_after': 0.3902937627108905, 'delta': -0.016529836101162654}"
0.6444669914392602,0.2917858256222017,1403.0,263.82900545625546,20000.0,0.15,36.0,8736.170994543745,credit,"[('cat__other_payment_plans_none', -0.6248186604287902), ('num__installment_commitment', 0.5743042004776964), ('cat__checking_status_<0', 0.5232774123312848)]","{'feature': 'credit_amount', 'from': 1403, 'to': 701.5, 'pd_before': 0.6444669914392602, 'pd_after': 0.6257685679374366, 'delta': -0.018698423501823602}"
0.4635831390181978,0.2281973318884889,1282.0,135.62077422439222,20000.0,0.15,36.0,8864.379225775609,credit,"[('num__installment_commitment', 1.1486084009553927), ('num__duration', 0.6842398507808253), ('cat__other_payment_plans_none', -0.6248186604287902)]","{'feature': 'credit_amount', 'from': 1282, 'to': 641.0, 'pd_before': 0.46358313901819787, 'pd_after': 0.4453034258258713, 'delta': -0.018279713192326574}"
0.0265631759231899,0.1563458324116621,2424.0,10.066973447329552,20000.0,0.15,36.0,8989.93302655267,credit,"[('num__installment_commitment', 1.1486084009553927), ('cat__checking_status_no checking', -1.0176603432442761), ('cat__credit_history_critical/other existing credit', -0.9320508917489864)]","{'feature': 'credit_amount', 'from': 2424, 'to': 1212.0, 'pd_before': 0.02656317592318997, 'pd_after': 0.023186322615090186, 'delta': -0.0033768533080997844}"
0.7706499736559297,0.1456336540035474,8072.0,905.9413181267352,20000.0,0.15,36.0,8094.058681873265,cashflow,"[('num__credit_amount', 0.9285885501830551), ('num__duration', 0.8552998134760316), ('cat__personal_status_male single', -0.6625914811599087)]","{'feature': 'credit_amount', 'from': 8072, 'to': 4036.0, 'pd_before': 0.7706499736559296, 'pd_after': 0.6786752995264146, 'delta': -0.09197467412951499}"
0.5545154435014732,0.3281252531586547,12579.0,2288.7555945933723,,,,,credit,"[('num__credit_amount', 1.447065829131894), ('num__installment_commitment', 1.1486084009553927), ('cat__purpose_used car', -0.9813482536491334)]","{'feature': 'credit_amount', 'from': 12579, 'to': 6289.5, 'pd_before': 0.5545154435014732, 'pd_after': 0.3764600655928174, 'delta': -0.17805537790865578}"
0.0711693318255533,0.313299117387217,3430.0,76.47970074172457,20000.0,0.15,36.0,8923.520299258276,credit,"[('cat__checking_status_no checking', -1.0176603432442761), ('num__installment_commitment', 0.8614563007165446), ('num__duration', 0.6842398507808253)]","{'feature': 'credit_amount', 'from': 3430, 'to': 1715.0, 'pd_before': 0.07116933182555334, 'pd_after': 0.059180733662242274, 'delta': -0.011988598163311062}"
0.0763368159679932,0.3289442076206118,2134.0,53.58592104282083,20000.0,0.15,36.0,8946.41407895718,credit,"[('num__installment_commitment', 1.1486084009553927), ('cat__checking_status_no checking', -1.0176603432442761), ('cat__credit_history_critical/other existing credit', -0.9320508917489864)]","{'feature': 'credit_amount', 'from': 2134, 'to': 1067.0, 'pd_before': 0.07633681596799317, 'pd_after': 0.0681196992064106, 'delta': -0.008217116761582571}"
0.1848696589732869,0.1635722433179325,2647.0,80.04407519063746,20000.0,0.15,36.0,8919.955924809363,credit,"[('cat__personal_status_male single', -0.6625914811599087), ('cat__other_payment_plans_none', -0.6248186604287902), ('num__installment_commitment', 0.5743042004776964)]","{'feature': 'credit_amount', 'from': 2647, 'to': 1323.5, 'pd_before': 0.184869658973287, 'pd_after': 0.16301688838068742, 'delta': -0.021852770592599574}"
0.1798278951610036,0.4130549545949253,2241.0,166.45879768128037,20000.0,0.15,36.0,8833.54120231872,cashflow,"[('cat__credit_history_critical/other existing credit', -0.9320508917489864), ('cat__foreign_worker_no', -0.8004849231861298), ('cat__personal_status_male single', -0.6625914811599087)]","{'feature': 'credit_amount', 'from': 2241, 'to': 1120.5, 'pd_before': 0.17982789516100364, 'pd_after': 0.16159415930325544, 'delta': -0.018233735857748207}"
0.053497153767683,0.1129333196385823,1804.0,10.89906654382506,20000.0,0.15,36.0,8989.100933456175,cashflow,"[('cat__purpose_used car', -0.9813482536491334), ('cat__credit_history_critical/other existing credit', -0.9320508917489864), ('num__installment_commitment', 0.8614563007165446)]","{'feature': 'credit_amount', 'from': 1804, 'to': 902.0, 'pd_before': 0.05349715376768309, 'pd_after': 0.04847997045844459, 'delta': -0.005017183309238497}"
0.0080814046022636,0.3648103431760136,2069.0,6.099784391646465,20000.0,0.15,36.0,8993.900215608353,credit,"[('cat__checking_status_no checking', -1.0176603432442761), ('cat__credit_history_critical/other existing credit', -0.9320508917489864), ('cat__foreign_worker_no', -0.8004849231861298)]","{'feature': 'credit_amount', 'from': 2069, 'to': 1034.5, 'pd_before': 0.008081404602263663, 'pd_after': 0.007181194852740041, 'delta': -0.0009002097495236219}"
0.2163607966362663,0.2989206613643368,1374.0,88.86305487033901,20000.0,0.15,36.0,8911.136945129661,credit,"[('cat__personal_status_male single', -0.6625914811599087), ('cat__checking_status_<0', 0.5232774123312848), ('cat__savings_status_<100', 0.5049896871194027)]","{'feature': 'credit_amount', 'from': 1374, 'to': 687.0, 'pd_before': 0.21636079663626637, 'pd_after': 0.2032615949193138, 'delta': -0.013099201716952558}"
0.2051925795527245,0.09624516671128,426.0,8.41298625548904,20000.0,0.15,36.0,8991.58701374451,credit,"[('num__installment_commitment', 1.1486084009553927), ('cat__checking_status_no checking', -1.0176603432442761), ('cat__other_payment_plans_none', -0.6248186604287902)]","{'feature': 'credit_amount', 'from': 426, 'to': 213.0, 'pd_before': 0.20519257955272457, 'pd_after': 0.20122525411900083, 'delta': -0.003967325433723745}"
0.1496284257918477,0.395987313395504,409.0,24.233641959797147,20000.0,0.15,36.0,8975.766358040202,credit,"[('num__installment_commitment', 0.8614563007165446), ('cat__other_payment_plans_none', -0.6248186604287902), ('cat__savings_status_>=1000', -0.5917619242751514)]","{'feature': 'credit_amount', 'from': 409, 'to': 204.5, 'pd_before': 0.14962842579184776, 'pd_after': 0.14665967723937476, 'delta': -0.002968748552473005}"
0.1043344877809384,0.2534905460037905,2415.0,63.87145215319741,20000.0,0.15,36.0,8936.128547846803,credit,"[('num__installment_commitment', 0.8614563007165446), ('cat__personal_status_male single', -0.6625914811599087), ('cat__other_parties_guarantor', -0.6376122101131426)]","{'feature': 'credit_amount', 'from': 2415, 'to': 1207.5, 'pd_before': 0.10433448778093853, 'pd_after': 0.09204863626338355, 'delta': -0.012285851517554972}"
0.8041181335214315,0.6281818928514328,6836.0,3453.0854363461463,,,,,credit,"[('num__duration', 1.7105996269520631), ('num__installment_commitment', 0.8614563007165446), ('num__credit_amount', 0.7864013043918935)]","{'feature': 'credit_amount', 'from': 6836, 'to': 3418.0, 'pd_before': 0.8041181335214315, 'pd_after': 0.7347843493750145, 'delta': -0.069333784146417}"
0.2309719410518603,0.2266191408318593,1913.0,100.13151400802168,20000.0,0.15,36.0,8899.868485991978,cashflow,"[('num__installment_commitment', 0.8614563007165446), ('cat__savings_status_>=1000', -0.5917619242751514), ('num__duration', 0.513179888085619)]","{'feature': 'credit_amount', 'from': 1913, 'to': 956.5, 'pd_before': 0.2309719410518604, 'pd_after': 0.21200777365914728, 'delta': -0.018964167392713116}"
0.5192936226344008,0.5606250264600108,4020.0,1170.3385837383018,20000.0,0.15,36.0,7829.661416261698,credit,"[('num__duration', 0.6842398507808253), ('cat__personal_status_male single', -0.6625914811599087), ('num__installment_commitment', 0.5743042004776964)]","{'feature': 'credit_amount', 'from': 4020, 'to': 2010.0, 'pd_before': 0.5192936226344008, 'pd_after': 0.4615724286615871, 'delta': -0.05772119397281372}"
0.3018243859719934,0.1640564553357773,5866.0,290.46225736665053,20000.0,0.15,36.0,8709.537742633349,credit,"[('num__credit_amount', 0.6748142263842667), ('cat__personal_status_male single', -0.6625914811599087), ('cat__other_payment_plans_none', -0.6248186604287902)]","{'feature': 'credit_amount', 'from': 5866, 'to': 2933.0, 'pd_before': 0.30182438597199346, 'pd_after': 0.23576632464426475, 'delta': -0.0660580613277287}"
0.0519197702628567,0.0688624480669468,1264.0,4.519207618984463,20000.0,0.15,36.0,8995.480792381015,credit,"[('num__installment_commitment', 1.1486084009553927), ('cat__checking_status_no checking', -1.0176603432442761), ('cat__credit_history_critical/other existing credit', -0.9320508917489864)]","{'feature': 'credit_amount', 'from': 1264, 'to': 632.0, 'pd_before': 0.05191977026285678, 'pd_after': 0.04845535998228466, 'delta': -0.003464410280572122}"
0.4997863416720638,0.5079425083905975,1474.0,374.1936611431475,20000.0,0.15,36.0,8625.806338856852,cashflow,"[('num__installment_commitment', 1.1486084009553927), ('cat__savings_status_<100', 0.5049896871194027), ('cat__own_telephone_yes', -0.48588636629150395)]","{'feature': 'credit_amount', 'from': 1474, 'to': 737.0, 'pd_before': 0.49978634167206387, 'pd_after': 0.47860362360620917, 'delta': -0.0211827180658547}"
0.5173939552424143,0.0462507704505868,4746.0,113.57115854185518,20000.0,0.15,36.0,8886.428841458144,cashflow,"[('num__duration', 1.2829497202140474), ('num__installment_commitment', 1.1486084009553927), ('cat__credit_history_critical/other existing credit', -0.9320508917489864)]","{'feature': 'credit_amount', 'from': 4746, 'to': 2373.0, 'pd_before': 0.5173939552424144, 'pd_after': 0.4493290932033601, 'delta': -0.06806486203905426}"
0.3969794686967173,0.1189372883745781,6110.0,288.4876920531982,20000.0,0.15,36.0,8711.512307946801,credit,"[('num__duration', 1.3684797015616506), ('cat__checking_status_no checking', -1.0176603432442761), ('cat__credit_history_critical/other existing credit', -0.9320508917489864)]","{'feature': 'credit_amount', 'from': 6110, 'to': 3055.0, 'pd_before': 0.39697946869671746, 'pd_after': 0.31658544623075363, 'delta': -0.08039402246596383}"
0.3531997744268741,0.4358033211641459,2100.0,323.2438329322838,20000.0,0.15,36.0,8676.756167067717,credit,"[('num__installment_commitment', 1.1486084009553927), ('cat__personal_status_male single', -0.6625914811599087), ('num__duration', 0.513179888085619)]","{'feature': 'credit_amount', 'from': 2100, 'to': 1050.0, 'pd_before': 0.35319977442687417, 'pd_after': 0.32611843073263164, 'delta': -0.027081343694242532}"
0.0952724465803236,0.2439252486299304,1225.0,28.468210144116835,20000.0,0.15,36.0,8971.531789855882,credit,"[('cat__personal_status_male single', -0.6625914811599087), ('cat__other_payment_plans_none', -0.6248186604287902), ('num__installment_commitment', 0.5743042004776964)]","{'feature': 'credit_amount', 'from': 1225, 'to': 612.5, 'pd_before': 0.09527244658032366, 'pd_after': 0.0893697959782313, 'delta': -0.0059026506020923575}"
0.1824555245881597,0.2768931445268666,458.0,23.138473244297668,20000.0,0.15,36.0,8976.861526755702,credit,"[('num__installment_commitment', 1.1486084009553927), ('cat__personal_status_male single', -0.6625914811599087), ('cat__other_payment_plans_none', -0.6248186604287902)]","{'feature': 'credit_amount', 'from': 458, 'to': 229.0, 'pd_before': 0.18245552458815975, 'pd_after': 0.17855876821448782, 'delta': -0.003896756373671928}"
0.1856273576210452,0.479835745865537,2333.0,207.8018068461347,20000.0,0.15,36.0,8792.198193153865,credit,"[('num__installment_commitment', 1.1486084009553927), ('cat__checking_status_no checking', -1.0176603432442761), ('num__duration', 0.8552998134760316)]","{'feature': 'credit_amount', 'from': 2333, 'to': 1166.5, 'pd_before': 0.18562735762104537, 'pd_after': 0.16619068106937926, 'delta': -0.019436676551666116}"
0.2045743241232777,0.4232122092470457,1158.0,100.25773123088806,20000.0,0.15,36.0,8899.742268769112,credit,"[('num__installment_commitment', 0.8614563007165446), ('cat__other_payment_plans_none', -0.6248186604287902), ('cat__own_telephone_yes', -0.48588636629150395)]","{'feature': 'credit_amount', 'from': 1158, 'to': 579.0, 'pd_before': 0.20457432412327775, 'pd_after': 0.19394877891301507, 'delta': -0.010625545210262682}"
0.3203724225997416,0.2031280864899692,6204.0,403.7354569830832,20000.0,0.15,36.0,8596.264543016916,credit,"[('num__credit_amount', 0.7136971463498109), ('cat__personal_status_male single', -0.6625914811599087), ('cat__other_payment_plans_none', -0.6248186604287902)]","{'feature': 'credit_amount', 'from': 6204, 'to': 3102.0, 'pd_before': 0.32037242259974164, 'pd_after': 0.24807426576962732, 'delta': -0.07229815683011431}"
0.182018628790985,0.0528972644074069,6187.0,59.570214974283445,20000.0,0.15,36.0,8940.429785025717,credit,"[('cat__purpose_used car', -0.9813482536491334), ('cat__credit_history_critical/other existing credit', -0.9320508917489864), ('num__duration', 0.8552998134760316)]","{'feature': 'credit_amount', 'from': 6187, 'to': 3093.5, 'pd_before': 0.18201862879098507, 'pd_after': 0.1348661682646138, 'delta': -0.04715246052637126}"
0.7049459860341082,0.1579292925595919,6143.0,683.910146986538,20000.0,0.15,36.0,8316.089853013462,credit,"[('num__duration', 1.3684797015616506), ('num__installment_commitment', 1.1486084009553927), ('cat__purpose_used car', -0.9813482536491334)]","{'feature': 'credit_amount', 'from': 6143, 'to': 3071.5, 'pd_before': 0.7049459860341082, 'pd_after': 0.626591738822828, 'delta': -0.07835424721128015}"
0.1973521939850429,0.1738917440626457,1393.0,47.80485866886165,20000.0,0.15,36.0,8952.195141331138,cashflow,"[('num__installment_commitment', 1.1486084009553927), ('cat__checking_status_no checking', -1.0176603432442761), ('cat__credit_history_critical/other existing credit', -0.9320508917489864)]","{'feature': 'credit_amount', 'from': 1393, 'to': 696.5, 'pd_before': 0.19735219398504303, 'pd_after': 0.18496714294100383, 'delta': -0.012385051044039197}"
0.114328036249135,0.4552325047221421,2299.0,119.6533822555108,20000.0,0.15,36.0,8880.34661774449,credit,"[('num__installment_commitment', 1.1486084009553927), ('num__duration', 1.026359776171238), ('cat__checking_status_no checking', -1.0176603432442761)]","{'feature': 'credit_amount', 'from': 2299, 'to': 1149.5, 'pd_before': 0.11432803624913508, 'pd_after': 0.10160553320749685, 'delta': -0.01272250304163823}"
0.1411584313819215,0.5640587698096096,1352.0,107.6484723595872,20000.0,0.15,36.0,8892.351527640412,cashflow,"[('cat__purpose_used car', -0.9813482536491334), ('cat__other_payment_plans_none', -0.6248186604287902), ('cat__checking_status_<0', 0.5232774123312848)]","{'feature': 'credit_amount', 'from': 1352, 'to': 676.0, 'pd_before': 0.14115843138192147, 'pd_after': 0.13199110578476453, 'delta': -0.009167325597156939}"
0.082786301917195,0.0891963095494814,7228.0,53.37323332143672,20000.0,0.15,36.0,8946.626766678562,credit,"[('cat__checking_status_no checking', -1.0176603432442761), ('cat__credit_history_critical/other existing credit', -0.9320508917489864), ('num__credit_amount', 0.8314962884939447)]","{'feature': 'credit_amount', 'from': 7228, 'to': 3614.0, 'pd_before': 0.08278630191719513, 'pd_after': 0.056209097559830376, 'delta': -0.026577204357364756}"
0.1488341344585612,0.2339890354013085,2073.0,72.19337666913734,20000.0,0.15,36.0,8927.806623330862,credit,"[('num__installment_commitment', 1.1486084009553927), ('cat__checking_status_no checking', -1.0176603432442761), ('cat__other_payment_plans_none', -0.6248186604287902)]","{'feature': 'credit_amount', 'from': 2073, 'to': 1036.5, 'pd_before': 0.1488341344585612, 'pd_after': 0.1343524066079904, 'delta': -0.014481727850570808}"
0.4127852524343742,0.5450425599776015,2333.0,524.8912431413717,20000.0,0.15,36.0,8475.108756858628,cashflow,"[('num__installment_commitment', 1.1486084009553927), ('num__duration', 0.6842398507808253), ('cat__personal_status_male single', -0.6625914811599087)]","{'feature': 'credit_amount', 'from': 2333, 'to': 1166.5, 'pd_before': 0.4127852524343742, 'pd_after': 0.38068183455684323, 'delta': -0.03210341787753096}"
0.1330940020098381,0.2092531689413234,5965.0,166.12728816678154,20000.0,0.15,36.0,8833.872711833219,credit,"[('cat__purpose_used car', -0.9813482536491334), ('num__duration', 0.7697698321284284), ('num__credit_amount', 0.6862030106345296)]","{'feature': 'credit_amount', 'from': 5965, 'to': 2982.5, 'pd_before': 0.13309400200983815, 'pd_after': 0.0982363281757166, 'delta': -0.03485767383412154}"
0.0734641331017784,0.3996442644059915,1262.0,37.05171352530935,20000.0,0.15,36.0,8962.948286474691,credit,"[('cat__checking_status_no checking', -1.0176603432442761), ('num__installment_commitment', 0.8614563007165446), ('cat__personal_status_male single', -0.6625914811599087)]","{'feature': 'credit_amount', 'from': 1262, 'to': 631.0, 'pd_before': 0.0734641331017785, 'pd_after': 0.06867362467243442, 'delta': -0.004790508429344087}"
0.0103323674775023,0.3734145063194637,3378.0,13.033188432641737,20000.0,0.15,36.0,8986.966811567358,credit,"[('cat__checking_status_no checking', -1.0176603432442761), ('cat__purpose_used car', -0.9813482536491334), ('cat__personal_status_male single', -0.6625914811599087)]","{'feature': 'credit_amount', 'from': 3378, 'to': 1689.0, 'pd_before': 0.010332367477502399, 'pd_after': 0.008523338670548618, 'delta': -0.0018090288069537806}"
0.7534983506538264,0.3619444339374875,2225.0,606.812088150511,20000.0,0.15,36.0,8393.187911849489,credit,"[('num__installment_commitment', 1.1486084009553927), ('num__duration', 1.026359776171238), ('cat__personal_status_male single', -0.6625914811599087)]","{'feature': 'credit_amount', 'from': 2225, 'to': 1112.5, 'pd_before': 0.7534983506538265, 'pd_after': 0.7289650718276431, 'delta': -0.02453327882618339}"
0.035231715230867,0.2160429906448934,783.0,5.959855492112175,20000.0,0.15,36.0,8994.040144507888,credit,"[('cat__checking_status_no checking', -1.0176603432442761), ('cat__personal_status_male single', -0.6625914811599087), ('cat__other_parties_guarantor', -0.6376122101131426)]","{'feature': 'credit_amount', 'from': 783, 'to': 391.5, 'pd_before': 0.03523171523086708, 'pd_after': 0.033732506727785085, 'delta': -0.0014992085030819946}"
0.1371010525802735,0.1251097830076319,6468.0,110.9435532458038,20000.0,0.15,36.0,8889.056446754197,cashflow,"[('num__credit_amount', 0.7440672376838454), ('cat__personal_status_male single', -0.6625914811599087), ('cat__other_payment_plans_none', -0.6248186604287902)]","{'feature': 'credit_amount', 'from': 6468, 'to': 3234.0, 'pd_before': 0.13710105258027352, 'pd_after': 0.09871247929267955, 'delta': -0.03838857328759397}"
0.3068758470438033,0.2673022690010052,9566.0,784.6856853302169,20000.0,0.15,36.0,8215.314314669784,credit,"[('num__credit_amount', 1.1004556579597502), ('num__duration', 1.026359776171238), ('cat__checking_status_no checking', -1.0176603432442761)]","{'feature': 'credit_amount', 'from': 9566, 'to': 4783.0, 'pd_before': 0.30687584704380333, 'pd_after': 0.20342989278532408, 'delta': -0.10344595425847924}"
0.4520711811535095,0.3925602709342212,1961.0,348.0092284814983,20000.0,0.15,36.0,8651.990771518502,credit,"[('num__installment_commitment', 0.8614563007165446), ('cat__other_payment_plans_none', -0.6248186604287902), ('num__duration', 0.513179888085619)]","{'feature': 'credit_amount', 'from': 1961, 'to': 980.5, 'pd_before': 0.4520711811535097, 'pd_after': 0.4243110464112419, 'delta': -0.027760134742267795}"
0.9251963093522872,0.0512873041476746,6229.0,295.57118589806004,20000.0,0.15,36.0,8704.42881410194,cashflow,"[('num__installment_commitment', 1.1486084009553927), ('num__duration', 1.026359776171238), ('cat__credit_history_critical/other existing credit', -0.9320508917489864)]","{'feature': 'credit_amount', 'from': 6229, 'to': 3114.5, 'pd_before': 0.9251963093522869, 'pd_after': 0.8963073521235031, 'delta': -0.028888957228783818}"
0.2620797287553784,0.6816644924045036,1391.0,248.50276937271917,20000.0,0.15,36.0,8751.497230627281,credit,"[('num__installment_commitment', 0.5743042004776964), ('cat__savings_status_<100', 0.5049896871194027), ('cat__own_telephone_yes', -0.48588636629150395)]","{'feature': 'credit_amount', 'from': 1391, 'to': 695.5, 'pd_before': 0.26207972875537844, 'pd_after': 0.24690344361678246, 'delta': -0.01517628513859598}"
0.0219494508542268,0.0242111501000588,1537.0,0.8167947674904111,20000.0,0.15,36.0,8999.18320523251,credit,"[('num__installment_commitment', 1.1486084009553927), ('cat__credit_history_critical/other existing credit', -0.9320508917489864), ('cat__personal_status_male single', -0.6625914811599087)]","{'feature': 'credit_amount', 'from': 1537, 'to': 768.5, 'pd_before': 0.021949450854226834, 'pd_after': 0.020129656015824303, 'delta': -0.001819794838402531}"
0.510362526371166,0.0415054279709138,1953.0,41.37003784606854,20000.0,0.15,36.0,8958.629962153931,credit,"[('num__installment_commitment', 1.1486084009553927), ('num__duration', 1.026359776171238), ('cat__personal_status_male single', -0.6625914811599087)]","{'feature': 'credit_amount', 'from': 1953, 'to': 976.5, 'pd_before': 0.510362526371166, 'pd_after': 0.4822877184299707, 'delta': -0.028074807941195268}"
0.7770778940448922,0.1151992124158375,14421.0,1290.950057857076,20000.0,0.15,36.0,7709.049942142925,credit,"[('num__credit_amount', 1.6589662391216349), ('num__duration', 1.3684797015616506), ('cat__personal_status_male single', -0.6625914811599087)]","{'feature': 'credit_amount', 'from': 14421, 'to': 7210.5, 'pd_before': 0.7770778940448922, 'pd_after': 0.6033001933302926, 'delta': -0.17377770071459964}"
0.2520043046702317,0.1945537538961284,3181.0,155.95928782308715,20000.0,0.15,36.0,8844.040712176913,cashflow,"[('num__installment_commitment', 1.1486084009553927), ('cat__checking_status_no checking', -1.0176603432442761), ('num__duration', 0.6842398507808253)]","{'feature': 'credit_amount', 'from': 3181, 'to': 1590.5, 'pd_before': 0.25200430467023166, 'pd_after': 0.21909991512673557, 'delta': -0.03290438954349609}"
0.1859535441168986,0.2644859660044401,5190.0,255.2551132606004,20000.0,0.15,36.0,8744.7448867394,credit,"[('num__installment_commitment', 1.1486084009553927), ('cat__checking_status_no checking', -1.0176603432442761), ('num__duration', 0.7697698321284284)]","{'feature': 'credit_amount', 'from': 5190, 'to': 2595.0, 'pd_before': 0.18595354411689868, 'pd_after': 0.14491608630819747, 'delta': -0.041037457808701217}"
0.2637766653153178,0.2562274533820433,2171.0,146.73099320052793,20000.0,0.15,36.0,8853.269006799472,cashflow,"[('cat__checking_status_no checking', -1.0176603432442761), ('num__installment_commitment', 0.5743042004776964), ('cat__savings_status_<100', 0.5049896871194027)]","{'feature': 'credit_amount', 'from': 2171, 'to': 1085.5, 'pd_before': 0.2637766653153177, 'pd_after': 0.24025084964459376, 'delta': -0.023525815670723926}"
0.2153091032777269,0.2816921886346191,1007.0,61.075448783006976,20000.0,0.15,36.0,8938.924551216993,credit,"[('num__installment_commitment', 1.1486084009553927), ('cat__other_payment_plans_none', -0.6248186604287902), ('cat__savings_status_>=1000', -0.5917619242751514)]","{'feature': 'credit_amount', 'from': 1007, 'to': 503.5, 'pd_before': 0.21530910327772712, 'pd_after': 0.20568455835296087, 'delta': -0.009624544924766248}"
0.5068948058954613,0.1675970800258551,1819.0,154.53148852465222,20000.0,0.15,36.0,8845.468511475348,credit,"[('num__installment_commitment', 1.1486084009553927), ('num__duration', 1.026359776171238), ('cat__checking_status_no checking', -1.0176603432442761)]","{'feature': 'credit_amount', 'from': 1819, 'to': 909.5, 'pd_before': 0.5068948058954612, 'pd_after': 0.4807479492327672, 'delta': -0.026146856662694007}"
0.1195648211009442,0.5912049948167846,2394.0,169.22544273757296,20000.0,0.15,36.0,8830.774557262426,credit,"[('num__installment_commitment', 1.1486084009553927), ('num__duration', 1.026359776171238), ('cat__checking_status_no checking', -1.0176603432442761)]","{'feature': 'credit_amount', 'from': 2394, 'to': 1197.0, 'pd_before': 0.11956482110094432, 'pd_after': 0.10581140467014956, 'delta': -0.013753416430794765}"
0.2691841309022326,0.2075038000476483,8133.0,454.2827856978351,20000.0,0.15,36.0,8545.717214302165,credit,"[('num__duration', 1.026359776171238), ('cat__checking_status_no checking', -1.0176603432442761), ('cat__purpose_used car', -0.9813482536491334)]","{'feature': 'credit_amount', 'from': 8133, 'to': 4066.5, 'pd_before': 0.26918413090223275, 'pd_after': 0.18746469473267677, 'delta': -0.08171943616955599}"
0.0186483842676445,0.2534565892364103,730.0,3.450385786010404,20000.0,0.15,36.0,8996.54961421399,credit,"[('num__installment_commitment', 1.1486084009553927), ('cat__checking_status_no checking', -1.0176603432442761), ('cat__credit_history_critical/other existing credit', -0.9320508917489864)]","{'feature': 'credit_amount', 'from': 730, 'to': 365.0, 'pd_before': 0.018648384267644584, 'pd_after': 0.01789529205554941, 'delta': -0.0007530922120951751}"
0.2936797337001788,0.1031329917598646,1164.0,35.2553129628811,20000.0,0.15,36.0,8964.744687037119,credit,"[('cat__credit_history_critical/other existing credit', -0.9320508917489864), ('num__installment_commitment', 0.8614563007165446), ('cat__personal_status_male single', -0.6625914811599087)]","{'feature': 'credit_amount', 'from': 1164, 'to': 582.0, 'pd_before': 0.29367973370017875, 'pd_after': 0.27998597386207796, 'delta': -0.013693759838100783}"
0.4496917516393758,0.2412287283606069,5954.0,645.881402220821,20000.0,0.15,36.0,8354.11859777918,credit,"[('num__duration', 1.1974197388664443), ('cat__credit_history_critical/other existing credit', -0.9320508917489864), ('num__credit_amount', 0.6849375901622782)]","{'feature': 'credit_amount', 'from': 5954, 'to': 2977.0, 'pd_before': 0.44969175163937586, 'pd_after': 0.36716810662981303, 'delta': -0.08252364500956283}"
0.5901688600958015,0.5120450375439777,1977.0,597.4356324192064,20000.0,0.15,36.0,8402.564367580793,credit,"[('num__installment_commitment', 1.1486084009553927), ('num__duration', 1.026359776171238), ('cat__purpose_education', 0.8570681585031974)]","{'feature': 'credit_amount', 'from': 1977, 'to': 988.5, 'pd_before': 0.5901688600958017, 'pd_after': 0.5624098698146113, 'delta': -0.027758990281190443}"
0.1233704677584259,0.5349037096546614,1526.0,100.70275564123038,20000.0,0.15,36.0,8899.29724435877,credit,"[('num__installment_commitment', 1.1486084009553927), ('cat__purpose_used car', -0.9813482536491334), ('cat__credit_history_critical/other existing credit', -0.9320508917489864)]","{'feature': 'credit_amount', 'from': 1526, 'to': 763.0, 'pd_before': 0.123370467758426, 'pd_after': 0.11418715487524042, 'delta': -0.00918331288318558}"
0.6864962478278237,0.4259009638056911,3965.0,1159.2843749194826,20000.0,0.15,36.0,7840.715625080517,cashflow,"[('num__duration', 1.1974197388664443), ('num__installment_commitment', 1.1486084009553927), ('cat__personal_status_male single', -0.6625914811599087)]","{'feature': 'credit_amount', 'from': 3965, 'to': 1982.5, 'pd_before': 0.6864962478278237, 'pd_after': 0.6354630784064131, 'delta': -0.05103316942141056}"
0.1166799950490427,0.2852554767664321,4771.0,158.79609193984635,20000.0,0.15,36.0,8841.203908060153,credit,"[('cat__employment_4<=X<7', -0.6656808424310587), ('cat__personal_status_male single', -0.6625914811599087), ('cat__other_payment_plans_none', -0.6248186604287902)]","{'feature': 'credit_amount', 'from': 4771, 'to': 2385.5, 'pd_before': 0.11667999504904272, 'pd_after': 0.09123266321487894, 'delta': -0.025447331834163783}"
0.169106673878645,0.247872482923335,9436.0,395.5277847329359,20000.0,0.15,36.0,8604.472215267064,credit,"[('num__duration', 1.5395396642568568), ('num__credit_amount', 1.0855006887422334), ('cat__checking_status_no checking', -1.0176603432442761)]","{'feature': 'credit_amount', 'from': 9436, 'to': 4718.0, 'pd_before': 0.16910667387864511, 'pd_after': 0.10576754529321888, 'delta': -0.06333912858542623}"
0.548682136013074,0.4316679645245102,3832.0,907.6034551565108,20000.0,0.15,36.0,8092.396544843489,cashflow,"[('num__duration', 0.8552998134760316), ('cat__other_payment_plans_none', -0.6248186604287902), ('num__installment_commitment', 0.5743042004776964)]","{'feature': 'credit_amount', 'from': 3832, 'to': 1916.0, 'pd_before': 0.548682136013074, 'pd_after': 0.49373386771355127, 'delta': -0.05494826829952276}"
0.0611670099800564,0.1970520448002358,5943.0,71.63148053503882,20000.0,0.15,36.0,8928.36851946496,cashflow,"[('cat__checking_status_no checking', -1.0176603432442761), ('num__duration', 0.6842398507808253), ('num__credit_amount', 0.6836721696900268)]","{'feature': 'credit_amount', 'from': 5943, 'to': 2971.5, 'pd_before': 0.06116700998005647, 'pd_after': 0.04424049813778438, 'delta': -0.01692651184227209}"
0.0616931402316898,0.3751780675944272,1213.0,28.07599263391633,20000.0,0.15,36.0,8971.924007366084,credit,"[('num__installment_commitment', 1.1486084009553927), ('cat__checking_status_no checking', -1.0176603432442761), ('cat__personal_status_male single', -0.6625914811599087)]","{'feature': 'credit_amount', 'from': 1213, 'to': 606.5, 'pd_before': 0.06169314023168985, 'pd_after': 0.05777570590623075, 'delta': -0.0039174343254591015}"
0.1989231684770105,0.3060730224229472,1568.0,95.46770415614978,20000.0,0.15,36.0,8904.53229584385,credit,"[('cat__checking_status_no checking', -1.0176603432442761), ('num__installment_commitment', 0.8614563007165446), ('cat__other_payment_plans_none', -0.6248186604287902)]","{'feature': 'credit_amount', 'from': 1568, 'to': 784.0, 'pd_before': 0.19892316847701058, 'pd_after': 0.18494031865182153, 'delta': -0.013982849825189048}"
0.3162772057184302,0.3032476850400507,1755.0,168.3226299661625,20000.0,0.15,36.0,8831.677370033838,credit,"[('num__installment_commitment', 1.1486084009553927), ('num__duration', 0.6842398507808253), ('cat__other_parties_guarantor', -0.6376122101131426)]","{'feature': 'credit_amount', 'from': 1755, 'to': 877.5, 'pd_before': 0.3162772057184302, 'pd_after': 0.29486335858428786, 'delta': -0.02141384713414235}"
0.2368004543882192,0.4844655745441228,2315.0,265.5806618540579,20000.0,0.15,36.0,8734.419338145943,credit,"[('num__installment_commitment', 0.8614563007165446), ('cat__personal_status_male single', -0.6625914811599087), ('cat__other_payment_plans_none', -0.6248186604287902)]","{'feature': 'credit_amount', 'from': 2315, 'to': 1157.5, 'pd_before': 0.23680045438821934, 'pd_after': 0.21358354121164488, 'delta': -0.023216913176574455}"
0.0352802000560719,0.0909726473350932,1412.0,4.531860875028948,20000.0,0.15,36.0,8995.46813912497,credit,"[('num__installment_commitment', 1.1486084009553927), ('cat__checking_status_no checking', -1.0176603432442761), ('cat__credit_history_critical/other existing credit', -0.9320508917489864)]","{'feature': 'credit_amount', 'from': 1412, 'to': 706.0, 'pd_before': 0.035280200056071936, 'pd_after': 0.032617886057073775, 'delta': -0.0026623139989981615}"
0.4044425211814642,0.325338840592838,1295.0,170.39721490127036,20000.0,0.15,36.0,8829.60278509873,cashflow,"[('num__installment_commitment', 1.1486084009553927), ('cat__credit_history_critical/other existing credit', -0.9320508917489864), ('cat__other_payment_plans_none', -0.6248186604287902)]","{'feature': 'credit_amount', 'from': 1295, 'to': 647.5, 'pd_before': 0.40444252118146423, 'pd_after': 0.3866358458763802, 'delta': -0.017806675305084008}"
0.7061051678527522,0.6046215741333603,12612.0,5384.3959849615685,,,,,credit,"[('num__credit_amount', 1.4508620905486485), ('num__duration', 1.026359776171238), ('cat__purpose_education', 0.8570681585031974)]","{'feature': 'credit_amount', 'from': 12612, 'to': 6306.0, 'pd_before': 0.7061051678527522, 'pd_after': 0.5377060657397273, 'delta': -0.1683991021130249}"
0.325607157869811,0.2280829141057596,2249.0,167.02295076702077,20000.0,0.15,36.0,8832.977049232979,credit,"[('num__installment_commitment', 1.1486084009553927), ('cat__employment_4<=X<7', -0.6656808424310587), ('cat__personal_status_male single', -0.6625914811599087)]","{'feature': 'credit_amount', 'from': 2249, 'to': 1124.5, 'pd_before': 0.3256071578698111, 'pd_after': 0.29786576762125366, 'delta': -0.02774139024855743}"
0.5242146367098319,0.311867577054864,1108.0,181.1419878569893,20000.0,0.15,36.0,8818.858012143011,credit,"[('num__installment_commitment', 1.1486084009553927), ('cat__employment_4<=X<7', -0.6656808424310587), ('cat__personal_status_male single', -0.6625914811599087)]","{'feature': 'credit_amount', 'from': 1108, 'to': 554.0, 'pd_before': 0.5242146367098319, 'pd_after': 0.5083000377066362, 'delta': -0.015914599003195695}"
0.0311837330961628,0.2734769530034875,618.0,5.270323967835012,20000.0,0.15,36.0,8994.729676032164,credit,"[('num__installment_commitment', 1.1486084009553927), ('cat__checking_status_no checking', -1.0176603432442761), ('cat__credit_history_critical/other existing credit', -0.9320508917489864)]","{'feature': 'credit_amount', 'from': 618, 'to': 309.0, 'pd_before': 0.031183733096162878, 'pd_after': 0.030127530185477546, 'delta': -0.0010562029106853318}"
0.081385666530792,0.2110590569314686,1409.0,24.20264947425069,20000.0,0.15,36.0,8975.797350525749,credit,"[('num__installment_commitment', 1.1486084009553927), ('cat__purpose_used car', -0.9813482536491334), ('cat__credit_history_critical/other existing credit', -0.9320508917489864)]","{'feature': 'credit_amount', 'from': 1409, 'to': 704.5, 'pd_before': 0.08138566653079202, 'pd_after': 0.07552853633339825, 'delta': -0.00585713019739377}"
0.0763888599817007,0.0688168571848974,797.0,4.189702490498629,20000.0,0.15,36.0,8995.8102975095,credit,"[('num__installment_commitment', 1.1486084009553927), ('cat__checking_status_no checking', -1.0176603432442761), ('cat__credit_history_critical/other existing credit', -0.9320508917489864)]","{'feature': 'credit_amount', 'from': 797, 'to': 398.5, 'pd_before': 0.0763888599817008, 'pd_after': 0.07321664833965302, 'delta': -0.0031722116420477703}"
0.3806142450998862,0.1078420704249405,3617.0,148.46420748909256,20000.0,0.15,36.0,8851.535792510907,credit,"[('num__installment_commitment', 1.1486084009553927), ('cat__credit_history_critical/other existing credit', -0.9320508917489864), ('num__duration', 0.6842398507808253)]","{'feature': 'credit_amount', 'from': 3617, 'to': 1808.5, 'pd_before': 0.38061424509988634, 'pd_after': 0.33292427325581375, 'delta': -0.04768997184407259}"
0.1013593781646945,0.3749653616765385,1318.0,50.09224526675485,20000.0,0.15,36.0,8949.907754733245,credit,"[('num__installment_commitment', 1.1486084009553927), ('cat__personal_status_male single', -0.6625914811599087), ('cat__other_payment_plans_none', -0.6248186604287902)]","{'feature': 'credit_amount', 'from': 1318, 'to': 659.0, 'pd_before': 0.10135937816469447, 'pd_after': 0.09465983279480196, 'delta': -0.006699545369892507}"
0.9610102010286584,0.8163422381037169,15945.0,12509.063266562653,,,,,cashflow,"[('num__credit_amount', 1.834284493640834), ('num__duration', 1.5395396642568568), ('num__installment_commitment', 0.8614563007165446)]","{'feature': 'credit_amount', 'from': 15945, 'to': 7972.5, 'pd_before': 0.9610102010286584, 'pd_after': 0.9078400648713826, 'delta': -0.05317013615727584}"
0.0444830449064366,0.1235706324173978,2012.0,11.059557557771038,20000.0,0.15,36.0,8988.940442442228,credit,"[('num__installment_commitment', 1.1486084009553927), ('cat__checking_status_no checking', -1.0176603432442761), ('cat__credit_history_critical/other existing credit', -0.9320508917489864)]","{'feature': 'credit_amount', 'from': 2012, 'to': 1006.0, 'pd_before': 0.044483044906436606, 'pd_after': 0.039815358955878566, 'delta': -0.00466768595055804}"
0.2474263559661717,0.1408222075266004,2622.0,91.35867544753194,20000.0,0.15,36.0,8908.641324552467,credit,"[('num__installment_commitment', 1.1486084009553927), ('cat__personal_status_male single', -0.6625914811599087), ('cat__other_payment_plans_none', -0.6248186604287902)]","{'feature': 'credit_amount', 'from': 2622, 'to': 1311.0, 'pd_before': 0.24742635596617174, 'pd_after': 0.22042335279992342, 'delta': -0.02700300316624832}"
0.2208578004870341,0.3376316423258252,2337.0,174.2667758977451,20000.0,0.15,36.0,8825.733224102254,credit,"[('num__installment_commitment', 1.1486084009553927), ('num__duration', 1.026359776171238), ('cat__credit_history_critical/other existing credit', -0.9320508917489864)]","{'feature': 'credit_amount', 'from': 2337, 'to': 1168.5, 'pd_before': 0.22085780048703427, 'pd_after': 0.1985953475931045, 'delta': -0.02226245289392978}"
0.1755174001376463,0.3193693559984723,7057.0,395.5792814451678,20000.0,0.15,36.0,8604.420718554833,credit,"[('cat__purpose_used car', -0.9813482536491334), ('num__installment_commitment', 0.8614563007165446), ('num__credit_amount', 0.8118247520616724)]","{'feature': 'credit_amount', 'from': 7057, 'to': 3528.5, 'pd_before': 0.17551740013764636, 'pd_after': 0.12423419780370953, 'delta': -0.05128320233393682}"
0.3389298194874483,0.3747732665309403,1469.0,186.5950764582838,20000.0,0.15,36.0,8813.404923541717,credit,"[('num__installment_commitment', 1.1486084009553927), ('cat__checking_status_no checking', -1.0176603432442761), ('num__duration', 0.6842398507808253)]","{'feature': 'credit_amount', 'from': 1469, 'to': 734.5, 'pd_before': 0.33892981948744844, 'pd_after': 0.32026319715809226, 'delta': -0.018666622329356175}"
0.4468575739952308,0.3333872804976318,2323.0,346.0727146586633,20000.0,0.15,36.0,8653.927285341337,credit,"[('num__installment_commitment', 1.1486084009553927), ('num__duration', 1.026359776171238), ('cat__employment_4<=X<7', -0.6656808424310587)]","{'feature': 'credit_amount', 'from': 2323, 'to': 1161.5, 'pd_before': 0.446857573995231, 'pd_after': 0.41411192135824737, 'delta': -0.032745652636983646}"
0.0836427255210364,0.1673846552354745,932.0,13.04847417764212,20000.0,0.15,36.0,8986.951525822358,credit,"[('cat__checking_status_no checking', -1.0176603432442761), ('num__installment_commitment', 0.8614563007165446), ('cat__other_payment_plans_none', -0.6248186604287902)]","{'feature': 'credit_amount', 'from': 932, 'to': 466.0, 'pd_before': 0.08364272552103649, 'pd_after': 0.07962451655264494, 'delta': -0.004018208968391557}"
0.1181304665428573,0.2863602886983326,1919.0,64.9156911717969,20000.0,0.15,36.0,8935.084308828204,credit,"[('num__installment_commitment', 1.1486084009553927), ('cat__credit_history_critical/other existing credit', -0.9320508917489864), ('cat__employment_4<=X<7', -0.6656808424310587)]","{'feature': 'credit_amount', 'from': 1919, 'to': 959.5, 'pd_before': 0.11813046654285743, 'pd_after': 0.10710745713330778, 'delta': -0.011023009409549644}"
0.0318424566787495,0.3568342664170957,2445.0,27.78126279285597,20000.0,0.15,36.0,8972.218737207144,cashflow,"[('cat__checking_status_no checking', -1.0176603432442761), ('cat__purpose_used car', -0.9813482536491334), ('cat__other_payment_plans_none', -0.6248186604287902)]","{'feature': 'credit_amount', 'from': 2445, 'to': 1222.5, 'pd_before': 0.031842456678749534, 'pd_after': 0.0277810057736351, 'delta': -0.0040614509051144325}"
0.3542708610198187,0.5581949104795468,11938.0,2360.765662753384,,,,,credit,"[('num__credit_amount', 1.3733263270670604), ('cat__credit_history_critical/other existing credit', -0.9320508917489864), ('num__duration', 0.6842398507808253)]","{'feature': 'credit_amount', 'from': 11938, 'to': 5969.0, 'pd_before': 0.35427086101981886, 'pd_after': 0.21636415718750573, 'delta': -0.13790670383231313}"
0.5916136186981761,0.2406864018990516,6458.0,919.576274958764,20000.0,0.15,36.0,8080.423725041236,credit,"[('cat__checking_status_no checking', -1.0176603432442761), ('num__credit_amount', 0.7429168554363441), ('cat__personal_status_male single', -0.6625914811599087)]","{'feature': 'credit_amount', 'from': 6458, 'to': 3229.0, 'pd_before': 0.5916136186981761, 'pd_after': 0.4997953959365325, 'delta': -0.09181822276164359}"
0.2800206195071478,0.2521283849205236,6078.0,429.1137686748708,20000.0,0.15,36.0,8570.886231325128,credit,"[('num__credit_amount', 0.6992023300312944), ('cat__employment_4<=X<7', -0.6656808424310587), ('cat__personal_status_male single', -0.6625914811599087)]","{'feature': 'credit_amount', 'from': 6078, 'to': 3039.0, 'pd_before': 0.28002061950714785, 'pd_after': 0.21518321005974841, 'delta': -0.06483740944739944}"
0.1456912528058507,0.5635616256451391,7721.0,633.9404203910191,20000.0,0.15,36.0,8366.05957960898,cashflow,"[('num__credit_amount', 0.8882101332957592), ('cat__foreign_worker_no', -0.8004849231861298), ('num__duration', 0.6842398507808253)]","{'feature': 'credit_amount', 'from': 7721, 'to': 3860.5, 'pd_before': 0.14569125280585066, 'pd_after': 0.09859731579352495, 'delta': -0.04709393701232571}"
0.0757219454506532,0.1293209282467678,1410.0,13.807329506804734,20000.0,0.15,36.0,8986.192670493196,credit,"[('cat__other_payment_plans_none', -0.6248186604287902), ('cat__own_telephone_yes', -0.48588636629150395), ('cat__property_magnitude_real estate', -0.4704380927634033)]","{'feature': 'credit_amount', 'from': 1410, 'to': 705.0, 'pd_before': 0.07572194545065329, 'pd_after': 0.07023749606838676, 'delta': -0.005484449382266526}"
0.4897587433109742,0.4682620734627987,1449.0,332.3070592823912,20000.0,0.15,36.0,8667.692940717609,credit,"[('num__num_dependents', 0.5035567984991707), ('cat__personal_status_male div/sep', 0.38882472808786467), ('num__existing_credits', 0.35909552991579125)]","{'feature': 'credit_amount', 'from': 1449, 'to': 724.5, 'pd_before': 0.48975874331097424, 'pd_after': 0.4689609762848693, 'delta': -0.02079776702610492}"
0.7107851318592529,0.1830446419482492,392.0,51.00132070561989,20000.0,0.15,36.0,8948.99867929438,cashflow,"[('num__installment_commitment', 1.1486084009553927), ('cat__purpose_education', 0.8570681585031974), ('cat__other_payment_plans_none', -0.6248186604287902)]","{'feature': 'credit_amount', 'from': 392, 'to': 196.0, 'pd_before': 0.710785131859253, 'pd_after': 0.7061281163117914, 'delta': -0.004657015547461563}"
0.4951216256923735,0.3546681503220337,6260.0,1099.2802335163906,20000.0,0.15,36.0,7900.719766483609,credit,"[('num__installment_commitment', 0.8614563007165446), ('num__credit_amount', 0.7201392869358182), ('cat__employment_4<=X<7', -0.6656808424310587)]","{'feature': 'credit_amount', 'from': 6260, 'to': 3130.0, 'pd_before': 0.49512162569237356, 'pd_after': 0.40622729303233296, 'delta': -0.0888943326600406}"
0.447982540463357,0.3152751478887232,7855.0,1109.422618123265,20000.0,0.15,36.0,7890.577381876736,credit,"[('num__installment_commitment', 1.1486084009553927), ('num__duration', 1.026359776171238), ('cat__checking_status_no checking', -1.0176603432442761)]","{'feature': 'credit_amount', 'from': 7855, 'to': 3927.5, 'pd_before': 0.4479825404633572, 'pd_after': 0.3405962984713775, 'delta': -0.10738624199197971}"
0.2170607498729145,0.1275866708504448,1680.0,46.52601819362496,20000.0,0.15,36.0,8953.473981806375,credit,"[('num__installment_commitment', 0.8614563007165446), ('cat__other_payment_plans_none', -0.6248186604287902), ('cat__checking_status_<0', 0.5232774123312848)]","{'feature': 'credit_amount', 'from': 1680, 'to': 840.0, 'pd_before': 0.21706074987291457, 'pd_after': 0.2010877157755288, 'delta': -0.015973034097385763}"
0.0308305168433043,0.1919694607390433,3578.0,21.176456304534764,20000.0,0.15,36.0,8978.823543695466,credit,"[('num__duration', 1.3684797015616506), ('num__installment_commitment', 1.1486084009553927), ('cat__checking_status_no checking', -1.0176603432442761)]","{'feature': 'credit_amount', 'from': 3578, 'to': 1789.0, 'pd_before': 0.03083051684330444, 'pd_after': 0.02524057496091024, 'delta': -0.0055899418823942}"
0.3360508880623958,0.28413911856577,7174.0,685.0108472352028,20000.0,0.15,36.0,8314.989152764798,credit,"[('num__duration', 1.1974197388664443), ('num__installment_commitment', 1.1486084009553927), ('num__credit_amount', 0.8252842243574376)]","{'feature': 'credit_amount', 'from': 7174, 'to': 3587.0, 'pd_before': 0.33605088806239597, 'pd_after': 0.250943797254347, 'delta': -0.08510709080804896}"
0.1208813588057388,0.1143616584224294,2132.0,29.473178762592397,20000.0,0.15,36.0,8970.526821237409,cashflow,"[('cat__credit_history_critical/other existing credit', -0.9320508917489864), ('cat__foreign_worker_no', -0.8004849231861298), ('cat__other_payment_plans_none', -0.6248186604287902)]","{'feature': 'credit_amount', 'from': 2132, 'to': 1066.0, 'pd_before': 0.12088135880573887, 'pd_after': 0.10844335124045489, 'delta': -0.012438007565283987}"
0.2644893656914507,0.1495061040879871,4281.0,169.28261822198894,20000.0,0.15,36.0,8830.717381778011,credit,"[('num__duration', 0.9408297948236347), ('cat__credit_history_critical/other existing credit', -0.9320508917489864), ('cat__other_payment_plans_none', -0.6248186604287902)]","{'feature': 'credit_amount', 'from': 4281, 'to': 2140.5, 'pd_before': 0.2644893656914508, 'pd_after': 0.2194279229784513, 'delta': -0.04506144271299953}"
0.1271831689354242,0.3459052377387791,2366.0,104.0882052629929,20000.0,0.15,36.0,8895.911794737007,credit,"[('cat__credit_history_critical/other existing credit', -0.9320508917489864), ('num__installment_commitment', 0.8614563007165446), ('cat__employment_4<=X<7', -0.6656808424310587)]","{'feature': 'credit_amount', 'from': 2366, 'to': 1183.0, 'pd_before': 0.12718316893542436, 'pd_after': 0.11282667117032298, 'delta': -0.014356497765101381}"
0.3812218561762238,0.261017620339726,1835.0,182.59281585732157,20000.0,0.15,36.0,8817.407184142678,credit,"[('num__installment_commitment', 0.8614563007165446), ('cat__other_payment_plans_none', -0.6248186604287902), ('num__duration', 0.5987098694332221)]","{'feature': 'credit_amount', 'from': 1835, 'to': 917.5, 'pd_before': 0.38122185617622373, 'pd_after': 0.35665484767028116, 'delta': -0.024567008505942567}"
0.097390332268965,0.2448553811054104,3868.0,92.23844350087155,20000.0,0.15,36.0,8907.761556499128,credit,"[('num__installment_commitment', 1.1486084009553927), ('cat__checking_status_no checking', -1.0176603432442761), ('cat__purpose_used car', -0.9813482536491334)]","{'feature': 'credit_amount', 'from': 3868, 'to': 1934.0, 'pd_before': 0.09739033226896499, 'pd_after': 0.0795082551942006, 'delta': -0.017882077074764385}"
0.1399609261043894,0.2822857856577212,1768.0,69.85187661659138,20000.0,0.15,36.0,8930.14812338341,credit,"[('cat__checking_status_no checking', -1.0176603432442761), ('num__installment_commitment', 0.8614563007165446), ('cat__personal_status_male single', -0.6625914811599087)]","{'feature': 'credit_amount', 'from': 1768, 'to': 884.0, 'pd_before': 0.13996092610438943, 'pd_after': 0.12816202334002044, 'delta': -0.011798902764368985}"
0.1546426030595346,0.2173487749851222,781.0,26.250488042025783,20000.0,0.15,36.0,8973.749511957974,credit,"[('num__installment_commitment', 1.1486084009553927), ('cat__credit_history_critical/other existing credit', -0.9320508917489864), ('cat__personal_status_male single', -0.6625914811599087)]","{'feature': 'credit_amount', 'from': 781, 'to': 390.5, 'pd_before': 0.1546426030595346, 'pd_after': 0.148860647261232, 'delta': -0.005781955798302596}"
0.3827843995577908,0.2585218456085998,1924.0,190.39544104998623,20000.0,0.15,36.0,8809.604558950014,cashflow,"[('num__installment_commitment', 1.1486084009553927), ('cat__other_payment_plans_none', -0.6248186604287902), ('cat__savings_status_no known savings', -0.6074598829357278)]","{'feature': 'credit_amount', 'from': 1924, 'to': 962.0, 'pd_before': 0.3827843995577907, 'pd_after': 0.3569990081490558, 'delta': -0.025785391408734926}"
0.3677921033270686,0.2472067959354134,2121.0,192.8428204671559,20000.0,0.15,36.0,8807.157179532844,credit,"[('num__installment_commitment', 1.1486084009553927), ('cat__credit_history_critical/other existing credit', -0.9320508917489864), ('cat__personal_status_male single', -0.6625914811599087)]","{'feature': 'credit_amount', 'from': 2121, 'to': 1060.5, 'pd_before': 0.3677921033270685, 'pd_after': 0.3399092880167406, 'delta': -0.027882815310327935}"
0.350659743910875,0.1359277693100125,701.0,33.412742140414466,20000.0,0.15,36.0,8966.587257859586,credit,"[('num__installment_commitment', 1.1486084009553927), ('cat__other_payment_plans_none', -0.6248186604287902), ('cat__checking_status_<0', 0.5232774123312848)]","{'feature': 'credit_amount', 'from': 701, 'to': 350.5, 'pd_before': 0.3506597439108749, 'pd_after': 0.3415349581811357, 'delta': -0.009124785729739182}"
0.3490843549206989,0.5568774544154433,639.0,124.21981523753291,20000.0,0.15,36.0,8875.780184762467,credit,"[('num__installment_commitment', 1.1486084009553927), ('cat__personal_status_male single', -0.6625914811599087), ('cat__other_payment_plans_none', -0.6248186604287902)]","{'feature': 'credit_amount', 'from': 639, 'to': 319.5, 'pd_before': 0.34908435492069895, 'pd_after': 0.3407797840280979, 'delta': -0.00830457089260106}"
0.081121471421219,0.6676802830977464,1860.0,100.74356502711498,20000.0,0.15,36.0,8899.256434972885,cashflow,"[('num__installment_commitment', 1.1486084009553927), ('cat__purpose_used car', -0.9813482536491334), ('cat__credit_history_critical/other existing credit', -0.9320508917489864)]","{'feature': 'credit_amount', 'from': 1860, 'to': 930.0, 'pd_before': 0.08112147142121902, 'pd_after': 0.07349569859856979, 'delta': -0.007625772822649229}"
0.5266690686680845,0.0676713353847233,3499.0,124.70575673990972,20000.0,0.15,36.0,8875.29424326009,credit,"[('cat__credit_history_critical/other existing credit', -0.9320508917489864), ('num__installment_commitment', 0.8614563007165446), ('cat__other_payment_plans_none', -0.6248186604287902)]","{'feature': 'credit_amount', 'from': 3499, 'to': 1749.5, 'pd_before': 0.5266690686680845, 'pd_after': 0.47639711474190916, 'delta': -0.05027195392617534}"
0.3964946268489738,0.3172040452226466,8487.0,1067.4074400429836,20000.0,0.15,36.0,7932.592559957016,credit,"[('num__duration', 1.3684797015616506), ('num__credit_amount', 0.9763294134543593), ('cat__employment_4<=X<7', -0.6656808424310587)]","{'feature': 'credit_amount', 'from': 8487, 'to': 4243.5, 'pd_before': 0.39649462684897396, 'pd_after': 0.2873566083641836, 'delta': -0.10913801848479038}"
0.8701746939894714,0.5205721832162397,6887.0,3119.73345396141,,,,,credit,"[('num__installment_commitment', 1.1486084009553927), ('num__duration', 1.026359776171238), ('cat__purpose_education', 0.8570681585031974)]","{'feature': 'credit_amount', 'from': 6887, 'to': 3443.5, 'pd_before': 0.8701746939894714, 'pd_after': 0.8185226349903983, 'delta': -0.0516520589990731}"
0.2839333745803699,0.3254404549207548,2708.0,250.2284250474008,20000.0,0.15,36.0,8749.7715749526,cashflow,"[('cat__checking_status_no checking', -1.0176603432442761), ('cat__personal_status_male single', -0.6625914811599087), ('num__installment_commitment', 0.5743042004776964)]","{'feature': 'credit_amount', 'from': 2708, 'to': 1354.0, 'pd_before': 0.28393337458036993, 'pd_after': 0.25335553222295876, 'delta': -0.030577842357411178}"
0.3341832485234428,0.4526504893754895,1984.0,300.1161305946908,20000.0,0.15,36.0,8699.883869405308,credit,"[('num__installment_commitment', 1.1486084009553927), ('cat__checking_status_no checking', -1.0176603432442761), ('cat__personal_status_male single', -0.6625914811599087)]","{'feature': 'credit_amount', 'from': 1984, 'to': 992.0, 'pd_before': 0.3341832485234428, 'pd_after': 0.30928952853150987, 'delta': -0.024893719991932906}"
0.2415215100132471,0.2481265016795762,10144.0,607.9084893793912,20000.0,0.15,36.0,8392.091510620608,credit,"[('num__duration', 1.7105996269520631), ('num__credit_amount', 1.166947751865326), ('cat__checking_status_no checking', -1.0176603432442761)]","{'feature': 'credit_amount', 'from': 10144, 'to': 5072.0, 'pd_before': 0.24152151001324704, 'pd_after': 0.15086538545328268, 'delta': -0.09065612455996436}"
0.0192108486663857,0.0892215885774973,1240.0,2.125387820561667,20000.0,0.15,36.0,8997.874612179437,credit,"[('num__installment_commitment', 1.1486084009553927), ('cat__checking_status_no checking', -1.0176603432442761), ('cat__credit_history_critical/other existing credit', -0.9320508917489864)]","{'feature': 'credit_amount', 'from': 1240, 'to': 620.0, 'pd_before': 0.019210848666385713, 'pd_after': 0.017912070168096504, 'delta': -0.001298778498289209}"
0.0417575401007562,0.0468009818155656,8613.0,16.83233314467085,20000.0,0.15,36.0,8983.16766685533,credit,"[('cat__checking_status_no checking', -1.0176603432442761), ('num__credit_amount', 0.9908242297728758), ('cat__purpose_used car', -0.9813482536491334)]","{'feature': 'credit_amount', 'from': 8613, 'to': 4306.5, 'pd_before': 0.04175754010075623, 'pd_after': 0.025865662158774238, 'delta': -0.015891877941981995}"
0.0893643167327503,0.3265090143219896,766.0,22.3505433085278,20000.0,0.15,36.0,8977.649456691472,credit,"[('num__installment_commitment', 1.1486084009553927), ('cat__personal_status_male single', -0.6625914811599087), ('cat__other_payment_plans_none', -0.6248186604287902)]","{'feature': 'credit_amount', 'from': 766, 'to': 383.0, 'pd_before': 0.08936431673275036, 'pd_after': 0.08584309375535118, 'delta': -0.00352122297739918}"
0.0414448910125886,0.2338610545796531,2728.0,26.440719667421472,20000.0,0.15,36.0,8973.559280332578,credit,"[('num__installment_commitment', 1.1486084009553927), ('cat__credit_history_critical/other existing credit', -0.9320508917489864), ('cat__employment_4<=X<7', -0.6656808424310587)]","{'feature': 'credit_amount', 'from': 2728, 'to': 1364.0, 'pd_before': 0.04144489101258865, 'pd_after': 0.03564073858692445, 'delta': -0.005804152425664198}"
0.2092727024263219,0.2932916770904791,1881.0,115.45190864594464,20000.0,0.15,36.0,8884.548091354056,credit,"[('cat__other_payment_plans_none', -0.6248186604287902), ('num__installment_commitment', 0.5743042004776964), ('cat__savings_status_<100', 0.5049896871194027)]","{'feature': 'credit_amount', 'from': 1881, 'to': 940.5, 'pd_before': 0.20927270242632195, 'pd_after': 0.1919314829731778, 'delta': -0.017341219453144152}"
0.0471150338811025,0.3258456938756603,709.0,10.88473171303684,20000.0,0.15,36.0,8989.115268286963,cashflow,"[('cat__foreign_worker_no', -0.8004849231861298), ('cat__other_payment_plans_none', -0.6248186604287902), ('cat__savings_status_>=1000', -0.5917619242751514)]","{'feature': 'credit_amount', 'from': 709, 'to': 354.5, 'pd_before': 0.04711503388110255, 'pd_after': 0.04531760616790047, 'delta': -0.001797427713202085}"
0.7445297473408292,0.1251373808929902,4795.0,446.7429698670297,20000.0,0.15,36.0,8553.25703013297,cashflow,"[('num__installment_commitment', 1.1486084009553927), ('num__duration', 1.026359776171238), ('cat__other_payment_plans_none', -0.6248186604287902)]","{'feature': 'credit_amount', 'from': 4795, 'to': 2397.5, 'pd_before': 0.7445297473408292, 'pd_after': 0.6886558342393199, 'delta': -0.055873913101509354}"
0.3877202319147604,0.2481590010987629,3416.0,328.67476280366606,20000.0,0.15,36.0,8671.325237196334,credit,"[('num__installment_commitment', 0.8614563007165446), ('num__duration', 0.7697698321284284), ('cat__personal_status_male single', -0.6625914811599087)]","{'feature': 'credit_amount', 'from': 3416, 'to': 1708.0, 'pd_before': 0.38772023191476046, 'pd_after': 0.34222588614085203, 'delta': -0.04549434577390843}"
0.3318077611947685,0.4187673087509859,2462.0,342.0954987047852,20000.0,0.15,36.0,8657.904501295216,credit,"[('cat__personal_status_male single', -0.6625914811599087), ('cat__other_payment_plans_none', -0.6248186604287902), ('num__installment_commitment', 0.5743042004776964)]","{'feature': 'credit_amount', 'from': 2462, 'to': 1231.0, 'pd_before': 0.33180776119476857, 'pd_after': 0.30119113504469197, 'delta': -0.030616626150076598}"
0.1442148730167277,0.5315500907658868,2288.0,175.39219719011274,20000.0,0.15,36.0,8824.607802809887,cashflow,"[('num__installment_commitment', 1.1486084009553927), ('cat__checking_status_no checking', -1.0176603432442761), ('cat__credit_history_critical/other existing credit', -0.9320508917489864)]","{'feature': 'credit_amount', 'from': 2288, 'to': 1144.0, 'pd_before': 0.14421487301672778, 'pd_after': 0.12872058311267914, 'delta': -0.015494289904048636}"
0.4336636728282392,0.284991172146665,3566.0,440.7230755454425,20000.0,0.15,36.0,8559.276924454558,credit,"[('num__duration', 1.3684797015616506), ('num__installment_commitment', 1.1486084009553927), ('cat__employment_4<=X<7', -0.6656808424310587)]","{'feature': 'credit_amount', 'from': 3566, 'to': 1783.0, 'pd_before': 0.4336636728282394, 'pd_after': 0.38413541224838377, 'delta': -0.049528260579855654}"
0.3146686193428011,0.4946996081446614,860.0,133.87314070850263,20000.0,0.15,36.0,8866.126859291497,credit,"[('cat__credit_history_critical/other existing credit', -0.9320508917489864), ('cat__other_payment_plans_none', -0.6248186604287902), ('cat__checking_status_<0', 0.5232774123312848)]","{'feature': 'credit_amount', 'from': 860, 'to': 430.0, 'pd_before': 0.31466861934280116, 'pd_after': 0.3041001131875949, 'delta': -0.01056850615520627}"
0.0476030777489305,0.170797625476122,682.0,5.544995983803081,20000.0,0.15,36.0,8994.455004016198,credit,"[('num__installment_commitment', 1.1486084009553927), ('cat__checking_status_no checking', -1.0176603432442761), ('cat__credit_history_critical/other existing credit', -0.9320508917489864)]","{'feature': 'credit_amount', 'from': 682, 'to': 341.0, 'pd_before': 0.04760307774893054, 'pd_after': 0.04585582725690174, 'delta': -0.0017472504920288054}"
0.3411678468079795,0.0977009063348062,5371.0,179.0283625378256,20000.0,0.15,36.0,8820.971637462175,credit,"[('num__duration', 1.026359776171238), ('cat__credit_history_critical/other existing credit', -0.9320508917489864), ('num__installment_commitment', 0.8614563007165446)]","{'feature': 'credit_amount', 'from': 5371, 'to': 2685.5, 'pd_before': 0.3411678468079795, 'pd_after': 0.27547300562315086, 'delta': -0.06569484118482866}"
0.0221931454652867,0.051645484902095,1582.0,1.8132500508289129,20000.0,0.15,36.0,8998.186749949171,credit,"[('num__installment_commitment', 1.1486084009553927), ('cat__checking_status_no checking', -1.0176603432442761), ('cat__credit_history_critical/other existing credit', -0.9320508917489864)]","{'feature': 'credit_amount', 'from': 1582, 'to': 791.0, 'pd_before': 0.022193145465286796, 'pd_after': 0.020302020682720814, 'delta': -0.0018911247825659817}"
0.0880421300228243,0.3281282132023083,1346.0,38.88473776749115,20000.0,0.15,36.0,8961.115262232508,credit,"[('cat__checking_status_no checking', -1.0176603432442761), ('cat__personal_status_male single', -0.6625914811599087), ('cat__housing_for free', -0.6370784452339096)]","{'feature': 'credit_amount', 'from': 1346, 'to': 673.0, 'pd_before': 0.08804213002282442, 'pd_after': 0.08202101006024023, 'delta': -0.006021119962584184}"
0.0106518316478108,0.1718601194187228,1924.0,3.522122613556206,20000.0,0.15,36.0,8996.477877386444,credit,"[('cat__checking_status_no checking', -1.0176603432442761), ('cat__foreign_worker_no', -0.8004849231861298), ('cat__personal_status_male single', -0.6625914811599087)]","{'feature': 'credit_amount', 'from': 1924, 'to': 962.0, 'pd_before': 0.010651831647810802, 'pd_after': 0.009546567173736462, 'delta': -0.0011052644740743404}"
0.4420279767296186,0.2326537993748998,5848.0,601.4053270880195,20000.0,0.15,36.0,8398.59467291198,credit,"[('num__installment_commitment', 1.1486084009553927), ('num__duration', 1.026359776171238), ('num__credit_amount', 0.6727435383387643)]","{'feature': 'credit_amount', 'from': 5848, 'to': 2924.0, 'pd_before': 0.4420279767296188, 'pd_after': 0.3613966501308597, 'delta': -0.0806313265987591}"
0.2203762218133898,0.129857660298239,7758.0,222.0148795873077,20000.0,0.15,36.0,8777.985120412692,credit,"[('cat__purpose_used car', -0.9813482536491334), ('cat__credit_history_critical/other existing credit', -0.9320508917489864), ('num__credit_amount', 0.892466547611514)]","{'feature': 'credit_amount', 'from': 7758, 'to': 3879.0, 'pd_before': 0.22037622181338998, 'pd_after': 0.15320152114389185, 'delta': -0.06717470066949813}"
0.3034776128192617,0.0977965204573629,6967.0,206.77397319219008,20000.0,0.15,36.0,8793.22602680781,credit,"[('num__installment_commitment', 1.1486084009553927), ('num__credit_amount', 0.8014713118341606), ('num__duration', 0.6842398507808253)]","{'feature': 'credit_amount', 'from': 6967, 'to': 3483.5, 'pd_before': 0.3034776128192617, 'pd_after': 0.22591414620521297, 'delta': -0.07756346661404875}"
0.5252241340051491,0.1186157884118352,1282.0,79.86843942686443,20000.0,0.15,36.0,8920.131560573136,credit,"[('cat__other_payment_plans_none', -0.6248186604287902), ('num__installment_commitment', 0.5743042004776964), ('cat__checking_status_<0', 0.5232774123312848)]","{'feature': 'credit_amount', 'from': 1282, 'to': 641.0, 'pd_before': 0.5252241340051491, 'pd_after': 0.5068102687398789, 'delta': -0.018413865265270224}"
0.0578106010398682,0.4443441547398961,1288.0,33.085889818436534,20000.0,0.15,36.0,8966.914110181564,credit,"[('cat__credit_history_critical/other existing credit', -0.9320508917489864), ('num__installment_commitment', 0.8614563007165446), ('cat__foreign_worker_no', -0.8004849231861298)]","{'feature': 'credit_amount', 'from': 1288, 'to': 644.0, 'pd_before': 0.057810601039868334, 'pd_after': 0.05390505024112997, 'delta': -0.003905550798738361}"
0.7066591351609866,0.1803548374345509,339.0,43.20534437738044,20000.0,0.15,36.0,8956.79465562262,credit,"[('num__installment_commitment', 1.1486084009553927), ('cat__checking_status_<0', 0.5232774123312848), ('cat__savings_status_<100', 0.5049896871194027)]","{'feature': 'credit_amount', 'from': 339, 'to': 169.5, 'pd_before': 0.7066591351609866, 'pd_after': 0.7026009282085731, 'delta': -0.0040582069524134345}"
0.3387499083709319,0.3802816196857207,3512.0,452.4171177487904,20000.0,0.15,36.0,8547.58288225121,credit,"[('num__duration', 0.6842398507808253), ('cat__employment_4<=X<7', -0.6656808424310587), ('cat__personal_status_male single', -0.6625914811599087)]","{'feature': 'credit_amount', 'from': 3512, 'to': 1756.0, 'pd_before': 0.33874990837093194, 'pd_after': 0.2950718196350596, 'delta': -0.04367808873587237}"
0.0075383765576751,0.0669615275643814,1898.0,0.958074735929841,20000.0,0.15,36.0,8999.04192526407,credit,"[('cat__checking_status_no checking', -1.0176603432442761), ('cat__credit_history_critical/other existing credit', -0.9320508917489864), ('cat__personal_status_male single', -0.6625914811599087)]","{'feature': 'credit_amount', 'from': 1898, 'to': 949.0, 'pd_before': 0.007538376557675145, 'pd_after': 0.006764007363580773, 'delta': -0.0007743691940943721}"
0.0336505714724083,0.2290073404533058,2872.0,22.13228646455368,20000.0,0.15,36.0,8977.867713535446,credit,"[('cat__checking_status_no checking', -1.0176603432442761), ('cat__credit_history_critical/other existing credit', -0.9320508917489864), ('num__installment_commitment', 0.8614563007165446)]","{'feature': 'credit_amount', 'from': 2872, 'to': 1436.0, 'pd_before': 0.03365057147240831, 'pd_after': 0.028673471139573956, 'delta': -0.0049771003328343555}"
0.2529568324598711,0.1919448341675363,1055.0,51.22421390724827,20000.0,0.15,36.0,8948.775786092752,cashflow,"[('num__installment_commitment', 1.1486084009553927), ('cat__checking_status_no checking', -1.0176603432442761), ('cat__credit_history_critical/other existing credit', -0.9320508917489864)]","{'feature': 'credit_amount', 'from': 1055, 'to': 527.5, 'pd_before': 0.2529568324598713, 'pd_after': 0.24166243203551557, 'delta': -0.0112944004243557}"
0.0396781511052184,0.0349704669860196,1262.0,1.751105103293671,20000.0,0.15,36.0,8998.248894896706,credit,"[('num__installment_commitment', 1.1486084009553927), ('cat__checking_status_no checking', -1.0176603432442761), ('cat__employment_4<=X<7', -0.6656808424310587)]","{'feature': 'credit_amount', 'from': 1262, 'to': 631.0, 'pd_before': 0.03967815110521844, 'pd_after': 0.03700279991446154, 'delta': -0.0026753511907569028}"
0.5658810508589732,0.1714927584151397,7308.0,709.2012231494152,20000.0,0.15,36.0,8290.798776850585,cashflow,"[('num__credit_amount', 0.8406993464739552), ('cat__personal_status_male single', -0.6625914811599087), ('num__age', -0.6463324523063251)]","{'feature': 'credit_amount', 'from': 7308, 'to': 3654.0, 'pd_before': 0.5658810508589732, 'pd_after': 0.46125673395194705, 'delta': -0.10462431690702617}"
0.1868570237281797,0.0913077742512642,909.0,15.508902536310712,20000.0,0.15,36.0,8984.49109746369,credit,"[('num__installment_commitment', 1.1486084009553927), ('num__duration', 1.026359776171238), ('cat__checking_status_no checking', -1.0176603432442761)]","{'feature': 'credit_amount', 'from': 909, 'to': 454.5, 'pd_before': 0.18685702372817978, 'pd_after': 0.17904250731418367, 'delta': -0.007814516413996109}"
0.0205455507366963,0.3666980040518771,2978.0,22.436289068038903,20000.0,0.15,36.0,8977.563710931961,credit,"[('cat__checking_status_no checking', -1.0176603432442761), ('cat__personal_status_male single', -0.6625914811599087), ('cat__other_payment_plans_none', -0.6248186604287902)]","{'feature': 'credit_amount', 'from': 2978, 'to': 1489.0, 'pd_before': 0.02054555073669631, 'pd_after': 0.01736735170790733, 'delta': -0.0031781990287889812}"
0.6436110119461987,0.4565750594482863,1131.0,332.3519684622663,20000.0,0.15,36.0,8667.648031537734,cashflow,"[('num__installment_commitment', 1.1486084009553927), ('cat__other_payment_plans_none', -0.6248186604287902), ('cat__checking_status_<0', 0.5232774123312848)]","{'feature': 'credit_amount', 'from': 1131, 'to': 565.5, 'pd_before': 0.6436110119461985, 'pd_after': 0.6285538050801168, 'delta': -0.015057206866081696}"
0.2351008867503206,0.6671149717480449,1577.0,247.33560988309395,20000.0,0.15,36.0,8752.664390116906,cashflow,"[('num__installment_commitment', 1.1486084009553927), ('cat__other_payment_plans_none', -0.6248186604287902), ('cat__savings_status_>=1000', -0.5917619242751514)]","{'feature': 'credit_amount', 'from': 1577, 'to': 788.5, 'pd_before': 0.23510088675032073, 'pd_after': 0.2191824780487602, 'delta': -0.015918408701560527}"
0.1656679437285243,0.1433874319623501,3972.0,94.35367241059288,20000.0,0.15,36.0,8905.646327589408,credit,"[('cat__checking_status_no checking', -1.0176603432442761), ('num__duration', 0.6842398507808253), ('cat__employment_4<=X<7', -0.6656808424310587)]","{'feature': 'credit_amount', 'from': 3972, 'to': 1986.0, 'pd_before': 0.16566794372852428, 'pd_after': 0.13644783335177757, 'delta': -0.02922011037674671}"
0.3516602256939947,0.0834121088876518,1935.0,56.75881520667954,20000.0,0.15,36.0,8943.24118479332,credit,"[('num__installment_commitment', 1.1486084009553927), ('cat__credit_history_critical/other existing credit', -0.9320508917489864), ('num__duration', 0.6842398507808253)]","{'feature': 'credit_amount', 'from': 1935, 'to': 967.5, 'pd_before': 0.3516602256939948, 'pd_after': 0.32672193858185733, 'delta': -0.02493828711213747}"
0.8525625099029164,0.4685592323105622,950.0,379.5022333800328,20000.0,0.15,36.0,8620.497766619967,credit,"[('num__installment_commitment', 1.1486084009553927), ('cat__personal_status_male single', -0.6625914811599087), ('cat__other_payment_plans_none', -0.6248186604287902)]","{'feature': 'credit_amount', 'from': 950, 'to': 475.0, 'pd_before': 0.8525625099029164, 'pd_after': 0.8455607347875221, 'delta': -0.007001775115394238}"
0.1126446235760274,0.2005807543480195,763.0,17.239484144007896,20000.0,0.15,36.0,8982.760515855993,credit,"[('num__installment_commitment', 1.1486084009553927), ('cat__checking_status_no checking', -1.0176603432442761), ('cat__other_payment_plans_none', -0.6248186604287902)]","{'feature': 'credit_amount', 'from': 763, 'to': 381.5, 'pd_before': 0.11264462357602749, 'pd_after': 0.1083318632549688, 'delta': -0.004312760321058692}"
0.4156737174741824,0.2498332745236579,2064.0,214.3445960020735,20000.0,0.15,36.0,8785.655403997927,cashflow,"[('num__installment_commitment', 0.8614563007165446), ('num__duration', 0.6842398507808253), ('cat__other_payment_plans_none', -0.6248186604287902)]","{'feature': 'credit_amount', 'from': 2064, 'to': 1032.0, 'pd_before': 0.4156737174741825, 'pd_after': 0.38715703131163215, 'delta': -0.028516686162550375}"
0.0514134214627205,0.5047925381144583,1414.0,36.69769967982752,20000.0,0.15,36.0,8963.302300320172,credit,"[('num__installment_commitment', 1.1486084009553927), ('cat__foreign_worker_no', -0.8004849231861298), ('cat__personal_status_male single', -0.6625914811599087)]","{'feature': 'credit_amount', 'from': 1414, 'to': 707.0, 'pd_before': 0.05141342146272059, 'pd_after': 0.04758851000210004, 'delta': -0.003824911460620549}"
0.727979420893606,0.4373517725352685,3414.0,1086.9598695912157,20000.0,0.15,36.0,7913.0401304087845,cashflow,"[('cat__purpose_education', 0.8570681585031974), ('cat__personal_status_male single', -0.6625914811599087), ('cat__other_payment_plans_none', -0.6248186604287902)]","{'feature': 'credit_amount', 'from': 3414, 'to': 1707.0, 'pd_before': 0.727979420893606, 'pd_after': 0.6874070613416178, 'delta': -0.040572359551988235}"
0.1597799105737621,0.2302501851221076,7485.0,275.368314603193,20000.0,0.15,36.0,8724.631685396807,cashflow,"[('num__installment_commitment', 1.1486084009553927), ('cat__checking_status_no checking', -1.0176603432442761), ('cat__purpose_used car', -0.9813482536491334)]","{'feature': 'credit_amount', 'from': 7485, 'to': 3742.5, 'pd_before': 0.15977991057376212, 'pd_after': 0.11003368030060336, 'delta': -0.04974623027315876}"
0.501922631479293,0.3964566724125136,2577.0,512.7987150859627,20000.0,0.15,36.0,8487.201284914037,credit,"[('cat__other_payment_plans_none', -0.6248186604287902), ('num__installment_commitment', 0.5743042004776964), ('cat__checking_status_<0', 0.5232774123312848)]","{'feature': 'credit_amount', 'from': 2577, 'to': 1288.5, 'pd_before': 0.501922631479293, 'pd_after': 0.46492366484349507, 'delta': -0.03699896663579788}"
0.0907954561767818,0.0899877182770444,338.0,2.761620864769931,20000.0,0.15,36.0,8997.23837913523,credit,"[('num__installment_commitment', 1.1486084009553927), ('cat__credit_history_critical/other existing credit', -0.9320508917489864), ('cat__personal_status_male single', -0.6625914811599087)]","{'feature': 'credit_amount', 'from': 338, 'to': 169.0, 'pd_before': 0.09079545617678193, 'pd_after': 0.08920324875583698, 'delta': -0.0015922074209449577}"
0.1043856947933329,0.0825542239386019,1963.0,16.91611328702437,20000.0,0.15,36.0,8983.083886712975,credit,"[('num__installment_commitment', 1.1486084009553927), ('cat__checking_status_no checking', -1.0176603432442761), ('cat__employment_4<=X<7', -0.6656808424310587)]","{'feature': 'credit_amount', 'from': 1963, 'to': 981.5, 'pd_before': 0.10438569479333283, 'pd_after': 0.09429143429956213, 'delta': -0.010094260493770699}"
0.3025201891772153,0.1506717887497194,571.0,26.026898338689936,20000.0,0.15,36.0,8973.97310166131,credit,"[('num__installment_commitment', 1.1486084009553927), ('cat__credit_history_critical/other existing credit', -0.9320508917489864), ('cat__personal_status_male single', -0.6625914811599087)]","{'feature': 'credit_amount', 'from': 571, 'to': 285.5, 'pd_before': 0.3025201891772154, 'pd_after': 0.2956354450685008, 'delta': -0.006884744108714591}"
0.5579278176360135,0.3732819505778423,9572.0,1993.506684115208,20000.0,0.15,36.0,7006.4933158847925,cashflow,"[('num__credit_amount', 1.1011458873082511), ('num__duration', 1.026359776171238), ('cat__checking_status_no checking', -1.0176603432442761)]","{'feature': 'credit_amount', 'from': 9572, 'to': 4786.0, 'pd_before': 0.5579278176360134, 'pd_after': 0.42120796917354286, 'delta': -0.13671984846247054}"
0.6060116788711757,0.4087397258837533,4455.0,1103.5081666310216,20000.0,0.15,36.0,7896.491833368978,credit,"[('num__duration', 1.026359776171238), ('num__installment_commitment', 0.5743042004776964), ('num__credit_amount', 0.5124952912618322)]","{'feature': 'credit_amount', 'from': 4455, 'to': 2227.5, 'pd_before': 0.6060116788711758, 'pd_after': 0.543472543951012, 'delta': -0.06253913492016383}"
0.4562232185767438,0.2193042556814644,1647.0,164.7851389879248,20000.0,0.15,36.0,8835.214861012075,credit,"[('num__installment_commitment', 1.1486084009553927), ('cat__personal_status_male single', -0.6625914811599087), ('cat__other_payment_plans_none', -0.6248186604287902)]","{'feature': 'credit_amount', 'from': 1647, 'to': 823.5, 'pd_before': 0.45622321857674386, 'pd_after': 0.43283575251210527, 'delta': -0.023387466064638596}"
0.0177640993773862,0.0378554127266345,3777.0,2.539909043648153,20000.0,0.15,36.0,8997.460090956352,credit,"[('num__installment_commitment', 1.1486084009553927), ('cat__checking_status_no checking', -1.0176603432442761), ('cat__credit_history_critical/other existing credit', -0.9320508917489864)]","{'feature': 'credit_amount', 'from': 3777, 'to': 1888.5, 'pd_before': 0.017764099377386287, 'pd_after': 0.014345046454142434, 'delta': -0.0034190529232438534}"
0.412459843278186,0.4408177547382989,884.0,160.72854587770294,20000.0,0.15,36.0,8839.271454122298,credit,"[('num__installment_commitment', 1.1486084009553927), ('cat__credit_history_critical/other existing credit', -0.9320508917489864), ('cat__personal_status_male single', -0.6625914811599087)]","{'feature': 'credit_amount', 'from': 884, 'to': 442.0, 'pd_before': 0.412459843278186, 'pd_after': 0.40019500830346266, 'delta': -0.01226483497472336}"
0.0569916861640477,0.2798494279270558,1360.0,21.690763446665617,20000.0,0.15,36.0,8978.309236553334,credit,"[('num__installment_commitment', 1.1486084009553927), ('cat__checking_status_no checking', -1.0176603432442761), ('cat__credit_history_critical/other existing credit', -0.9320508917489864)]","{'feature': 'credit_amount', 'from': 1360, 'to': 680.0, 'pd_before': 0.056991686164047727, 'pd_after': 0.05293035244651032, 'delta': -0.004061333717537405}"
0.3526284298682533,0.2383814753587725,5129.0,431.1441778393504,20000.0,0.15,36.0,8568.855822160649,credit,"[('cat__purpose_used car', -0.9813482536491334), ('num__age', -0.683265735295258), ('cat__housing_for free', -0.6370784452339096)]","{'feature': 'credit_amount', 'from': 5129, 'to': 2564.5, 'pd_before': 0.3526284298682532, 'pd_after': 0.2885326948235247, 'delta': -0.06409573504472849}"
0.1182824463718051,0.043690565650991,1175.0,6.072196711566434,20000.0,0.15,36.0,8993.927803288434,cashflow,"[('cat__credit_history_critical/other existing credit', -0.9320508917489864), ('cat__personal_status_male single', -0.6625914811599087), ('cat__housing_for free', -0.6370784452339096)]","{'feature': 'credit_amount', 'from': 1175, 'to': 587.5, 'pd_before': 0.1182824463718051, 'pd_after': 0.11141371213411744, 'delta': -0.0068687342376876626}"
0.2562122866406965,0.1199660531959114,674.0,20.71658756898555,20000.0,0.15,36.0,8979.283412431014,credit,"[('num__installment_commitment', 1.1486084009553927), ('cat__employment_4<=X<7', -0.6656808424310587), ('cat__other_payment_plans_none', -0.6248186604287902)]","{'feature': 'credit_amount', 'from': 674, 'to': 337.0, 'pd_before': 0.2562122866406966, 'pd_after': 0.24889446458133027, 'delta': -0.007317822059366347}"
0.5959347171604533,0.5723343693836153,3244.0,1106.4437982312122,20000.0,0.15,36.0,7893.556201768788,credit,"[('num__duration', 0.513179888085619), ('cat__credit_history_no credits/all paid', 0.505569010050849), ('cat__savings_status_<100', 0.5049896871194027)]","{'feature': 'credit_amount', 'from': 3244, 'to': 1622.0, 'pd_before': 0.5959347171604533, 'pd_after': 0.5503197428654799, 'delta': -0.04561497429497341}"
0.0303449003566631,0.3752592566124242,4591.0,52.278657006421376,20000.0,0.15,36.0,8947.721342993578,credit,"[('cat__checking_status_no checking', -1.0176603432442761), ('num__duration', 0.6842398507808253), ('cat__personal_status_male single', -0.6625914811599087)]","{'feature': 'credit_amount', 'from': 4591, 'to': 2295.5, 'pd_before': 0.030344900356663165, 'pd_after': 0.023467713962515614, 'delta': -0.006877186394147552}"
0.674856670503115,0.6381552760432855,3844.0,1655.469897620959,20000.0,0.15,36.0,7344.530102379041,credit,"[('num__duration', 1.3684797015616506), ('num__installment_commitment', 1.1486084009553927), ('cat__employment_4<=X<7', -0.6656808424310587)]","{'feature': 'credit_amount', 'from': 3844, 'to': 1922.0, 'pd_before': 0.674856670503115, 'pd_after': 0.624602682556044, 'delta': -0.05025398794707103}"
0.3786132382196674,0.2497309959950731,3915.0,370.1689701184808,20000.0,0.15,36.0,8629.83102988152,credit,"[('num__installment_commitment', 1.1486084009553927), ('num__duration', 0.7697698321284284), ('cat__personal_status_male single', -0.6625914811599087)]","{'feature': 'credit_amount', 'from': 3915, 'to': 1957.5, 'pd_before': 0.37861323821966747, 'pd_after': 0.3272551894413457, 'delta': -0.051358048778321785}"
0.0696297123151064,0.3410072180962512,2108.0,50.05284631212246,20000.0,0.15,36.0,8949.947153687877,credit,"[('cat__checking_status_no checking', -1.0176603432442761), ('cat__employment_4<=X<7', -0.6656808424310587), ('cat__other_payment_plans_none', -0.6248186604287902)]","{'feature': 'credit_amount', 'from': 2108, 'to': 1054.0, 'pd_before': 0.06962971231510642, 'pd_after': 0.06217318062866386, 'delta': -0.007456531686442565}"
0.4546528019552869,0.4242070095060372,3031.0,584.5795905128895,20000.0,0.15,36.0,8415.420409487111,credit,"[('num__duration', 1.2829497202140474), ('num__installment_commitment', 1.1486084009553927), ('cat__personal_status_male single', -0.6625914811599087)]","{'feature': 'credit_amount', 'from': 3031, 'to': 1515.5, 'pd_before': 0.4546528019552871, 'pd_after': 0.4118727176859842, 'delta': -0.04278008426930291}"
0.2634494373096272,0.4904488945647609,1501.0,193.94193643862465,20000.0,0.15,36.0,8806.058063561375,credit,"[('cat__credit_history_critical/other existing credit', -0.9320508917489864), ('cat__purpose_education', 0.8570681585031974), ('cat__other_payment_plans_none', -0.6248186604287902)]","{'feature': 'credit_amount', 'from': 1501, 'to': 750.5, 'pd_before': 0.26344943730962717, 'pd_after': 0.24704171607175557, 'delta': -0.016407721237871598}"
0.0243407137742969,0.3855849727355836,1382.0,12.97064139761124,20000.0,0.15,36.0,8987.029358602389,credit,"[('cat__checking_status_no checking', -1.0176603432442761), ('cat__credit_history_critical/other existing credit', -0.9320508917489864), ('cat__other_payment_plans_none', -0.6248186604287902)]","{'feature': 'credit_amount', 'from': 1382, 'to': 691.0, 'pd_before': 0.024340713774297012, 'pd_after': 0.02252263274448896, 'delta': -0.001818081029808051}"
0.8225880612426498,0.2769959753949154,951.0,216.68875683588627,20000.0,0.15,36.0,8783.311243164113,cashflow,"[('num__installment_commitment', 1.1486084009553927), ('num__existing_credits', 0.7181910598315825), ('num__duration', 0.34211992539041264)]","{'feature': 'credit_amount', 'from': 951, 'to': 475.5, 'pd_before': 0.8225880612426498, 'pd_after': 0.8144638799228587, 'delta': -0.00812418131979109}"
0.1682726384711552,0.5271899472554669,2760.0,244.8441357844046,20000.0,0.15,36.0,8755.155864215596,credit,"[('num__installment_commitment', 1.1486084009553927), ('cat__purpose_used car', -0.9813482536491334), ('num__duration', 0.6842398507808253)]","{'feature': 'credit_amount', 'from': 2760, 'to': 1380.0, 'pd_before': 0.1682726384711552, 'pd_after': 0.14720764662490923, 'delta': -0.021064991846245967}"
0.7065915947022257,0.3899976733844998,4297.0,1184.1203280238187,20000.0,0.15,36.0,7815.879671976181,credit,"[('num__installment_commitment', 1.1486084009553927), ('cat__other_payment_plans_none', -0.6248186604287902), ('num__duration', 0.513179888085619)]","{'feature': 'credit_amount', 'from': 4297, 'to': 2148.5, 'pd_before': 0.7065915947022257, 'pd_after': 0.6528811097235098, 'delta': -0.05371048497871589}"
0.0553619089199601,0.1301806854368723,936.0,6.745799970275285,20000.0,0.15,36.0,8993.254200029725,credit,"[('num__installment_commitment', 1.1486084009553927), ('cat__checking_status_no checking', -1.0176603432442761), ('cat__credit_history_critical/other existing credit', -0.9320508917489864)]","{'feature': 'credit_amount', 'from': 936, 'to': 468.0, 'pd_before': 0.05536190891996019, 'pd_after': 0.05261282319367504, 'delta': -0.0027490857262851554}"
0.5673649241246606,0.0350831958751397,1168.0,23.24901052639515,20000.0,0.15,36.0,8976.750989473605,credit,"[('num__installment_commitment', 1.1486084009553927), ('cat__other_payment_plans_none', -0.6248186604287902), ('cat__checking_status_<0', 0.5232774123312848)]","{'feature': 'credit_amount', 'from': 1168, 'to': 584.0, 'pd_before': 0.5673649241246607, 'pd_after': 0.5508055033035055, 'delta': -0.016559420821155135}"
0.1381881876532452,0.523590292036515,5117.0,370.235384889732,20000.0,0.15,36.0,8629.764615110267,credit,"[('cat__checking_status_no checking', -1.0176603432442761), ('num__installment_commitment', 0.8614563007165446), ('num__duration', 0.7697698321284284)]","{'feature': 'credit_amount', 'from': 5117, 'to': 2558.5, 'pd_before': 0.13818818765324534, 'pd_after': 0.10671482407706968, 'delta': -0.03147336357617565}"
0.5045169553549416,0.2112402211780377,902.0,96.12999445999776,20000.0,0.15,36.0,8903.870005540002,credit,"[('num__installment_commitment', 1.1486084009553927), ('cat__employment_4<=X<7', -0.6656808424310587), ('cat__other_payment_plans_none', -0.6248186604287902)]","{'feature': 'credit_amount', 'from': 902, 'to': 451.0, 'pd_before': 0.5045169553549416, 'pd_after': 0.4915473237698186, 'delta': -0.012969631585122987}"
0.1225612591651413,0.272424907198842,1495.0,49.9161657830841,20000.0,0.15,36.0,8950.083834216915,credit,"[('num__installment_commitment', 1.1486084009553927), ('cat__checking_status_no checking', -1.0176603432442761), ('cat__credit_history_critical/other existing credit', -0.9320508917489864)]","{'feature': 'credit_amount', 'from': 1495, 'to': 747.5, 'pd_before': 0.12256125916514134, 'pd_after': 0.11360982565101845, 'delta': -0.008951433514122892}"
0.4148000870966424,0.2132876858683779,10623.0,939.8354074188728,20000.0,0.15,36.0,8060.164592581127,credit,"[('num__credit_amount', 1.2220510615206384), ('cat__purpose_used car', -0.9813482536491334), ('cat__credit_history_critical/other existing credit', -0.9320508917489864)]","{'feature': 'credit_amount', 'from': 10623, 'to': 5311.5, 'pd_before': 0.41480008709664234, 'pd_after': 0.2778438017977044, 'delta': -0.13695628529893794}"
0.0518010324717763,0.2028918880490095,1935.0,20.33686795890288,20000.0,0.15,36.0,8979.663132041098,credit,"[('num__installment_commitment', 1.1486084009553927), ('cat__checking_status_no checking', -1.0176603432442761), ('cat__credit_history_critical/other existing credit', -0.9320508917489864)]","{'feature': 'credit_amount', 'from': 1935, 'to': 967.5, 'pd_before': 0.051801032471776316, 'pd_after': 0.04659912203773075, 'delta': -0.005201910434045567}"
0.1143730905778606,0.355797616922932,1424.0,57.94779044842397,20000.0,0.15,36.0,8942.052209551575,credit,"[('num__installment_commitment', 1.1486084009553927), ('cat__credit_history_critical/other existing credit', -0.9320508917489864), ('cat__employment_4<=X<7', -0.6656808424310587)]","{'feature': 'credit_amount', 'from': 1424, 'to': 712.0, 'pd_before': 0.11437309057786067, 'pd_after': 0.10633493758468014, 'delta': -0.00803815299318053}"
0.6844988729566547,0.2527855261620131,6568.0,1136.4702861522644,20000.0,0.15,36.0,7863.529713847735,credit,"[('num__credit_amount', 0.7555710601588584), ('num__duration', 0.6842398507808253), ('num__installment_commitment', 0.5743042004776964)]","{'feature': 'credit_amount', 'from': 6568, 'to': 3284.0, 'pd_before': 0.6844988729566547, 'pd_after': 0.5979039697174027, 'delta': -0.08659490323925201}"
0.0026277145493582,0.1793221305699947,1413.0,0.6658160159587382,20000.0,0.15,36.0,8999.334183984041,credit,"[('cat__checking_status_no checking', -1.0176603432442761), ('cat__purpose_used car', -0.9813482536491334), ('num__installment_commitment', 0.8614563007165446)]","{'feature': 'credit_amount', 'from': 1413, 'to': 706.5, 'pd_before': 0.0026277145493582366, 'pd_after': 0.0024230936920821063, 'delta': -0.00020462085727613027}"
0.0089169665226184,0.4590770861908705,3074.0,12.58364957725172,20000.0,0.15,36.0,8987.416350422749,credit,"[('cat__checking_status_no checking', -1.0176603432442761), ('cat__credit_history_critical/other existing credit', -0.9320508917489864), ('cat__personal_status_male single', -0.6625914811599087)]","{'feature': 'credit_amount', 'from': 3074, 'to': 1537.0, 'pd_before': 0.008916966522618495, 'pd_after': 0.007482659128738561, 'delta': -0.0014343073938799349}"
0.0507274580318939,0.1789990815143678,3835.0,34.82244579585148,20000.0,0.15,36.0,8965.177554204149,credit,"[('num__duration', 1.026359776171238), ('cat__checking_status_no checking', -1.0176603432442761), ('cat__other_payment_plans_none', -0.6248186604287902)]","{'feature': 'credit_amount', 'from': 3835, 'to': 1917.5, 'pd_before': 0.05072745803189395, 'pd_after': 0.04109859200437764, 'delta': -0.009628866027516308}"
0.7063780968420976,0.3457081590964997,5293.0,1292.5541541720663,20000.0,0.15,36.0,7707.445845827933,cashflow,"[('num__duration', 0.7697698321284284), ('cat__personal_status_male single', -0.6625914811599087), ('num__credit_amount', 0.6088973236024418)]","{'feature': 'credit_amount', 'from': 5293, 'to': 2646.5, 'pd_before': 0.7063780968420976, 'pd_after': 0.6395494308508254, 'delta': -0.06682866599127224}"
0.1586498707782836,0.5076989649403628,1908.0,153.6824838473646,20000.0,0.15,36.0,8846.317516152636,credit,"[('num__installment_commitment', 1.1486084009553927), ('num__duration', 0.8552998134760316), ('cat__personal_status_male single', -0.6625914811599087)]","{'feature': 'credit_amount', 'from': 1908, 'to': 954.0, 'pd_before': 0.15864987077828366, 'pd_after': 0.14454351028378815, 'delta': -0.014106360494495512}"
0.0251025056699285,0.7530324010141247,3342.0,63.173826387996094,20000.0,0.15,36.0,8936.826173612004,credit,"[('num__installment_commitment', 1.1486084009553927), ('num__duration', 1.026359776171238), ('cat__checking_status_no checking', -1.0176603432442761)]","{'feature': 'credit_amount', 'from': 3342, 'to': 1671.0, 'pd_before': 0.02510250566992854, 'pd_after': 0.020803857697629123, 'delta': -0.004298647972299417}"
0.0246229232687282,0.1521967060089666,932.0,3.492695922472764,20000.0,0.15,36.0,8996.507304077528,credit,"[('cat__credit_history_critical/other existing credit', -0.9320508917489864), ('cat__employment_4<=X<7', -0.6656808424310587), ('cat__other_payment_plans_none', -0.6248186604287902)]","{'feature': 'credit_amount', 'from': 932, 'to': 466.0, 'pd_before': 0.024622923268728256, 'pd_after': 0.023367731790205824, 'delta': -0.0012551914785224327}"
0.5232206234738279,0.2742552144652977,3104.0,445.4115352780065,20000.0,0.15,36.0,8554.588464721994,credit,"[('num__installment_commitment', 0.8614563007165446), ('cat__employment_4<=X<7', -0.6656808424310587), ('cat__personal_status_male single', -0.6625914811599087)]","{'feature': 'credit_amount', 'from': 3104, 'to': 1552.0, 'pd_before': 0.5232206234738279, 'pd_after': 0.4786155608754412, 'delta': -0.0446050625983867}"
0.1738455756064424,0.132416095684445,3913.0,90.07707363875808,20000.0,0.15,36.0,8909.922926361241,credit,"[('num__duration', 1.026359776171238), ('cat__personal_status_male single', -0.6625914811599087), ('cat__other_payment_plans_none', -0.6248186604287902)]","{'feature': 'credit_amount', 'from': 3913, 'to': 1956.5, 'pd_before': 0.17384557560644248, 'pd_after': 0.1438485117549527, 'delta': -0.029997063851489786}"
0.7262840192051173,0.2838666412794342,3021.0,622.8329393481346,20000.0,0.15,36.0,8377.167060651866,credit,"[('num__duration', 0.6842398507808253), ('cat__other_payment_plans_none', -0.6248186604287902), ('num__installment_commitment', 0.5743042004776964)]","{'feature': 'credit_amount', 'from': 3021, 'to': 1510.5, 'pd_before': 0.7262840192051173, 'pd_after': 0.6904202865413067, 'delta': -0.0358637326638106}"
0.0901642803253182,0.1614951061675817,1364.0,19.861326792273434,20000.0,0.15,36.0,8980.138673207726,credit,"[('cat__checking_status_no checking', -1.0176603432442761), ('cat__other_payment_plans_none', -0.6248186604287902), ('num__age', -0.5909325278229258)]","{'feature': 'credit_amount', 'from': 1364, 'to': 682.0, 'pd_before': 0.09016428032531824, 'pd_after': 0.0839317592847244, 'delta': -0.006232521040593839}"
0.4538137334646633,0.6272279762473258,625.0,177.90291852142755,20000.0,0.15,36.0,8822.097081478572,cashflow,"[('num__installment_commitment', 1.1486084009553927), ('cat__other_parties_guarantor', -0.6376122101131426), ('cat__savings_status_<100', 0.5049896871194027)]","{'feature': 'credit_amount', 'from': 625, 'to': 312.5, 'pd_before': 0.4538137334646633, 'pd_after': 0.44491878532635537, 'delta': -0.008894948138307934}"
0.7129183685916191,0.2707310312866506,1200.0,231.6109501824067,20000.0,0.15,36.0,8768.389049817593,credit,"[('num__installment_commitment', 1.1486084009553927), ('cat__purpose_education', 0.8570681585031974), ('cat__savings_status_no known savings', -0.6074598829357278)]","{'feature': 'credit_amount', 'from': 1200, 'to': 600.0, 'pd_before': 0.7129183685916191, 'pd_after': 0.6985868057350696, 'delta': -0.014331562856549462}"
0.1684986780572212,0.4266393763329152,707.0,50.82493683991224,20000.0,0.15,36.0,8949.175063160088,credit,"[('num__installment_commitment', 1.1486084009553927), ('cat__checking_status_no checking', -1.0176603432442761), ('cat__personal_status_male single', -0.6625914811599087)]","{'feature': 'credit_amount', 'from': 707, 'to': 353.5, 'pd_before': 0.16849867805722124, 'pd_after': 0.16287764109156802, 'delta': -0.00562103696565322}"
0.0522980998459123,0.0723017851737488,2978.0,11.260550528602067,20000.0,0.15,36.0,8988.739449471397,credit,"[('num__installment_commitment', 1.1486084009553927), ('cat__checking_status_no checking', -1.0176603432442761), ('num__duration', 0.6842398507808253)]","{'feature': 'credit_amount', 'from': 2978, 'to': 1489.0, 'pd_before': 0.052298099845912334, 'pd_after': 0.044430901118596176, 'delta': -0.007867198727316158}"
0.0436437247453468,0.1735163242259453,4657.0,35.26698921489141,20000.0,0.15,36.0,8964.733010785108,credit,"[('cat__checking_status_no checking', -1.0176603432442761), ('cat__purpose_used car', -0.9813482536491334), ('num__installment_commitment', 0.8614563007165446)]","{'feature': 'credit_amount', 'from': 4657, 'to': 2328.5, 'pd_before': 0.0436437247453468, 'pd_after': 0.03373385051271908, 'delta': -0.009909874232627722}"
0.5120054293321958,0.2787074185914578,2613.0,372.874346186049,20000.0,0.15,36.0,8627.125653813951,credit,"[('num__installment_commitment', 1.1486084009553927), ('num__duration', 1.026359776171238), ('cat__checking_status_no checking', -1.0176603432442761)]","{'feature': 'credit_amount', 'from': 2613, 'to': 1306.5, 'pd_before': 0.512005429332196, 'pd_after': 0.4744556360604842, 'delta': -0.03754979327171176}"
0.5726563352196681,0.298372029950571,10961.0,1872.8472445440789,20000.0,0.15,36.0,7127.152755455922,credit,"[('num__duration', 1.3684797015616506), ('num__credit_amount', 1.2609339814861826), ('cat__employment_4<=X<7', -0.6656808424310587)]","{'feature': 'credit_amount', 'from': 10961, 'to': 5480.5, 'pd_before': 0.5726563352196682, 'pd_after': 0.41635133466129487, 'delta': -0.15630500055837332}"
0.5050344821162295,0.3008503173551267,7865.0,1195.0064028899044,20000.0,0.15,36.0,7804.993597110096,credit,"[('num__installment_commitment', 1.1486084009553927), ('num__credit_amount', 0.904775637659778), ('cat__personal_status_male single', -0.6625914811599087)]","{'feature': 'credit_amount', 'from': 7865, 'to': 3932.5, 'pd_before': 0.5050344821162295, 'pd_after': 0.3935893691382815, 'delta': -0.11144511297794796}"
0.0621780121625931,0.2241368837020046,1478.0,20.59797833198346,20000.0,0.15,36.0,8979.402021668016,credit,"[('num__installment_commitment', 1.1486084009553927), ('cat__checking_status_no checking', -1.0176603432442761), ('cat__employment_4<=X<7', -0.6656808424310587)]","{'feature': 'credit_amount', 'from': 1478, 'to': 739.0, 'pd_before': 0.062178012162593124, 'pd_after': 0.057401392984605414, 'delta': -0.004776619177987711}"
0.8334600044282999,0.127441936644179,3149.0,334.4797170443172,20000.0,0.15,36.0,8665.520282955684,cashflow,"[('num__installment_commitment', 1.1486084009553927), ('num__duration', 0.6842398507808253), ('cat__personal_status_male single', -0.6625914811599087)]","{'feature': 'credit_amount', 'from': 3149, 'to': 1574.5, 'pd_before': 0.8334600044282999, 'pd_after': 0.8067801491004797, 'delta': -0.026679855327820245}"
0.3920683231046469,0.2791084479928187,4210.0,460.6985367210057,20000.0,0.15,36.0,8539.301463278995,credit,"[('num__installment_commitment', 1.1486084009553927), ('num__duration', 1.026359776171238), ('cat__personal_status_male single', -0.6625914811599087)]","{'feature': 'credit_amount', 'from': 4210, 'to': 2105.0, 'pd_before': 0.392068323104647, 'pd_after': 0.3360868247943947, 'delta': -0.05598149831025229}"
0.0832284418071252,0.5065268922175599,2507.0,105.6887120394917,20000.0,0.15,36.0,8894.311287960509,credit,"[('cat__checking_status_no checking', -1.0176603432442761), ('cat__personal_status_male single', -0.6625914811599087), ('cat__housing_for free', -0.6370784452339096)]","{'feature': 'credit_amount', 'from': 2507, 'to': 1253.5, 'pd_before': 0.08322844180712531, 'pd_after': 0.0728664303566627, 'delta': -0.010362011450462616}"
0.0686117653335408,0.2971845333157523,2141.0,43.655751041183656,20000.0,0.15,36.0,8956.344248958816,credit,"[('cat__checking_status_no checking', -1.0176603432442761), ('num__installment_commitment', 0.8614563007165446), ('cat__employment_4<=X<7', -0.6656808424310587)]","{'feature': 'credit_amount', 'from': 2141, 'to': 1070.5, 'pd_before': 0.06861176533354085, 'pd_after': 0.06114800604669264, 'delta': -0.007463759286848212}"
0.2391632483490293,0.2583509088512709,866.0,53.50844486977154,20000.0,0.15,36.0,8946.49155513023,credit,"[('num__installment_commitment', 1.1486084009553927), ('cat__other_parties_guarantor', -0.6376122101131426), ('cat__other_payment_plans_none', -0.6248186604287902)]","{'feature': 'credit_amount', 'from': 866, 'to': 433.0, 'pd_before': 0.2391632483490293, 'pd_after': 0.230217409874779, 'delta': -0.00894583847425029}"
0.0197060986021858,0.1793106418996187,1544.0,5.455744364889263,20000.0,0.15,36.0,8994.54425563511,credit,"[('cat__checking_status_no checking', -1.0176603432442761), ('cat__credit_history_critical/other existing credit', -0.9320508917489864), ('cat__employment_4<=X<7', -0.6656808424310587)]","{'feature': 'credit_amount', 'from': 1544, 'to': 772.0, 'pd_before': 0.01970609860218582, 'pd_after': 0.018061718216885625, 'delta': -0.0016443803853001954}"
0.6645426853950804,0.4471054876698191,1823.0,541.6510022486741,20000.0,0.15,36.0,8458.348997751325,cashflow,"[('num__installment_commitment', 1.1486084009553927), ('num__duration', 0.6842398507808253), ('cat__personal_status_male single', -0.6625914811599087)]","{'feature': 'credit_amount', 'from': 1823, 'to': 911.5, 'pd_before': 0.6645426853950804, 'pd_after': 0.6407790520808525, 'delta': -0.023763633314227928}"
0.2781096103168508,0.3836808314563755,14555.0,1553.0960275332104,20000.0,0.15,36.0,7446.90397246679,cashflow,"[('num__credit_amount', 1.6743813612381524), ('cat__personal_status_male single', -0.6625914811599087), ('cat__other_payment_plans_none', -0.6248186604287902)]","{'feature': 'credit_amount', 'from': 14555, 'to': 7277.5, 'pd_before': 0.27810961031685083, 'pd_after': 0.1429442009268779, 'delta': -0.13516540938997293}"
0.8152444611638288,0.3094391934856747,2767.0,698.0271845350017,20000.0,0.15,36.0,8301.972815464998,credit,"[('num__installment_commitment', 1.1486084009553927), ('num__duration', 0.5987098694332221), ('num__age', -0.5632325655812261)]","{'feature': 'credit_amount', 'from': 2767, 'to': 1383.5, 'pd_before': 0.8152444611638288, 'pd_after': 0.7900619871885947, 'delta': -0.0251824739752341}"
0.083934166130902,0.2784128954231005,1291.0,30.168545294699506,20000.0,0.15,36.0,8969.8314547053,credit,"[('num__installment_commitment', 1.1486084009553927), ('cat__checking_status_no checking', -1.0176603432442761), ('cat__credit_history_critical/other existing credit', -0.9320508917489864)]","{'feature': 'credit_amount', 'from': 1291, 'to': 645.5, 'pd_before': 0.08393416613090202, 'pd_after': 0.0783981727593038, 'delta': -0.0055359933715982135}"
0.2519786285728346,0.0470097633079548,2522.0,29.87423924481321,20000.0,0.15,36.0,8970.125760755187,credit,"[('num__duration', 0.8552998134760316), ('cat__personal_status_male single', -0.6625914811599087), ('cat__other_parties_guarantor', -0.6376122101131426)]","{'feature': 'credit_amount', 'from': 2522, 'to': 1261.0, 'pd_before': 0.2519786285728346, 'pd_after': 0.22563049486254982, 'delta': -0.02634813371028477}"
0.6500631965758304,0.1968229021989553,915.0,117.07180234094824,20000.0,0.15,36.0,8882.928197659052,credit,"[('num__installment_commitment', 1.1486084009553927), ('num__duration', 0.6842398507808253), ('cat__savings_status_no known savings', -0.6074598829357278)]","{'feature': 'credit_amount', 'from': 915, 'to': 457.5, 'pd_before': 0.6500631965758304, 'pd_after': 0.6379983712476595, 'delta': -0.012064825328170992}"
0.0434327003292,0.1545552440931266,1595.0,10.70683880360001,20000.0,0.15,36.0,8989.2931611964,credit,"[('cat__checking_status_no checking', -1.0176603432442761), ('num__installment_commitment', 0.8614563007165446), ('cat__employment_4<=X<7', -0.6656808424310587)]","{'feature': 'credit_amount', 'from': 1595, 'to': 797.5, 'pd_before': 0.043432700329200095, 'pd_after': 0.039776816037666994, 'delta': -0.0036558842915331013}"
0.7908205558236232,0.1288056560503499,4605.0,469.07524915299,20000.0,0.15,36.0,8530.92475084701,credit,"[('num__duration', 1.3684797015616506), ('cat__purpose_used car', -0.9813482536491334), ('num__installment_commitment', 0.8614563007165446)]","{'feature': 'credit_amount', 'from': 4605, 'to': 2302.5, 'pd_before': 0.7908205558236233, 'pd_after': 0.7436454834956275, 'delta': -0.04717507232799578}"
0.0629783267739874,0.1631962383550566,1185.0,12.179223842481203,20000.0,0.15,36.0,8987.82077615752,credit,"[('cat__checking_status_no checking', -1.0176603432442761), ('cat__credit_history_critical/other existing credit', -0.9320508917489864), ('num__installment_commitment', 0.8614563007165446)]","{'feature': 'credit_amount', 'from': 1185, 'to': 592.5, 'pd_before': 0.06297832677398744, 'pd_after': 0.05907387152356806, 'delta': -0.0039044552504193877}"
0.1735347520199344,0.2044632848373834,3447.0,122.30468028216184,20000.0,0.15,36.0,8877.695319717839,credit,"[('num__installment_commitment', 1.1486084009553927), ('cat__checking_status_no checking', -1.0176603432442761), ('cat__other_payment_plans_none', -0.6248186604287902)]","{'feature': 'credit_amount', 'from': 3447, 'to': 1723.5, 'pd_before': 0.17353475201993446, 'pd_after': 0.14690956475606637, 'delta': -0.02662518726386809}"
0.0587714676070814,0.0833619449146266,1258.0,6.163324237278315,20000.0,0.15,36.0,8993.836675762721,credit,"[('num__installment_commitment', 1.1486084009553927), ('cat__checking_status_no checking', -1.0176603432442761), ('num__duration', 0.6842398507808253)]","{'feature': 'credit_amount', 'from': 1258, 'to': 629.0, 'pd_before': 0.058771467607081476, 'pd_after': 0.05489423425594524, 'delta': -0.003877233351136239}"
0.0461433385954379,0.0689393429700006,717.0,2.2808425662168377,20000.0,0.15,36.0,8997.719157433783,credit,"[('num__installment_commitment', 1.1486084009553927), ('cat__checking_status_no checking', -1.0176603432442761), ('cat__credit_history_critical/other existing credit', -0.9320508917489864)]","{'feature': 'credit_amount', 'from': 717, 'to': 358.5, 'pd_before': 0.046143338595437976, 'pd_after': 0.044361742565697165, 'delta': -0.0017815960297408104}"
0.3887909739460009,0.2639736188054245,1204.0,123.5671946630993,20000.0,0.15,36.0,8876.4328053369,credit,"[('num__installment_commitment', 1.1486084009553927), ('cat__checking_status_no checking', -1.0176603432442761), ('cat__foreign_worker_no', -0.8004849231861298)]","{'feature': 'credit_amount', 'from': 1204, 'to': 602.0, 'pd_before': 0.38879097394600093, 'pd_after': 0.3724664522015265, 'delta': -0.016324521744474407}"
0.1725827116634373,0.0964644945698908,1925.0,32.04760030032078,20000.0,0.15,36.0,8967.95239969968,credit,"[('num__duration', 0.6842398507808253), ('cat__personal_status_male single', -0.6625914811599087), ('cat__other_payment_plans_none', -0.6248186604287902)]","{'feature': 'credit_amount', 'from': 1925, 'to': 962.5, 'pd_before': 0.17258271166343736, 'pd_after': 0.15733968919998695, 'delta': -0.015243022463450412}"
0.3320391497796446,0.2396504624004163,433.0,34.45525439262436,20000.0,0.15,36.0,8965.544745607376,cashflow,"[('cat__checking_status_no checking', -1.0176603432442761), ('num__installment_commitment', 0.8614563007165446), ('cat__other_payment_plans_none', -0.6248186604287902)]","{'feature': 'credit_amount', 'from': 433, 'to': 216.5, 'pd_before': 0.3320391497796448, 'pd_after': 0.32653861304378184, 'delta': -0.005500536735862982}"
0.0625953039156669,0.1897957043314849,666.0,7.912292983148571,20000.0,0.15,36.0,8992.087707016852,credit,"[('cat__credit_history_critical/other existing credit', -0.9320508917489864), ('num__installment_commitment', 0.8614563007165446), ('cat__employment_4<=X<7', -0.6656808424310587)]","{'feature': 'credit_amount', 'from': 666, 'to': 333.0, 'pd_before': 0.06259530391566694, 'pd_after': 0.060384825309403124, 'delta': -0.002210478606263812}"
0.1760878940341682,0.288550672923689,2251.0,114.37394099418486,20000.0,0.15,36.0,8885.626059005815,credit,"[('cat__other_payment_plans_none', -0.6248186604287902), ('cat__savings_status_<100', 0.5049896871194027), ('num__age', -0.42473275437272795)]","{'feature': 'credit_amount', 'from': 2251, 'to': 1125.5, 'pd_before': 0.17608789403416825, 'pd_after': 0.1580836804581994, 'delta': -0.018004213575968847}"
0.8532931469547613,0.2025283838875734,2150.0,371.5545763754424,20000.0,0.15,36.0,8628.445423624558,credit,"[('num__installment_commitment', 1.1486084009553927), ('num__duration', 0.8552998134760316), ('cat__other_parties_guarantor', -0.6376122101131426)]","{'feature': 'credit_amount', 'from': 2150, 'to': 1075.0, 'pd_before': 0.8532931469547613, 'pd_after': 0.8371264039769852, 'delta': -0.016166742977776094}"
0.1036811981143771,0.2927631179634711,4151.0,125.99958199257088,20000.0,0.15,36.0,8874.000418007428,credit,"[('cat__checking_status_no checking', -1.0176603432442761), ('num__duration', 0.6842398507808253), ('cat__personal_status_male single', -0.6625914811599087)]","{'feature': 'credit_amount', 'from': 4151, 'to': 2075.5, 'pd_before': 0.10368119811437715, 'pd_after': 0.08349833423643648, 'delta': -0.020182863877940674}"
0.0339197469533146,0.1256266345379997,2030.0,8.650284017874739,20000.0,0.15,36.0,8991.349715982125,credit,"[('cat__employment_4<=X<7', -0.6656808424310587), ('cat__personal_status_male single', -0.6625914811599087), ('cat__other_payment_plans_none', -0.6248186604287902)]","{'feature': 'credit_amount', 'from': 2030, 'to': 1015.0, 'pd_before': 0.03391974695331468, 'pd_after': 0.03029487847716565, 'delta': -0.0036248684761490263}"
0.2313337364844279,0.1195072804020738,7418.0,205.0785154553546,20000.0,0.15,36.0,8794.921484544646,credit,"[('num__duration', 1.7105996269520631), ('num__credit_amount', 0.8533535511964696), ('cat__personal_status_male single', -0.6625914811599087)]","{'feature': 'credit_amount', 'from': 7418, 'to': 3709.0, 'pd_before': 0.231333736484428, 'pd_after': 0.16417693212160325, 'delta': -0.06715680436282476}"
0.071512317070768,0.1890917107000363,2684.0,36.29408501985776,20000.0,0.15,36.0,8963.705914980143,credit,"[('num__installment_commitment', 1.1486084009553927), ('cat__checking_status_no checking', -1.0176603432442761), ('cat__credit_history_critical/other existing credit', -0.9320508917489864)]","{'feature': 'credit_amount', 'from': 2684, 'to': 1342.0, 'pd_before': 0.071512317070768, 'pd_after': 0.061915544539662824, 'delta': -0.00959677253110517}"
0.7300417557365773,0.6230287464329333,2149.0,977.4447128286332,20000.0,0.15,36.0,8022.555287171367,credit,"[('num__installment_commitment', 1.1486084009553927), ('cat__housing_for free', -0.6370784452339096), ('cat__other_payment_plans_none', -0.6248186604287902)]","{'feature': 'credit_amount', 'from': 2149, 'to': 1074.5, 'pd_before': 0.7300417557365773, 'pd_after': 0.705000710653571, 'delta': -0.025041045083006308}"
0.0445576353443944,0.1768232864769678,3812.0,30.034090503335705,20000.0,0.15,36.0,8969.965909496665,cashflow,"[('cat__checking_status_no checking', -1.0176603432442761), ('cat__purpose_used car', -0.9813482536491334), ('cat__other_payment_plans_none', -0.6248186604287902)]","{'feature': 'credit_amount', 'from': 3812, 'to': 1906.0, 'pd_before': 0.04455763534439443, 'pd_after': 0.03610142384955414, 'delta': -0.008456211494840285}"
0.0768173860034644,0.2333098552562293,1154.0,20.68228020391324,20000.0,0.15,36.0,8979.317719796087,cashflow,"[('num__installment_commitment', 1.1486084009553927), ('cat__checking_status_no checking', -1.0176603432442761), ('cat__credit_history_critical/other existing credit', -0.9320508917489864)]","{'feature': 'credit_amount', 'from': 1154, 'to': 577.0, 'pd_before': 0.07681738600346448, 'pd_after': 0.07224040517180627, 'delta': -0.004576980831658209}"
0.2308680815624113,0.3316669781988222,1657.0,126.87867554052146,20000.0,0.15,36.0,8873.121324459478,credit,"[('cat__personal_status_male single', -0.6625914811599087), ('cat__other_payment_plans_none', -0.6248186604287902), ('num__installment_commitment', 0.5743042004776964)]","{'feature': 'credit_amount', 'from': 1657, 'to': 828.5, 'pd_before': 0.23086808156241134, 'pd_after': 0.21437964230363427, 'delta': -0.016488439258777077}"
0.5214250066167995,0.1010232362198877,1603.0,84.43969470789197,20000.0,0.15,36.0,8915.560305292109,credit,"[('num__installment_commitment', 1.1486084009553927), ('num__duration', 0.6842398507808253), ('cat__other_payment_plans_none', -0.6248186604287902)]","{'feature': 'credit_amount', 'from': 1603, 'to': 801.5, 'pd_before': 0.5214250066167995, 'pd_after': 0.49838735537658335, 'delta': -0.023037651240216117}"
0.3846410902247115,0.1935092307549613,5302.0,394.6363510794803,20000.0,0.15,36.0,8605.36364892052,credit,"[('cat__credit_history_critical/other existing credit', -0.9320508917489864), ('cat__personal_status_male single', -0.6625914811599087), ('cat__housing_for free', -0.6370784452339096)]","{'feature': 'credit_amount', 'from': 5302, 'to': 2651.0, 'pd_before': 0.38464109022471143, 'pd_after': 0.31542843629283046, 'delta': -0.06921265393188097}"
0.417783417990409,0.2241683358777793,2748.0,257.3606796855253,20000.0,0.15,36.0,8742.639320314474,credit,"[('cat__checking_status_no checking', -1.0176603432442761), ('cat__credit_history_critical/other existing credit', -0.9320508917489864), ('cat__purpose_education', 0.8570681585031974)]","{'feature': 'credit_amount', 'from': 2748, 'to': 1374.0, 'pd_before': 0.417783417990409, 'pd_after': 0.3799072607797849, 'delta': -0.037876157210624095}"
0.0370132477156703,0.4429747202175065,1231.0,20.1833935860153,20000.0,0.15,36.0,8979.816606413984,credit,"[('cat__checking_status_no checking', -1.0176603432442761), ('cat__credit_history_critical/other existing credit', -0.9320508917489864), ('num__installment_commitment', 0.8614563007165446)]","{'feature': 'credit_amount', 'from': 1231, 'to': 615.5, 'pd_before': 0.03701324771567034, 'pd_after': 0.03457058595546654, 'delta': -0.0024426617602038014}"
0.3047416073378841,0.2748742835940584,802.0,67.18003606063881,20000.0,0.15,36.0,8932.81996393936,credit,"[('num__installment_commitment', 1.1486084009553927), ('cat__personal_status_male single', -0.6625914811599087), ('cat__other_payment_plans_none', -0.6248186604287902)]","{'feature': 'credit_amount', 'from': 802, 'to': 401.0, 'pd_before': 0.3047416073378842, 'pd_after': 0.2950567350835496, 'delta': -0.009684872254334564}"
0.060639487704544,0.2825244079037377,6304.0,108.00098130510467,20000.0,0.15,36.0,8891.999018694896,credit,"[('num__installment_commitment', 1.1486084009553927), ('num__duration', 1.026359776171238), ('cat__checking_status_no checking', -1.0176603432442761)]","{'feature': 'credit_amount', 'from': 6304, 'to': 3152.0, 'pd_before': 0.06063948770454408, 'pd_after': 0.042989703009030864, 'delta': -0.017649784695513218}"
0.2863734502478364,0.2624837312888544,1533.0,115.2331139128556,20000.0,0.15,36.0,8884.766886087144,cashflow,"[('num__installment_commitment', 1.1486084009553927), ('cat__checking_status_no checking', -1.0176603432442761), ('num__duration', 0.6842398507808253)]","{'feature': 'credit_amount', 'from': 1533, 'to': 766.5, 'pd_before': 0.2863734502478363, 'pd_after': 0.2686977207167673, 'delta': -0.017675729531068995}"
0.414130579780532,0.5035530176666099,8978.0,1872.2425209391436,20000.0,0.15,36.0,7127.757479060857,credit,"[('num__credit_amount', 1.0328131818066735), ('cat__foreign_worker_no', -0.8004849231861298), ('cat__other_payment_plans_none', -0.6248186604287902)]","{'feature': 'credit_amount', 'from': 8978, 'to': 4489.0, 'pd_before': 0.4141305797805319, 'pd_after': 0.29664571279284985, 'delta': -0.11748486698768207}"
0.0612547556730019,0.3192473552413635,999.0,19.535863325817207,20000.0,0.15,36.0,8980.464136674183,credit,"[('num__installment_commitment', 1.1486084009553927), ('cat__checking_status_no checking', -1.0176603432442761), ('num__duration', 0.6842398507808253)]","{'feature': 'credit_amount', 'from': 999, 'to': 499.5, 'pd_before': 0.06125475567300193, 'pd_after': 0.05803268226159146, 'delta': -0.003222073411410474}"
0.0220904044413335,0.533519845836558,2662.0,31.37345133588396,20000.0,0.15,36.0,8968.626548664117,credit,"[('num__installment_commitment', 1.1486084009553927), ('cat__checking_status_no checking', -1.0176603432442761), ('cat__foreign_worker_no', -0.8004849231861298)]","{'feature': 'credit_amount', 'from': 2662, 'to': 1331.0, 'pd_before': 0.0220904044413336, 'pd_after': 0.019013866814582926, 'delta': -0.003076537626750673}"
0.0302824828626234,0.2610795538746499,1402.0,11.084404236618628,20000.0,0.15,36.0,8988.915595763381,credit,"[('cat__checking_status_no checking', -1.0176603432442761), ('cat__credit_history_critical/other existing credit', -0.9320508917489864), ('num__installment_commitment', 0.8614563007165446)]","{'feature': 'credit_amount', 'from': 1402, 'to': 701.0, 'pd_before': 0.030282482862623427, 'pd_after': 0.02800201707793952, 'delta': -0.002280465784683907}"
0.8320027661005728,0.4461383005847603,12169.0,4516.99042452449,,,,,cashflow,"[('num__credit_amount', 1.3999001569843406), ('num__duration', 1.3684797015616506), ('num__installment_commitment', 1.1486084009553927)]","{'feature': 'credit_amount', 'from': 12169, 'to': 6084.5, 'pd_before': 0.8320027661005728, 'pd_after': 0.7109367969055383, 'delta': -0.12106596919503443}"
0.4066503219202672,0.4322772327673448,3060.0,537.9041681427477,20000.0,0.15,36.0,8462.095831857252,credit,"[('num__duration', 1.3684797015616506), ('num__installment_commitment', 1.1486084009553927), ('cat__employment_4<=X<7', -0.6656808424310587)]","{'feature': 'credit_amount', 'from': 3060, 'to': 1530.0, 'pd_before': 0.40665032192026734, 'pd_after': 0.3649742539223015, 'delta': -0.04167606799796586}"
0.9295703010305828,0.4627273859603755,11998.0,5160.791350276446,,,,,cashflow,"[('num__credit_amount', 1.3802286205520682), ('num__duration', 0.8552998134760316), ('cat__other_payment_plans_none', -0.6248186604287902)]","{'feature': 'credit_amount', 'from': 11998, 'to': 5999.0, 'pd_before': 0.9295703010305827, 'pd_after': 0.8687547429852813, 'delta': -0.060815558045301366}"
0.0458332701614076,0.2137187242721137,2697.0,26.41826939182666,20000.0,0.15,36.0,8973.581730608174,credit,"[('cat__checking_status_no checking', -1.0176603432442761), ('cat__personal_status_male single', -0.6625914811599087), ('cat__other_payment_plans_none', -0.6248186604287902)]","{'feature': 'credit_amount', 'from': 2697, 'to': 1348.5, 'pd_before': 0.04583327016140769, 'pd_after': 0.039507440238178246, 'delta': -0.006325829923229442}"
0.0705158014249286,0.3853752110628194,2404.0,65.32880062517937,20000.0,0.15,36.0,8934.671199374821,credit,"[('cat__checking_status_no checking', -1.0176603432442761), ('cat__credit_history_critical/other existing credit', -0.9320508917489864), ('cat__other_payment_plans_none', -0.6248186604287902)]","{'feature': 'credit_amount', 'from': 2404, 'to': 1202.0, 'pd_before': 0.07051580142492869, 'pd_after': 0.061973638997336815, 'delta': -0.008542162427591878}"
0.187502883797889,0.2768969954544993,1262.0,65.52175927531427,20000.0,0.15,36.0,8934.478240724686,credit,"[('cat__other_payment_plans_none', -0.6248186604287902), ('cat__savings_status_no known savings', -0.6074598829357278), ('num__installment_commitment', 0.5743042004776964)]","{'feature': 'credit_amount', 'from': 1262, 'to': 631.0, 'pd_before': 0.18750288379788896, 'pd_after': 0.17669418328949274, 'delta': -0.010808700508396218}"
0.1463169456982348,0.1106419302366114,4611.0,74.64650745482172,20000.0,0.15,36.0,8925.353492545179,cashflow,"[('cat__checking_status_no checking', -1.0176603432442761), ('cat__other_payment_plans_none', -0.6248186604287902), ('num__credit_amount', 0.5304412543228527)]","{'feature': 'credit_amount', 'from': 4611, 'to': 2305.5, 'pd_before': 0.1463169456982348, 'pd_after': 0.11619100982392262, 'delta': -0.030125935874312185}"
0.107343236986002,0.2433528448262852,1901.0,49.65845825956424,20000.0,0.15,36.0,8950.341541740436,credit,"[('num__installment_commitment', 1.1486084009553927), ('cat__checking_status_no checking', -1.0176603432442761), ('num__duration', 0.6842398507808253)]","{'feature': 'credit_amount', 'from': 1901, 'to': 950.5, 'pd_before': 0.10734323698600201, 'pd_after': 0.09730674840460159, 'delta': -0.010036488581400424}"
0.0291986593112987,0.3106734453102335,3368.0,30.551963555941335,20000.0,0.15,36.0,8969.448036444059,credit,"[('cat__checking_status_no checking', -1.0176603432442761), ('cat__purpose_used car', -0.9813482536491334), ('cat__credit_history_critical/other existing credit', -0.9320508917489864)]","{'feature': 'credit_amount', 'from': 3368, 'to': 1684.0, 'pd_before': 0.029198659311298773, 'pd_after': 0.02418068113253538, 'delta': -0.005017978178763392}"
0.0837875276153842,0.1283946302578954,1574.0,16.93288522110233,20000.0,0.15,36.0,8983.067114778898,credit,"[('num__installment_commitment', 1.1486084009553927), ('cat__checking_status_no checking', -1.0176603432442761), ('cat__personal_status_male single', -0.6625914811599087)]","{'feature': 'credit_amount', 'from': 1574, 'to': 787.0, 'pd_before': 0.08378752761538426, 'pd_after': 0.07709419316198893, 'delta': -0.00669333445339533}"
0.1290601039779272,0.2515521246303597,1445.0,46.912421156157656,20000.0,0.15,36.0,8953.087578843842,credit,"[('num__installment_commitment', 1.1486084009553927), ('cat__employment_4<=X<7', -0.6656808424310587), ('cat__personal_status_male single', -0.6625914811599087)]","{'feature': 'credit_amount', 'from': 1445, 'to': 722.5, 'pd_before': 0.12906010397792722, 'pd_after': 0.12000214334963642, 'delta': -0.009057960628290798}"
0.0181685309124822,0.5165550927998779,1520.0,14.26527170073276,20000.0,0.15,36.0,8985.734728299267,credit,"[('num__installment_commitment', 1.1486084009553927), ('cat__checking_status_no checking', -1.0176603432442761), ('cat__credit_history_critical/other existing credit', -0.9320508917489864)]","{'feature': 'credit_amount', 'from': 1520, 'to': 760.0, 'pd_before': 0.018168530912482234, 'pd_after': 0.016672891429275957, 'delta': -0.001495639483206277}"
0.528725258685556,0.1393815683734149,3878.0,285.7874873700329,20000.0,0.15,36.0,8714.212512629967,cashflow,"[('num__installment_commitment', 1.1486084009553927), ('cat__credit_history_critical/other existing credit', -0.9320508917489864), ('num__duration', 0.6842398507808253)]","{'feature': 'credit_amount', 'from': 3878, 'to': 1939.0, 'pd_before': 0.528725258685556, 'pd_after': 0.4730183814280706, 'delta': -0.055706877257485354}"
0.8335275815396448,0.453822235476795,10722.0,4055.846862837492,,,,,cashflow,"[('num__duration', 1.3399697077791162), ('num__credit_amount', 1.2334398457709015), ('cat__other_payment_plans_none', -0.6248186604287902)]","{'feature': 'credit_amount', 'from': 10722, 'to': 5361.0, 'pd_before': 0.8335275815396448, 'pd_after': 0.7299003847347133, 'delta': -0.10362719680493149}"
0.4740358098186497,0.5750447851224506,4788.0,1305.1696360632889,20000.0,0.15,36.0,7694.830363936711,credit,"[('num__duration', 1.3684797015616506), ('num__installment_commitment', 1.1486084009553927), ('cat__purpose_used car', -0.9813482536491334)]","{'feature': 'credit_amount', 'from': 4788, 'to': 2394.0, 'pd_before': 0.4740358098186498, 'pd_after': 0.4062832508069707, 'delta': -0.06775255901167909}"
0.4958604954585953,0.1435007917845899,7582.0,539.5076254920227,20000.0,0.15,36.0,8460.492374507978,cashflow,"[('num__duration', 1.3684797015616506), ('num__credit_amount', 0.872219820055491), ('cat__personal_status_male single', -0.6625914811599087)]","{'feature': 'credit_amount', 'from': 7582, 'to': 3791.0, 'pd_before': 0.49586049545859534, 'pd_after': 0.3887265398811062, 'delta': -0.10713395557748912}"
0.1640863866408864,0.1436067644778679,1092.0,25.731795267755466,20000.0,0.15,36.0,8974.268204732245,credit,"[('num__installment_commitment', 1.1486084009553927), ('cat__other_parties_guarantor', -0.6376122101131426), ('cat__other_payment_plans_none', -0.6248186604287902)]","{'feature': 'credit_amount', 'from': 1092, 'to': 546.0, 'pd_before': 0.16408638664088634, 'pd_after': 0.15565185248108213, 'delta': -0.008434534159804219}"
0.6219251551347404,0.4770704943316458,1024.0,303.82299258615416,20000.0,0.15,36.0,8696.177007413846,cashflow,"[('num__installment_commitment', 1.1486084009553927), ('num__duration', 0.6842398507808253), ('cat__checking_status_<0', 0.5232774123312848)]","{'feature': 'credit_amount', 'from': 1024, 'to': 512.0, 'pd_before': 0.6219251551347406, 'pd_after': 0.6079797328113326, 'delta': -0.013945422323408008}"
0.0211574850954987,0.1737119924601446,1076.0,3.9546323671301487,20000.0,0.15,36.0,8996.04536763287,credit,"[('cat__checking_status_no checking', -1.0176603432442761), ('cat__foreign_worker_no', -0.8004849231861298), ('cat__other_payment_plans_none', -0.6248186604287902)]","{'feature': 'credit_amount', 'from': 1076, 'to': 538.0, 'pd_before': 0.021157485095498727, 'pd_after': 0.019913019034074792, 'delta': -0.001244466061423935}"
0.4663063579669914,0.0976251201850485,9398.0,427.82716742357087,20000.0,0.15,36.0,8572.172832576429,cashflow,"[('num__credit_amount', 1.0811292362017284), ('num__duration', 1.026359776171238), ('cat__purpose_used car', -0.9813482536491334)]","{'feature': 'credit_amount', 'from': 9398, 'to': 4699.0, 'pd_before': 0.4663063579669914, 'pd_after': 0.33725661608022955, 'delta': -0.12904974188676183}"
0.2739999497727629,0.1109609187919721,6419.0,195.158693962075,20000.0,0.15,36.0,8804.841306037924,credit,"[('cat__purpose_used car', -0.9813482536491334), ('cat__credit_history_critical/other existing credit', -0.9320508917489864), ('num__credit_amount', 0.738430364671089)]","{'feature': 'credit_amount', 'from': 6419, 'to': 3209.5, 'pd_before': 0.2739999497727628, 'pd_after': 0.20691253514586266, 'delta': -0.06708741462690015}"
0.1911323361624672,0.5718941974825725,4796.0,524.2386453164862,20000.0,0.15,36.0,8475.761354683515,credit,"[('num__duration', 1.1974197388664443), ('num__installment_commitment', 1.1486084009553927), ('cat__purpose_used car', -0.9813482536491334)]","{'feature': 'credit_amount', 'from': 4796, 'to': 2398.0, 'pd_before': 0.1911323361624673, 'pd_after': 0.1520604847667947, 'delta': -0.0390718513956726}"
0.4529803988455743,0.0715025584814393,7629.0,247.09764515777337,20000.0,0.15,36.0,8752.902354842226,credit,"[('num__duration', 1.3684797015616506), ('num__installment_commitment', 1.1486084009553927), ('cat__checking_status_no checking', -1.0176603432442761)]","{'feature': 'credit_amount', 'from': 7629, 'to': 3814.5, 'pd_before': 0.45298039884557445, 'pd_after': 0.34808917387282096, 'delta': -0.1048912249727535}"
0.7044375756128136,0.0631677309955434,9960.0,443.1973238634517,20000.0,0.15,36.0,8556.802676136549,cashflow,"[('num__duration', 1.3684797015616506), ('num__credit_amount', 1.1457807185113018), ('cat__other_payment_plans_none', -0.6248186604287902)]","{'feature': 'credit_amount', 'from': 9960, 'to': 4980.0, 'pd_before': 0.7044375756128136, 'pd_after': 0.5733737157201151, 'delta': -0.13106385989269853}"
0.0509818622785347,0.2508360425634146,4675.0,59.78431409495372,20000.0,0.15,36.0,8940.215685905046,cashflow,"[('cat__checking_status_no checking', -1.0176603432442761), ('cat__purpose_used car', -0.9813482536491334), ('cat__other_payment_plans_none', -0.6248186604287902)]","{'feature': 'credit_amount', 'from': 4675, 'to': 2337.5, 'pd_before': 0.050981862278534816, 'pd_after': 0.03943530579745557, 'delta': -0.011546556481079245}"
0.0372049301067575,0.5351052237499807,1287.0,25.62230700235061,20000.0,0.15,36.0,8974.37769299765,credit,"[('num__installment_commitment', 1.1486084009553927), ('cat__checking_status_no checking', -1.0176603432442761), ('cat__foreign_worker_no', -0.8004849231861298)]","{'feature': 'credit_amount', 'from': 1287, 'to': 643.5, 'pd_before': 0.037204930106757496, 'pd_after': 0.03464219388242327, 'delta': -0.0025627362243342278}"
0.0642594890859228,0.3333239164960762,2515.0,53.86934980400398,20000.0,0.15,36.0,8946.130650195995,credit,"[('cat__checking_status_no checking', -1.0176603432442761), ('num__installment_commitment', 0.8614563007165446), ('cat__personal_status_male single', -0.6625914811599087)]","{'feature': 'credit_amount', 'from': 2515, 'to': 1257.5, 'pd_before': 0.06425948908592283, 'pd_after': 0.056090206920258553, 'delta': -0.008169282165664274}"
0.0358678803565288,0.3397236734470744,2745.0,33.448286361702955,20000.0,0.15,36.0,8966.551713638297,credit,"[('cat__credit_history_critical/other existing credit', -0.9320508917489864), ('num__installment_commitment', 0.8614563007165446), ('cat__employment_4<=X<7', -0.6656808424310587)]","{'feature': 'credit_amount', 'from': 2745, 'to': 1372.5, 'pd_before': 0.035867880356528783, 'pd_after': 0.030790454792074422, 'delta': -0.005077425564454362}"
0.0776419191335488,0.6597044487461476,672.0,34.42032347818903,20000.0,0.15,36.0,8965.579676521811,cashflow,"[('cat__checking_status_no checking', -1.0176603432442761), ('cat__other_payment_plans_none', -0.6248186604287902), ('cat__savings_status_<100', 0.5049896871194027)]","{'feature': 'credit_amount', 'from': 672, 'to': 336.0, 'pd_before': 0.07764191913354895, 'pd_after': 0.07491864528983473, 'delta': -0.0027232738437142218}"
0.6322934099587306,0.1476476576775542,3804.0,355.1286621561498,20000.0,0.15,36.0,8644.87133784385,credit,"[('num__installment_commitment', 1.1486084009553927), ('num__duration', 1.026359776171238), ('cat__other_payment_plans_none', -0.6248186604287902)]","{'feature': 'credit_amount', 'from': 3804, 'to': 1902.0, 'pd_before': 0.6322934099587305, 'pd_after': 0.580119879719758, 'delta': -0.05217353023897253}"
0.1483247383748115,0.314223549012149,1344.0,62.63997693869233,20000.0,0.15,36.0,8937.360023061308,credit,"[('num__installment_commitment', 1.1486084009553927), ('cat__credit_history_critical/other existing credit', -0.9320508917489864), ('num__duration', 0.6842398507808253)]","{'feature': 'credit_amount', 'from': 1344, 'to': 672.0, 'pd_before': 0.14832473837481164, 'pd_after': 0.13882220776211085, 'delta': -0.009502530612700788}"
0.2201649300531801,0.1259729118756611,1038.0,28.78874039030498,20000.0,0.15,36.0,8971.211259609696,credit,"[('num__installment_commitment', 1.1486084009553927), ('cat__credit_history_critical/other existing credit', -0.9320508917489864), ('cat__employment_4<=X<7', -0.6656808424310587)]","{'feature': 'credit_amount', 'from': 1038, 'to': 519.0, 'pd_before': 0.22016493005318016, 'pd_after': 0.2100854637231122, 'delta': -0.010079466330067954}"
0.3660174330079259,0.252626757781322,10127.0,936.4011301911596,20000.0,0.15,36.0,8063.59886980884,credit,"[('num__duration', 1.3684797015616506), ('num__credit_amount', 1.1649921020445737), ('cat__checking_status_no checking', -1.0176603432442761)]","{'feature': 'credit_amount', 'from': 10127, 'to': 5063.5, 'pd_before': 0.3660174330079261, 'pd_after': 0.24382233233916129, 'delta': -0.12219510066876482}"
0.0790766458078427,0.2554715803017728,1543.0,31.17143243802792,20000.0,0.15,36.0,8968.828567561972,credit,"[('num__installment_commitment', 1.1486084009553927), ('cat__checking_status_no checking', -1.0176603432442761), ('cat__other_payment_plans_none', -0.6248186604287902)]","{'feature': 'credit_amount', 'from': 1543, 'to': 771.5, 'pd_before': 0.07907664580784275, 'pd_after': 0.07285010883701062, 'delta': -0.006226536970832128}"
0.0791803587305061,0.3336510540522455,4811.0,127.09993343486512,20000.0,0.15,36.0,8872.900066565135,credit,"[('cat__checking_status_no checking', -1.0176603432442761), ('cat__purpose_used car', -0.9813482536491334), ('num__duration', 0.8552998134760316)]","{'feature': 'credit_amount', 'from': 4811, 'to': 2405.5, 'pd_before': 0.07918035873050608, 'pd_after': 0.06121119938138223, 'delta': -0.017969159349123846}"
0.5146308964515343,0.3294318909244729,727.0,123.25254793467693,20000.0,0.15,36.0,8876.747452065323,cashflow,"[('num__installment_commitment', 1.1486084009553927), ('cat__other_payment_plans_none', -0.6248186604287902), ('cat__checking_status_<0', 0.5232774123312848)]","{'feature': 'credit_amount', 'from': 727, 'to': 363.5, 'pd_before': 0.5146308964515343, 'pd_after': 0.504180878393065, 'delta': -0.010450018058469235}"
0.2820979716571022,0.1462237564571175,1237.0,51.02553885443347,20000.0,0.15,36.0,8948.974461145566,credit,"[('num__installment_commitment', 0.8614563007165446), ('cat__other_payment_plans_none', -0.6248186604287902), ('cat__savings_status_<100', 0.5049896871194027)]","{'feature': 'credit_amount', 'from': 1237, 'to': 618.5, 'pd_before': 0.2820979716571023, 'pd_after': 0.2679144190969608, 'delta': -0.014183552560141532}"
0.559382658431947,0.1094436160332945,276.0,16.896957604290233,20000.0,0.15,36.0,8983.103042395709,credit,"[('num__installment_commitment', 1.1486084009553927), ('cat__other_payment_plans_none', -0.6248186604287902), ('cat__savings_status_<100', 0.5049896871194027)]","{'feature': 'credit_amount', 'from': 276, 'to': 138.0, 'pd_before': 0.5593826584319472, 'pd_after': 0.5554662108173408, 'delta': -0.003916447614606411}"
0.5124585839758486,0.1224337461687437,5381.0,337.61590837980435,20000.0,0.15,36.0,8662.384091620195,cashflow,"[('num__duration', 1.3684797015616506), ('num__installment_commitment', 0.8614563007165446), ('cat__personal_status_male single', -0.6625914811599087)]","{'feature': 'credit_amount', 'from': 5381, 'to': 2690.5, 'pd_before': 0.5124585839758488, 'pd_after': 0.4354458906584516, 'delta': -0.07701269331739719}"
0.2636636675313956,0.6188745764348573,5511.0,899.2559952523565,20000.0,0.15,36.0,8100.744004747644,credit,"[('num__installment_commitment', 1.1486084009553927), ('cat__checking_status_no checking', -1.0176603432442761), ('num__duration', 0.6842398507808253)]","{'feature': 'credit_amount', 'from': 5511, 'to': 2755.5, 'pd_before': 0.2636636675313956, 'pd_after': 0.2068529456284311, 'delta': -0.05681072190296449}"
0.4479124497458651,0.1819356352666903,3749.0,305.5106440953122,20000.0,0.15,36.0,8694.489355904689,cashflow,"[('num__duration', 0.6842398507808253), ('cat__other_payment_plans_none', -0.6248186604287902), ('num__installment_commitment', 0.5743042004776964)]","{'feature': 'credit_amount', 'from': 3749, 'to': 1874.5, 'pd_before': 0.4479124497458652, 'pd_after': 0.39538115484200304, 'delta': -0.05253129490386216}"
0.4411079182304037,0.1100591906047966,685.0,33.255366608116454,20000.0,0.15,36.0,8966.744633391883,credit,"[('cat__employment_4<=X<7', -0.6656808424310587), ('num__installment_commitment', 0.5743042004776964), ('cat__savings_status_<100', 0.5049896871194027)]","{'feature': 'credit_amount', 'from': 685, 'to': 342.5, 'pd_before': 0.4411079182304037, 'pd_after': 0.43141815986887605, 'delta': -0.009689758361527634}"
0.0322130511085465,0.4564085427940005,1494.0,21.96525370280821,20000.0,0.15,36.0,8978.034746297191,cashflow,"[('cat__foreign_worker_no', -0.8004849231861298), ('cat__personal_status_male single', -0.6625914811599087), ('cat__other_payment_plans_none', -0.6248186604287902)]","{'feature': 'credit_amount', 'from': 1494, 'to': 747.0, 'pd_before': 0.03221305110854658, 'pd_after': 0.029639093963245135, 'delta': -0.002573957145301446}"
0.8225681944601573,0.1761113052109823,2746.0,397.7953312329977,20000.0,0.15,36.0,8602.204668767003,credit,"[('num__installment_commitment', 1.1486084009553927), ('num__duration', 1.026359776171238), ('cat__personal_status_male single', -0.6625914811599087)]","{'feature': 'credit_amount', 'from': 2746, 'to': 1373.0, 'pd_before': 0.8225681944601573, 'pd_after': 0.7983313232838956, 'delta': -0.02423687117626172}"
0.2062228133853357,0.1864417540562044,708.0,27.221568482208863,20000.0,0.15,36.0,8972.77843151779,credit,"[('cat__personal_status_male single', -0.6625914811599087), ('cat__other_parties_guarantor', -0.6376122101131426), ('cat__other_payment_plans_none', -0.6248186604287902)]","{'feature': 'credit_amount', 'from': 708, 'to': 354.0, 'pd_before': 0.20622281338533577, 'pd_after': 0.1996362854422866, 'delta': -0.006586527943049175}"
0.106901074139864,0.2068990696246977,4351.0,96.23425533195277,20000.0,0.15,36.0,8903.765744668048,credit,"[('num__duration', 0.6842398507808253), ('cat__other_payment_plans_none', -0.6248186604287902), ('cat__savings_status_no known savings', -0.6074598829357278)]","{'feature': 'credit_amount', 'from': 4351, 'to': 2175.5, 'pd_before': 0.10690107413986401, 'pd_after': 0.0852502762043533, 'delta': -0.02165079793551071}"
0.1453388200314759,0.3059599060879528,701.0,31.171964061162743,20000.0,0.15,36.0,8968.828035938837,credit,"[('num__installment_commitment', 1.1486084009553927), ('cat__checking_status_no checking', -1.0176603432442761), ('cat__credit_history_critical/other existing credit', -0.9320508917489864)]","{'feature': 'credit_amount', 'from': 701, 'to': 350.5, 'pd_before': 0.14533882003147597, 'pd_after': 0.14040161387234565, 'delta': -0.00493720615913032}"
0.4823798268522736,0.4393342323265035,3643.0,772.0463120613242,20000.0,0.15,36.0,8227.953687938676,credit,"[('cat__other_payment_plans_none', -0.6248186604287902), ('cat__checking_status_<0', 0.5232774123312848), ('cat__savings_status_<100', 0.5049896871194027)]","{'feature': 'credit_amount', 'from': 3643, 'to': 1821.5, 'pd_before': 0.4823798268522736, 'pd_after': 0.43044102345436713, 'delta': -0.05193880339790646}"
0.6311452952977771,0.1569669469823317,4249.0,420.9439689968007,20000.0,0.15,36.0,8579.0560310032,cashflow,"[('num__installment_commitment', 1.1486084009553927), ('cat__credit_history_critical/other existing credit', -0.9320508917489864), ('num__duration', 0.8552998134760316)]","{'feature': 'credit_amount', 'from': 4249, 'to': 2124.5, 'pd_before': 0.6311452952977771, 'pd_after': 0.5726654705130033, 'delta': -0.05847982478477376}"
0.7509977298938797,0.5050397022085158,1938.0,735.0517521981304,20000.0,0.15,36.0,8264.948247801869,cashflow,"[('num__installment_commitment', 1.1486084009553927), ('num__duration', 0.6842398507808253), ('cat__other_payment_plans_none', -0.6248186604287902)]","{'feature': 'credit_amount', 'from': 1938, 'to': 969.0, 'pd_before': 0.7509977298938797, 'pd_after': 0.7295752364737408, 'delta': -0.02142249342013891}"
0.1127366221308627,0.3583059451620932,2910.0,117.54712766571332,20000.0,0.15,36.0,8882.452872334286,credit,"[('cat__purpose_used car', -0.9813482536491334), ('num__duration', 0.6842398507808253), ('cat__employment_4<=X<7', -0.6656808424310587)]","{'feature': 'credit_amount', 'from': 2910, 'to': 1455.0, 'pd_before': 0.11273662213086273, 'pd_after': 0.09704760818047026, 'delta': -0.015689013950392475}"
0.2218004374495541,0.1967363367398091,2659.0,116.02867056040796,20000.0,0.15,36.0,8883.971329439591,credit,"[('num__installment_commitment', 1.1486084009553927), ('cat__personal_status_male single', -0.6625914811599087), ('cat__other_payment_plans_none', -0.6248186604287902)]","{'feature': 'credit_amount', 'from': 2659, 'to': 1329.5, 'pd_before': 0.22180043744955416, 'pd_after': 0.19652628692716445, 'delta': -0.02527415052238971}"
0.1499254916302661,0.4512389687240004,1028.0,69.54648650708309,20000.0,0.15,36.0,8930.453513492917,credit,"[('num__installment_commitment', 1.1486084009553927), ('cat__checking_status_no checking', -1.0176603432442761), ('cat__credit_history_critical/other existing credit', -0.9320508917489864)]","{'feature': 'credit_amount', 'from': 1028, 'to': 514.0, 'pd_before': 0.1499254916302662, 'pd_after': 0.14254448156139618, 'delta': -0.007381010068870014}"
0.0479533558277261,0.471458318517816,3398.0,76.82201290279764,20000.0,0.15,36.0,8923.177987097202,credit,"[('cat__credit_history_critical/other existing credit', -0.9320508917489864), ('cat__foreign_worker_no', -0.8004849231861298), ('cat__employment_4<=X<7', -0.6656808424310587)]","{'feature': 'credit_amount', 'from': 3398, 'to': 1699.0, 'pd_before': 0.04795335582772608, 'pd_after': 0.03977858529709565, 'delta': -0.008174770530630426}"
0.0211847194225293,0.3261853580478449,5801.0,40.08575282717906,20000.0,0.15,36.0,8959.914247172821,credit,"[('cat__checking_status_no checking', -1.0176603432442761), ('cat__credit_history_critical/other existing credit', -0.9320508917489864), ('num__credit_amount', 0.6673367417755082)]","{'feature': 'credit_amount', 'from': 5801, 'to': 2900.5, 'pd_before': 0.021184719422529356, 'pd_after': 0.0152661841024236, 'delta': -0.005918535320105757}"
0.0893236600074746,0.7214215325008806,1525.0,98.27101782904953,20000.0,0.15,36.0,8901.728982170951,credit,"[('num__installment_commitment', 1.1486084009553927), ('cat__checking_status_no checking', -1.0176603432442761), ('num__duration', 0.6842398507808253)]","{'feature': 'credit_amount', 'from': 1525, 'to': 762.5, 'pd_before': 0.08932366000747473, 'pd_after': 0.08244071247217097, 'delta': -0.00688294753530376}"
0.4217727504254646,0.4912091300453067,4473.0,926.70999326293,20000.0,0.15,36.0,8073.29000673707,credit,"[('num__installment_commitment', 1.1486084009553927), ('num__duration', 1.026359776171238), ('cat__personal_status_male single', -0.6625914811599087)]","{'feature': 'credit_amount', 'from': 4473, 'to': 2236.5, 'pd_before': 0.4217727504254648, 'pd_after': 0.3605948450619169, 'delta': -0.06117790536354789}"
0.2755785345004256,0.3441697670462892,1068.0,101.29531442346315,20000.0,0.15,36.0,8898.704685576537,credit,"[('num__installment_commitment', 1.1486084009553927), ('cat__personal_status_male single', -0.6625914811599087), ('cat__other_payment_plans_none', -0.6248186604287902)]","{'feature': 'credit_amount', 'from': 1068, 'to': 534.0, 'pd_before': 0.27557853450042563, 'pd_after': 0.26348539625492934, 'delta': -0.012093138245496293}"
0.1479861848314099,0.4913346709759323,6615.0,480.9815678101174,20000.0,0.15,36.0,8519.018432189883,cashflow,"[('cat__purpose_used car', -0.9813482536491334), ('cat__credit_history_critical/other existing credit', -0.9320508917489864), ('num__credit_amount', 0.7609778567221146)]","{'feature': 'credit_amount', 'from': 6615, 'to': 3307.5, 'pd_before': 0.14798618483141002, 'pd_after': 0.10612268095379399, 'delta': -0.04186350387761603}"
0.1943886632398758,0.5114779676323982,1864.0,185.32916630638013,20000.0,0.15,36.0,8814.67083369362,credit,"[('num__installment_commitment', 1.1486084009553927), ('cat__checking_status_no checking', -1.0176603432442761), ('cat__credit_history_critical/other existing credit', -0.9320508917489864)]","{'feature': 'credit_amount', 'from': 1864, 'to': 932.0, 'pd_before': 0.19438866323987575, 'pd_after': 0.17814627222631432, 'delta': -0.016242391013561425}"
0.8966898492926227,0.047550755873553,7408.0,315.8643791141928,20000.0,0.15,36.0,8684.135620885807,cashflow,"[('num__duration', 1.7105996269520631), ('num__installment_commitment', 1.1486084009553927), ('num__credit_amount', 0.8522031689489682)]","{'feature': 'credit_amount', 'from': 7408, 'to': 3704.0, 'pd_before': 0.8966898492926227, 'pd_after': 0.8500346463991727, 'delta': -0.04665520289345004}"
0.4421168170287546,0.0502585939744893,11590.0,257.5317656216011,20000.0,0.15,36.0,8742.468234378399,credit,"[('num__duration', 1.3684797015616506), ('num__credit_amount', 1.333293024854015), ('cat__checking_status_no checking', -1.0176603432442761)]","{'feature': 'credit_amount', 'from': 11590, 'to': 5795.0, 'pd_before': 0.44211681702875466, 'pd_after': 0.2892104101885484, 'delta': -0.1529064068402063}"
0.959559456481579,0.1064771256858915,4110.0,419.9233560170956,20000.0,0.15,36.0,8580.076643982904,credit,"[('num__installment_commitment', 0.8614563007165446), ('num__duration', 0.6842398507808253), ('cat__personal_status_male single', -0.6625914811599087)]","{'feature': 'credit_amount', 'from': 4110, 'to': 2055.0, 'pd_before': 0.959559456481579, 'pd_after': 0.9493211214790624, 'delta': -0.010238335002516585}"
0.219643138984275,0.4642340361126316,3384.0,345.0523379767583,20000.0,0.15,36.0,8654.947662023242,credit,"[('cat__credit_history_critical/other existing credit', -0.9320508917489864), ('cat__other_payment_plans_none', -0.6248186604287902), ('cat__checking_status_<0', 0.5232774123312848)]","{'feature': 'credit_amount', 'from': 3384, 'to': 1692.0, 'pd_before': 0.219643138984275, 'pd_after': 0.18810176724991676, 'delta': -0.03154137173435825}"
0.26996922043528,0.1991288817750276,2101.0,112.9469635247808,20000.0,0.15,36.0,8887.05303647522,cashflow,"[('cat__other_parties_guarantor', -0.6376122101131426), ('cat__other_payment_plans_none', -0.6248186604287902), ('num__installment_commitment', 0.5743042004776964)]","{'feature': 'credit_amount', 'from': 2101, 'to': 1050.5, 'pd_before': 0.26996922043528, 'pd_after': 0.24682344269699244, 'delta': -0.02314577773828755}"
0.415341718311343,0.0845016829026074,1275.0,44.74876957563573,20000.0,0.15,36.0,8955.251230424365,credit,"[('num__installment_commitment', 1.1486084009553927), ('cat__other_payment_plans_none', -0.6248186604287902), ('cat__savings_status_no known savings', -0.6074598829357278)]","{'feature': 'credit_amount', 'from': 1275, 'to': 637.5, 'pd_before': 0.415341718311343, 'pd_after': 0.3976508714775455, 'delta': -0.017690846833797458}"
0.5462082896695446,0.1669492250597668,4169.0,380.1671522913866,20000.0,0.15,36.0,8619.832847708614,credit,"[('num__installment_commitment', 1.1486084009553927), ('num__duration', 0.6842398507808253), ('cat__personal_status_male single', -0.6625914811599087)]","{'feature': 'credit_amount', 'from': 4169, 'to': 2084.5, 'pd_before': 0.5462082896695445, 'pd_after': 0.48639458480957953, 'delta': -0.059813704859964956}"
0.5336709318916495,0.313913314822675,1521.0,254.80767151826748,20000.0,0.15,36.0,8745.192328481733,credit,"[('num__installment_commitment', 1.1486084009553927), ('cat__other_payment_plans_none', -0.6248186604287902), ('cat__savings_status_<100', 0.5049896871194027)]","{'feature': 'credit_amount', 'from': 1521, 'to': 760.5, 'pd_before': 0.5336709318916496, 'pd_after': 0.5118481083946971, 'delta': -0.021822823496952526}"
0.6624316550874553,0.3907372404257884,5743.0,1486.4992650393128,20000.0,0.15,36.0,7513.500734960688,cashflow,"[('cat__credit_history_critical/other existing credit', -0.9320508917489864), ('cat__purpose_education', 0.8570681585031974), ('num__duration', 0.6842398507808253)]","{'feature': 'credit_amount', 'from': 5743, 'to': 2871.5, 'pd_before': 0.6624316550874553, 'pd_after': 0.5851174516013107, 'delta': -0.0773142034861446}"
0.477315436232838,0.1638543895012978,3599.0,281.4786156231149,20000.0,0.15,36.0,8718.521384376885,credit,"[('cat__employment_4<=X<7', -0.6656808424310587), ('cat__other_payment_plans_none', -0.6248186604287902), ('num__duration', 0.5987098694332221)]","{'feature': 'credit_amount', 'from': 3599, 'to': 1799.5, 'pd_before': 0.47731543623283806, 'pd_after': 0.4260924755187015, 'delta': -0.05122296071413657}"
0.2612002069877883,0.3551753246347909,3213.0,298.0760128850497,20000.0,0.15,36.0,8701.923987114951,cashflow,"[('cat__other_payment_plans_none', -0.6248186604287902), ('num__duration', 0.513179888085619), ('cat__property_magnitude_real estate', -0.4704380927634033)]","{'feature': 'credit_amount', 'from': 3213, 'to': 1606.5, 'pd_before': 0.26120020698778823, 'pd_after': 0.22713695704123796, 'delta': -0.03406324994655027}"
0.3172582661977714,0.3637720979383461,4439.0,512.3036808636393,20000.0,0.15,36.0,8487.696319136361,credit,"[('cat__personal_status_male single', -0.6625914811599087), ('num__duration', 0.513179888085619), ('num__credit_amount', 0.5106546796658302)]","{'feature': 'credit_amount', 'from': 4439, 'to': 2219.5, 'pd_before': 0.3172582661977714, 'pd_after': 0.2646909766963414, 'delta': -0.052567289501430026}"
0.234275612633657,0.6001741981966855,3949.0,555.253796801328,20000.0,0.15,36.0,8444.746203198672,cashflow,"[('cat__personal_status_male single', -0.6625914811599087), ('cat__other_parties_guarantor', -0.6376122101131426), ('cat__other_payment_plans_none', -0.6248186604287902)]","{'feature': 'credit_amount', 'from': 3949, 'to': 1974.5, 'pd_before': 0.234275612633657, 'pd_after': 0.19600277220522366, 'delta': -0.03827284042843335}"
0.0776627755307022,0.3013840928955246,1459.0,34.149828401246324,20000.0,0.15,36.0,8965.850171598753,credit,"[('num__installment_commitment', 1.1486084009553927), ('cat__checking_status_no checking', -1.0176603432442761), ('cat__credit_history_critical/other existing credit', -0.9320508917489864)]","{'feature': 'credit_amount', 'from': 1459, 'to': 729.5, 'pd_before': 0.07766277553070228, 'pd_after': 0.07186050489874309, 'delta': -0.005802270631959192}"
0.1240281258114118,0.844224763603197,882.0,92.35211660047892,20000.0,0.15,36.0,8907.64788339952,cashflow,"[('num__installment_commitment', 1.1486084009553927), ('cat__credit_history_critical/other existing credit', -0.9320508917489864), ('cat__personal_status_male single', -0.6625914811599087)]","{'feature': 'credit_amount', 'from': 882, 'to': 441.0, 'pd_before': 0.12402812581141187, 'pd_after': 0.11862065605534447, 'delta': -0.005407469756067401}"
0.5544337923444981,0.2309006825394549,3758.0,481.09593216091366,20000.0,0.15,36.0,8518.904067839087,cashflow,"[('num__duration', 0.6842398507808253), ('cat__other_payment_plans_none', -0.6248186604287902), ('num__credit_amount', 0.4323136486109912)]","{'feature': 'credit_amount', 'from': 3758, 'to': 1879.0, 'pd_before': 0.5544337923444981, 'pd_after': 0.5006111808406286, 'delta': -0.053822611503869466}"
0.0294831487715774,0.1735937578697905,1743.0,8.920831896787766,20000.0,0.15,36.0,8991.079168103211,credit,"[('cat__checking_status_no checking', -1.0176603432442761), ('cat__personal_status_male single', -0.6625914811599087), ('cat__other_payment_plans_none', -0.6248186604287902)]","{'feature': 'credit_amount', 'from': 1743, 'to': 871.5, 'pd_before': 0.029483148771577487, 'pd_after': 0.02674585579694391, 'delta': -0.0027372929746335775}"
0.2502934807222952,0.4336754522596096,1136.0,123.30841327905604,20000.0,0.15,36.0,8876.691586720945,credit,"[('num__installment_commitment', 1.1486084009553927), ('cat__credit_history_critical/other existing credit', -0.9320508917489864), ('cat__purpose_education', 0.8570681585031974)]","{'feature': 'credit_amount', 'from': 1136, 'to': 568.0, 'pd_before': 0.25029348072229546, 'pd_after': 0.23823339318081493, 'delta': -0.012060087541480524}"
0.126862902462683,0.5582146084266786,1236.0,87.52947262168911,20000.0,0.15,36.0,8912.470527378311,cashflow,"[('cat__checking_status_no checking', -1.0176603432442761), ('cat__other_payment_plans_none', -0.6248186604287902), ('cat__savings_status_<100', 0.5049896871194027)]","{'feature': 'credit_amount', 'from': 1236, 'to': 618.0, 'pd_before': 0.12686290246268314, 'pd_after': 0.11919460541023853, 'delta': -0.007668297052444609}"
0.0877258046273488,0.0967822291485682,959.0,8.14219666973346,20000.0,0.15,36.0,8991.857803330267,credit,"[('cat__foreign_worker_no', -0.8004849231861298), ('cat__other_payment_plans_none', -0.6248186604287902), ('cat__savings_status_<100', 0.5049896871194027)]","{'feature': 'credit_amount', 'from': 959, 'to': 479.5, 'pd_before': 0.08772580462734889, 'pd_after': 0.08341051399224238, 'delta': -0.0043152906351065085}"
0.0117740712949081,0.14901276044395,3229.0,5.665238088112273,20000.0,0.15,36.0,8994.334761911889,cashflow,"[('cat__checking_status_no checking', -1.0176603432442761), ('cat__purpose_used car', -0.9813482536491334), ('cat__credit_history_critical/other existing credit', -0.9320508917489864)]","{'feature': 'credit_amount', 'from': 3229, 'to': 1614.5, 'pd_before': 0.011774071294908171, 'pd_after': 0.009797901885433528, 'delta': -0.0019761694094746433}"
0.7039091161323237,0.3118149251954397,6199.0,1360.614594656978,20000.0,0.15,36.0,7639.385405343022,credit,"[('num__installment_commitment', 1.1486084009553927), ('num__credit_amount', 0.7131219552260603), ('cat__personal_status_male single', -0.6625914811599087)]","{'feature': 'credit_amount', 'from': 6199, 'to': 3099.5, 'pd_before': 0.7039091161323237, 'pd_after': 0.6246709273301309, 'delta': -0.0792381888021928}"
0.1333142829066443,0.4504520677903152,727.0,43.6575818297313,20000.0,0.15,36.0,8956.342418170269,credit,"[('num__installment_commitment', 1.1486084009553927), ('cat__checking_status_no checking', -1.0176603432442761), ('cat__purpose_education', 0.8570681585031974)]","{'feature': 'credit_amount', 'from': 727, 'to': 363.5, 'pd_before': 0.13331428290664435, 'pd_after': 0.1285563985754843, 'delta': -0.004757884331160062}"
0.6634323282240379,0.0994109137269719,1246.0,82.17670777517591,20000.0,0.15,36.0,8917.823292224824,cashflow,"[('num__installment_commitment', 1.1486084009553927), ('num__duration', 0.6842398507808253), ('cat__personal_status_male single', -0.6625914811599087)]","{'feature': 'credit_amount', 'from': 1246, 'to': 623.0, 'pd_before': 0.6634323282240379, 'pd_after': 0.647246753508337, 'delta': -0.016185574715700812}"
0.0061661766406313,0.2871116810911284,2331.0,4.126758906329065,20000.0,0.15,36.0,8995.873241093672,credit,"[('cat__checking_status_no checking', -1.0176603432442761), ('cat__credit_history_critical/other existing credit', -0.9320508917489864), ('cat__personal_status_male single', -0.6625914811599087)]","{'feature': 'credit_amount', 'from': 2331, 'to': 1165.5, 'pd_before': 0.006166176640631344, 'pd_after': 0.005396636776805069, 'delta': -0.0007695398638262749}"
0.1819952722404928,0.5869732563053821,4463.0,476.7660338759098,20000.0,0.15,36.0,8523.233966124091,credit,"[('num__installment_commitment', 1.1486084009553927), ('num__duration', 1.026359776171238), ('cat__checking_status_no checking', -1.0176603432442761)]","{'feature': 'credit_amount', 'from': 4463, 'to': 2231.5, 'pd_before': 0.18199527224049297, 'pd_after': 0.14684104479790624, 'delta': -0.03515422744258673}"
0.1092563425119815,0.3282375174708196,776.0,27.82893577204174,20000.0,0.15,36.0,8972.171064227958,credit,"[('num__installment_commitment', 1.1486084009553927), ('cat__checking_status_no checking', -1.0176603432442761), ('cat__other_payment_plans_none', -0.6248186604287902)]","{'feature': 'credit_amount', 'from': 776, 'to': 388.0, 'pd_before': 0.10925634251198162, 'pd_after': 0.10498766549902311, 'delta': -0.004268677012958508}"
0.6600309643574321,0.2729112002234095,2406.0,433.3924014577673,20000.0,0.15,36.0,8566.607598542232,credit,"[('num__installment_commitment', 1.1486084009553927), ('num__duration', 0.8552998134760316), ('cat__employment_4<=X<7', -0.6656808424310587)]","{'feature': 'credit_amount', 'from': 2406, 'to': 1203.0, 'pd_before': 0.6600309643574321, 'pd_after': 0.6283258153528909, 'delta': -0.031705149004541244}"
0.2880282390712882,0.6751988944487091,1239.0,240.95619590417743,20000.0,0.15,36.0,8759.043804095823,credit,"[('num__installment_commitment', 1.1486084009553927), ('cat__purpose_education', 0.8570681585031974), ('cat__personal_status_male single', -0.6625914811599087)]","{'feature': 'credit_amount', 'from': 1239, 'to': 619.5, 'pd_before': 0.2880282390712882, 'pd_after': 0.2736373135957665, 'delta': -0.014390925475521732}"
0.0481356455694541,0.3942381008617035,3399.0,64.50250177088938,20000.0,0.15,36.0,8935.497498229111,credit,"[('cat__personal_status_male single', -0.6625914811599087), ('cat__other_payment_plans_none', -0.6248186604287902), ('cat__savings_status_no known savings', -0.6074598829357278)]","{'feature': 'credit_amount', 'from': 3399, 'to': 1699.5, 'pd_before': 0.048135645569454134, 'pd_after': 0.03992889784391138, 'delta': -0.008206747725542751}"
0.3865401255270172,0.4468737485079642,2247.0,388.1347244922148,20000.0,0.15,36.0,8611.865275507786,credit,"[('num__installment_commitment', 0.5743042004776964), ('cat__savings_status_<100', 0.5049896871194027), ('cat__own_telephone_yes', -0.48588636629150395)]","{'feature': 'credit_amount', 'from': 2247, 'to': 1123.5, 'pd_before': 0.38654012552701716, 'pd_after': 0.3563768552074422, 'delta': -0.030163270319574942}"
0.1215633584958745,0.5620829957429613,1766.0,120.66847840034424,20000.0,0.15,36.0,8879.331521599655,credit,"[('cat__checking_status_no checking', -1.0176603432442761), ('cat__other_payment_plans_none', -0.6248186604287902), ('cat__savings_status_<100', 0.5049896871194027)]","{'feature': 'credit_amount', 'from': 1766, 'to': 883.0, 'pd_before': 0.12156335849587452, 'pd_after': 0.11112638130210892, 'delta': -0.0104369771937656}"
0.565981572042673,0.384664516944324,2473.0,538.4043182667119,20000.0,0.15,36.0,8461.595681733288,cashflow,"[('num__installment_commitment', 1.1486084009553927), ('cat__personal_status_male single', -0.6625914811599087), ('cat__other_payment_plans_none', -0.6248186604287902)]","{'feature': 'credit_amount', 'from': 2473, 'to': 1236.5, 'pd_before': 0.5659815720426729, 'pd_after': 0.5307685135423754, 'delta': -0.035213058500297434}"
0.0276078187848836,0.2384618526804491,1542.0,10.151620711732397,20000.0,0.15,36.0,8989.848379288267,credit,"[('cat__checking_status_no checking', -1.0176603432442761), ('cat__employment_4<=X<7', -0.6656808424310587), ('cat__personal_status_male single', -0.6625914811599087)]","{'feature': 'credit_amount', 'from': 1542, 'to': 771.0, 'pd_before': 0.027607818784883675, 'pd_after': 0.0253239480263258, 'delta': -0.002283870758557873}"
0.0229323772858312,0.3991122287873408,3850.0,35.23748000827019,20000.0,0.15,36.0,8964.76251999173,credit,"[('cat__checking_status_no checking', -1.0176603432442761), ('cat__purpose_used car', -0.9813482536491334), ('cat__credit_history_critical/other existing credit', -0.9320508917489864)]","{'feature': 'credit_amount', 'from': 3850, 'to': 1925.0, 'pd_before': 0.022932377285831283, 'pd_after': 0.01846112085444921, 'delta': -0.004471256431382072}"
0.6558449819722388,0.3292217843945704,3650.0,788.1023616666074,20000.0,0.15,36.0,8211.897638333392,cashflow,"[('cat__other_payment_plans_none', -0.6248186604287902), ('cat__checking_status_<0', 0.5232774123312848), ('num__duration', 0.513179888085619)]","{'feature': 'credit_amount', 'from': 3650, 'to': 1825.0, 'pd_before': 0.6558449819722388, 'pd_after': 0.607040153140129, 'delta': -0.04880482883210979}"
0.6696961647983027,0.202274917924477,3446.0,466.8045909056767,20000.0,0.15,36.0,8533.195409094324,credit,"[('num__installment_commitment', 1.1486084009553927), ('num__duration', 1.026359776171238), ('cat__personal_status_male single', -0.6625914811599087)]","{'feature': 'credit_amount', 'from': 3446, 'to': 1723.0, 'pd_before': 0.6696961647983026, 'pd_after': 0.624478299366115, 'delta': -0.04521786543218764}"
0.3157005513704454,0.7354013949979206,3001.0,696.7320442641942,20000.0,0.15,36.0,8303.267955735806,credit,"[('cat__employment_4<=X<7', -0.6656808424310587), ('cat__other_payment_plans_none', -0.6248186604287902), ('num__installment_commitment', 0.5743042004776964)]","{'feature': 'credit_amount', 'from': 3001, 'to': 1500.5, 'pd_before': 0.3157005513704455, 'pd_after': 0.27964638554174004, 'delta': -0.036054165828705464}"
0.114343956748386,0.4026615029632686,3079.0,141.76303928606305,20000.0,0.15,36.0,8858.236960713937,credit,"[('num__installment_commitment', 1.1486084009553927), ('num__duration', 1.026359776171238), ('cat__checking_status_no checking', -1.0176603432442761)]","{'feature': 'credit_amount', 'from': 3079, 'to': 1539.5, 'pd_before': 0.11434395674838617, 'pd_after': 0.09759660465626298, 'delta': -0.01674735209212319}"
0.0638488587638948,0.453930713632701,6070.0,175.92655520160284,20000.0,0.15,36.0,8824.073444798398,credit,"[('cat__checking_status_no checking', -1.0176603432442761), ('cat__credit_history_critical/other existing credit', -0.9320508917489864), ('num__installment_commitment', 0.8614563007165446)]","{'feature': 'credit_amount', 'from': 6070, 'to': 3035.0, 'pd_before': 0.06384885876389482, 'pd_after': 0.04589580164497785, 'delta': -0.017953057118916968}"
0.1093002053591112,0.4051437627781962,2146.0,95.02980822809631,20000.0,0.15,36.0,8904.970191771903,cashflow,"[('cat__checking_status_no checking', -1.0176603432442761), ('cat__credit_history_critical/other existing credit', -0.9320508917489864), ('cat__other_payment_plans_none', -0.6248186604287902)]","{'feature': 'credit_amount', 'from': 2146, 'to': 1073.0, 'pd_before': 0.10930020535911128, 'pd_after': 0.09784999368962378, 'delta': -0.011450211669487495}"
0.3129211796940063,0.0813259176561663,13756.0,350.07097038670247,20000.0,0.15,36.0,8649.929029613299,credit,"[('num__duration', 1.7105996269520631), ('num__credit_amount', 1.5824658196627979), ('cat__checking_status_no checking', -1.0176603432442761)]","{'feature': 'credit_amount', 'from': 13756, 'to': 6878.0, 'pd_before': 0.31292117969400624, 'pd_after': 0.17111712599967271, 'delta': -0.14180405369433352}"
0.9359010823774008,0.3763773733725502,14782.0,5206.988932761455,,,,,credit,"[('num__duration', 1.7105996269520631), ('num__credit_amount', 1.7004950382564321), ('num__installment_commitment', 0.8614563007165446)]","{'feature': 'credit_amount', 'from': 14782, 'to': 7391.0, 'pd_before': 0.9359010823774008, 'pd_after': 0.861861144339865, 'delta': -0.07403993803753572}"
0.7267524452973063,0.1899769793975343,7685.0,1061.039010805716,20000.0,0.15,36.0,7938.960989194284,credit,"[('num__duration', 1.3684797015616506), ('num__credit_amount', 0.8840687572047544), ('cat__employment_4<=X<7', -0.6656808424310587)]","{'feature': 'credit_amount', 'from': 7685, 'to': 3842.5, 'pd_before': 0.7267524452973063, 'pd_after': 0.6309217926811623, 'delta': -0.09583065261614399}"
0.1435598479231201,0.1397509286652968,2320.0,46.5452831938272,20000.0,0.15,36.0,8953.454716806173,cashflow,"[('cat__checking_status_no checking', -1.0176603432442761), ('cat__other_payment_plans_none', -0.6248186604287902), ('num__installment_commitment', 0.5743042004776964)]","{'feature': 'credit_amount', 'from': 2320, 'to': 1160.0, 'pd_before': 0.14355984792312015, 'pd_after': 0.12791992416361953, 'delta': -0.01563992375950063}"
0.0291979735876169,0.267662567541786,846.0,6.61166307254708,20000.0,0.15,36.0,8993.388336927454,credit,"[('cat__checking_status_no checking', -1.0176603432442761), ('num__installment_commitment', 0.8614563007165446), ('cat__personal_status_male single', -0.6625914811599087)]","{'feature': 'credit_amount', 'from': 846, 'to': 423.0, 'pd_before': 0.029197973587616992, 'pd_after': 0.027849803063477348, 'delta': -0.0013481705241396441}"
0.8089990235839195,0.2452950040411591,14318.0,2841.31286979582,,,,,credit,"[('num__credit_amount', 1.6471173019723715), ('num__installment_commitment', 1.1486084009553927), ('num__duration', 1.026359776171238)]","{'feature': 'credit_amount', 'from': 14318, 'to': 7159.0, 'pd_before': 0.8089990235839195, 'pd_after': 0.6502095691766764, 'delta': -0.15878945440724312}"
0.085290393419787,0.6160752426083786,362.0,19.021398534209887,20000.0,0.15,36.0,8980.97860146579,credit,"[('num__installment_commitment', 1.1486084009553927), ('cat__checking_status_no checking', -1.0176603432442761), ('cat__credit_history_critical/other existing credit', -0.9320508917489864)]","{'feature': 'credit_amount', 'from': 362, 'to': 181.0, 'pd_before': 0.08529039341978703, 'pd_after': 0.08367991654827053, 'delta': -0.0016104768715164974}"
0.1049700712153706,0.1940227560154299,2212.0,45.05088052614885,20000.0,0.15,36.0,8954.949119473851,credit,"[('num__installment_commitment', 1.1486084009553927), ('cat__employment_4<=X<7', -0.6656808424310587), ('cat__personal_status_male single', -0.6625914811599087)]","{'feature': 'credit_amount', 'from': 2212, 'to': 1106.0, 'pd_before': 0.10497007121537064, 'pd_after': 0.09360306828638909, 'delta': -0.011367002928981546}"
0.5374607868860688,0.1623062385757122,12976.0,1131.93850538963,20000.0,0.15,36.0,7868.061494610371,cashflow,"[('num__credit_amount', 1.492736004357696), ('cat__purpose_used car', -0.9813482536491334), ('num__installment_commitment', 0.8614563007165446)]","{'feature': 'credit_amount', 'from': 12976, 'to': 6488.0, 'pd_before': 0.5374607868860688, 'pd_after': 0.35520358257279044, 'delta': -0.18225720431327835}"
0.1535200704830014,0.1919270236106996,1283.0,37.803146196730246,20000.0,0.15,36.0,8962.19685380327,credit,"[('num__installment_commitment', 1.1486084009553927), ('cat__checking_status_no checking', -1.0176603432442761), ('cat__employment_4<=X<7', -0.6656808424310587)]","{'feature': 'credit_amount', 'from': 1283, 'to': 641.5, 'pd_before': 0.15352007048300145, 'pd_after': 0.14417325711960577, 'delta': -0.009346813363395684}"
0.3703615549278103,0.4490111999182814,1330.0,221.1743266217097,20000.0,0.15,36.0,8778.825673378291,cashflow,"[('num__installment_commitment', 1.1486084009553927), ('cat__personal_status_male single', -0.6625914811599087), ('cat__other_payment_plans_none', -0.6248186604287902)]","{'feature': 'credit_amount', 'from': 1330, 'to': 665.0, 'pd_before': 0.37036155492781037, 'pd_after': 0.3527058342774604, 'delta': -0.017655720650349982}"
0.1226441648006245,0.0748611923055077,4272.0,39.22246407166206,20000.0,0.15,36.0,8960.777535928339,credit,"[('cat__checking_status_no checking', -1.0176603432442761), ('num__duration', 0.8552998134760316), ('cat__personal_status_male single', -0.6625914811599087)]","{'feature': 'credit_amount', 'from': 4272, 'to': 2136.0, 'pd_before': 0.12264416480062455, 'pd_after': 0.0985583011823683, 'delta': -0.02408586361825625}"
0.0697935773548995,0.4032848520028975,2238.0,62.99229784705589,20000.0,0.15,36.0,8937.007702152945,credit,"[('cat__checking_status_no checking', -1.0176603432442761), ('cat__credit_history_critical/other existing credit', -0.9320508917489864), ('cat__other_payment_plans_none', -0.6248186604287902)]","{'feature': 'credit_amount', 'from': 2238, 'to': 1119.0, 'pd_before': 0.06979357735489963, 'pd_after': 0.06188514017418396, 'delta': -0.007908437180715676}"
0.0985091779238901,0.3053809986534025,1126.0,33.87326785341962,20000.0,0.15,36.0,8966.12673214658,cashflow,"[('num__installment_commitment', 1.1486084009553927), ('cat__checking_status_no checking', -1.0176603432442761), ('cat__other_payment_plans_none', -0.6248186604287902)]","{'feature': 'credit_amount', 'from': 1126, 'to': 563.0, 'pd_before': 0.09850917792389019, 'pd_after': 0.0929052577242315, 'delta': -0.005603920199658691}"
0.4196174803168928,0.4055616647572093,7374.0,1254.9129528403876,20000.0,0.15,36.0,7745.087047159613,cashflow,"[('num__installment_commitment', 1.1486084009553927), ('cat__credit_history_critical/other existing credit', -0.9320508917489864), ('num__credit_amount', 0.8482918693074638)]","{'feature': 'credit_amount', 'from': 7374, 'to': 3687.0, 'pd_before': 0.41961748031689283, 'pd_after': 0.32115045433228206, 'delta': -0.09846702598461077}"
0.1159062098962273,0.2648311315589555,2326.0,71.39790215027341,20000.0,0.15,36.0,8928.602097849727,credit,"[('cat__credit_history_critical/other existing credit', -0.9320508917489864), ('cat__personal_status_male single', -0.6625914811599087), ('num__installment_commitment', 0.5743042004776964)]","{'feature': 'credit_amount', 'from': 2326, 'to': 1163.0, 'pd_before': 0.11590620989622742, 'pd_after': 0.10288508475342008, 'delta': -0.013021125142807344}"
0.0981158550378584,0.3973869480941679,1449.0,56.49645231986617,20000.0,0.15,36.0,8943.503547680133,credit,"[('cat__checking_status_no checking', -1.0176603432442761), ('num__installment_commitment', 0.8614563007165446), ('cat__employment_4<=X<7', -0.6656808424310587)]","{'feature': 'credit_amount', 'from': 1449, 'to': 724.5, 'pd_before': 0.09811585503785848, 'pd_after': 0.09098373040731376, 'delta': -0.007132124630544717}"
0.1231093377858709,0.4160779366779242,1820.0,93.22600423815004,20000.0,0.15,36.0,8906.77399576185,credit,"[('cat__checking_status_no checking', -1.0176603432442761), ('cat__other_payment_plans_none', -0.6248186604287902), ('num__installment_commitment', 0.5743042004776964)]","{'feature': 'credit_amount', 'from': 1820, 'to': 910.0, 'pd_before': 0.12310933778587085, 'pd_after': 0.11224675485935055, 'delta': -0.0108625829265203}"
0.1873942430492913,0.16236087927707,983.0,29.908260673703868,20000.0,0.15,36.0,8970.091739326295,cashflow,"[('cat__other_payment_plans_none', -0.6248186604287902), ('cat__savings_status_>=1000', -0.5917619242751514), ('cat__property_magnitude_real estate', -0.4704380927634033)]","{'feature': 'credit_amount', 'from': 983, 'to': 491.5, 'pd_before': 0.1873942430492913, 'pd_after': 0.17893602258619293, 'delta': -0.008458220463098381}"
0.6573390883199358,0.0753092265366274,3249.0,160.8375158211015,20000.0,0.15,36.0,8839.162484178898,credit,"[('num__duration', 1.026359776171238), ('cat__employment_4<=X<7', -0.6656808424310587), ('cat__personal_status_male single', -0.6625914811599087)]","{'feature': 'credit_amount', 'from': 3249, 'to': 1624.5, 'pd_before': 0.6573390883199359, 'pd_after': 0.614099888644999, 'delta': -0.043239199674936946}"
0.085105252068547,0.4037898395838997,1957.0,67.25159280955015,20000.0,0.15,36.0,8932.74840719045,credit,"[('cat__credit_history_critical/other existing credit', -0.9320508917489864), ('cat__employment_4<=X<7', -0.6656808424310587), ('cat__other_payment_plans_none', -0.6248186604287902)]","{'feature': 'credit_amount', 'from': 1957, 'to': 978.5, 'pd_before': 0.08510525206854702, 'pd_after': 0.07674018550737785, 'delta': -0.008365066561169171}"
0.0449017174619357,0.382529240324135,2406.0,41.32598500713156,20000.0,0.15,36.0,8958.674014992868,cashflow,"[('cat__checking_status_no checking', -1.0176603432442761), ('cat__credit_history_critical/other existing credit', -0.9320508917489864), ('cat__personal_status_male single', -0.6625914811599087)]","{'feature': 'credit_amount', 'from': 2406, 'to': 1203.0, 'pd_before': 0.04490171746193579, 'pd_after': 0.039326757687015865, 'delta': -0.005574959774919924}"
0.818178457735915,0.3087315985518217,11760.0,2970.547107531884,,,,,credit,"[('num__credit_amount', 1.3528495230615372), ('num__duration', 1.1118897575188411), ('cat__purpose_education', 0.8570681585031974)]","{'feature': 'credit_amount', 'from': 11760, 'to': 5880.0, 'pd_before': 0.8181784577359152, 'pd_after': 0.6958535823902, 'delta': -0.12232487534571523}"
0.570624364118853,0.0446341242148974,2578.0,65.65990373267333,20000.0,0.15,36.0,8934.340096267326,cashflow,"[('num__installment_commitment', 0.8614563007165446), ('cat__housing_for free', -0.6370784452339096), ('cat__other_payment_plans_none', -0.6248186604287902)]","{'feature': 'credit_amount', 'from': 2578, 'to': 1289.0, 'pd_before': 0.5706243641188531, 'pd_after': 0.533976239434434, 'delta': -0.03664812468441914}"
0.3421313644314706,0.3387252479867434,2348.0,272.10627140104583,20000.0,0.15,36.0,8727.893728598954,credit,"[('num__duration', 1.026359776171238), ('cat__credit_history_critical/other existing credit', -0.9320508917489864), ('num__installment_commitment', 0.8614563007165446)]","{'feature': 'credit_amount', 'from': 2348, 'to': 1174.0, 'pd_before': 0.3421313644314705, 'pd_after': 0.31241234722218714, 'delta': -0.029719017209283383}"
0.5571055713127676,0.1349050577987114,1223.0,91.91622742137211,20000.0,0.15,36.0,8908.083772578628,credit,"[('cat__other_payment_plans_none', -0.6248186604287902), ('cat__savings_status_<100', 0.5049896871194027), ('cat__property_magnitude_real estate', -0.4704380927634033)]","{'feature': 'credit_amount', 'from': 1223, 'to': 611.5, 'pd_before': 0.5571055713127676, 'pd_after': 0.5396857087902898, 'delta': -0.017419862522477847}"
0.0347783186017416,0.4230520195954244,1516.0,22.30496549066148,20000.0,0.15,36.0,8977.69503450934,credit,"[('num__installment_commitment', 1.1486084009553927), ('cat__checking_status_no checking', -1.0176603432442761), ('cat__credit_history_critical/other existing credit', -0.9320508917489864)]","{'feature': 'credit_amount', 'from': 1516, 'to': 758.0, 'pd_before': 0.03477831860174166, 'pd_after': 0.03196698297607721, 'delta': -0.002811335625664449}"
0.1021945265722805,0.618463704142107,1473.0,93.09891082334498,20000.0,0.15,36.0,8906.901089176656,cashflow,"[('cat__checking_status_no checking', -1.0176603432442761), ('num__installment_commitment', 0.8614563007165446), ('cat__other_payment_plans_none', -0.6248186604287902)]","{'feature': 'credit_amount', 'from': 1473, 'to': 736.5, 'pd_before': 0.10219452657228056, 'pd_after': 0.09467869135742915, 'delta': -0.007515835214851413}"
0.1800013531288553,0.4459911149614075,1887.0,151.48648088105594,20000.0,0.15,36.0,8848.513519118944,credit,"[('num__installment_commitment', 1.1486084009553927), ('cat__credit_history_critical/other existing credit', -0.9320508917489864), ('cat__savings_status_no known savings', -0.6074598829357278)]","{'feature': 'credit_amount', 'from': 1887, 'to': 943.5, 'pd_before': 0.18000135312885535, 'pd_after': 0.16453338558815336, 'delta': -0.015467967540701982}"
0.3682090047524992,0.2273157820556639,8648.0,723.8351601851797,20000.0,0.15,36.0,8276.16483981482,cashflow,"[('cat__checking_status_no checking', -1.0176603432442761), ('num__credit_amount', 0.9948505676391303), ('num__duration', 0.6842398507808253)]","{'feature': 'credit_amount', 'from': 8648, 'to': 4324.0, 'pd_before': 0.36820900475249907, 'pd_after': 0.26166488342003097, 'delta': -0.1065441213324681}"
0.21053805168178,0.2303947880125257,802.0,38.90250956820671,20000.0,0.15,36.0,8961.097490431794,credit,"[('num__installment_commitment', 1.1486084009553927), ('cat__checking_status_no checking', -1.0176603432442761), ('cat__personal_status_male single', -0.6625914811599087)]","{'feature': 'credit_amount', 'from': 802, 'to': 401.0, 'pd_before': 0.2105380516817801, 'pd_after': 0.20297300507767105, 'delta': -0.00756504660410906}"
0.2759242104347075,0.0760478252704253,2899.0,60.83098137861125,20000.0,0.15,36.0,8939.16901862139,credit,"[('num__installment_commitment', 1.1486084009553927), ('cat__personal_status_male single', -0.6625914811599087), ('cat__other_payment_plans_none', -0.6248186604287902)]","{'feature': 'credit_amount', 'from': 2899, 'to': 1449.5, 'pd_before': 0.27592421043470755, 'pd_after': 0.24388111479505328, 'delta': -0.03204309563965427}"
0.2575339013780299,0.1833471689187009,2039.0,96.2777297935112,20000.0,0.15,36.0,8903.722270206488,cashflow,"[('num__duration', 0.6842398507808253), ('cat__other_payment_plans_none', -0.6248186604287902), ('cat__savings_status_<100', 0.5049896871194027)]","{'feature': 'credit_amount', 'from': 2039, 'to': 1019.5, 'pd_before': 0.2575339013780299, 'pd_after': 0.23575283324912152, 'delta': -0.02178106812890837}"
0.0078888501981814,0.2852104977017609,2197.0,4.943212412225544,20000.0,0.15,36.0,8995.056787587775,credit,"[('num__installment_commitment', 1.1486084009553927), ('cat__checking_status_no checking', -1.0176603432442761), ('cat__purpose_used car', -0.9813482536491334)]","{'feature': 'credit_amount', 'from': 2197, 'to': 1098.5, 'pd_before': 0.007888850198181406, 'pd_after': 0.006958875089222666, 'delta': -0.00092997510895874}"
0.2690110705034517,0.5295959343005476,1053.0,150.0179291891507,20000.0,0.15,36.0,8849.98207081085,cashflow,"[('num__installment_commitment', 1.1486084009553927), ('cat__foreign_worker_no', -0.8004849231861298), ('cat__other_payment_plans_none', -0.6248186604287902)]","{'feature': 'credit_amount', 'from': 1053, 'to': 526.5, 'pd_before': 0.26901107050345163, 'pd_after': 0.25726867434079614, 'delta': -0.011742396162655488}"
0.1340451966315894,0.1813778643799425,3235.0,78.65200988770684,20000.0,0.15,36.0,8921.347990112294,credit,"[('cat__checking_status_no checking', -1.0176603432442761), ('num__installment_commitment', 0.8614563007165446), ('num__duration', 0.6842398507808253)]","{'feature': 'credit_amount', 'from': 3235, 'to': 1617.5, 'pd_before': 0.13404519663158942, 'pd_after': 0.11387768965052711, 'delta': -0.020167506981062316}"
0.0844039290046763,0.4351450571873529,939.0,34.48754741024896,20000.0,0.15,36.0,8965.512452589752,credit,"[('num__installment_commitment', 1.1486084009553927), ('cat__credit_history_critical/other existing credit', -0.9320508917489864), ('cat__employment_4<=X<7', -0.6656808424310587)]","{'feature': 'credit_amount', 'from': 939, 'to': 469.5, 'pd_before': 0.0844039290046763, 'pd_after': 0.08032261032244352, 'delta': -0.004081318682232785}"
0.4189824452098801,0.3912728925667069,1967.0,322.4630429259091,20000.0,0.15,36.0,8677.536957074091,credit,"[('num__installment_commitment', 1.1486084009553927), ('num__duration', 0.6842398507808253), ('cat__other_payment_plans_none', -0.6248186604287902)]","{'feature': 'credit_amount', 'from': 1967, 'to': 983.5, 'pd_before': 0.41898244520988015, 'pd_after': 0.3917190374553324, 'delta': -0.027263407754547775}"
0.030138316494671,0.0806454537638025,7253.0,17.6285485727045,20000.0,0.15,36.0,8982.371451427296,credit,"[('cat__checking_status_no checking', -1.0176603432442761), ('cat__purpose_used car', -0.9813482536491334), ('num__duration', 0.9408297948236347)]","{'feature': 'credit_amount', 'from': 7253, 'to': 3626.5, 'pd_before': 0.030138316494671025, 'pd_after': 0.020064350868279117, 'delta': -0.010073965626391908}"
0.0874943791484849,0.2835106699937568,2292.0,56.85441240164731,20000.0,0.15,36.0,8943.145587598352,cashflow,"[('num__installment_commitment', 1.1486084009553927), ('cat__checking_status_no checking', -1.0176603432442761), ('cat__credit_history_critical/other existing credit', -0.9320508917489864)]","{'feature': 'credit_amount', 'from': 2292, 'to': 1146.0, 'pd_before': 0.08749437914848494, 'pd_after': 0.07752545143516666, 'delta': -0.009968927713318282}"
0.1152205804964312,0.3707360991713588,1597.0,68.21813640633783,20000.0,0.15,36.0,8931.781863593662,credit,"[('cat__checking_status_no checking', -1.0176603432442761), ('num__installment_commitment', 0.8614563007165446), ('cat__foreign_worker_no', -0.8004849231861298)]","{'feature': 'credit_amount', 'from': 1597, 'to': 798.5, 'pd_before': 0.11522058049643132, 'pd_after': 0.10618195839788337, 'delta': -0.009038622098547944}"
0.4255308348179332,0.2549989436657883,1381.0,149.85219037197152,20000.0,0.15,36.0,8850.147809628028,credit,"[('num__installment_commitment', 1.1486084009553927), ('num__duration', 0.6842398507808253), ('cat__other_payment_plans_none', -0.6248186604287902)]","{'feature': 'credit_amount', 'from': 1381, 'to': 690.5, 'pd_before': 0.42553083481793313, 'pd_after': 0.40623714756237406, 'delta': -0.019293687255559078}"
0.0524204726732012,0.6127101255869059,5842.0,187.63659477513497,20000.0,0.15,36.0,8812.363405224865,credit,"[('num__duration', 1.026359776171238), ('cat__checking_status_no checking', -1.0176603432442761), ('cat__purpose_used car', -0.9813482536491334)]","{'feature': 'credit_amount', 'from': 5842, 'to': 2921.0, 'pd_before': 0.05242047267320121, 'pd_after': 0.03802881603386538, 'delta': -0.01439165663933583}"
0.6472723928164542,0.4189879742005328,2579.0,699.4231200963899,20000.0,0.15,36.0,8300.57687990361,cashflow,"[('num__installment_commitment', 1.1486084009553927), ('cat__personal_status_male single', -0.6625914811599087), ('cat__other_payment_plans_none', -0.6248186604287902)]","{'feature': 'credit_amount', 'from': 2579, 'to': 1289.5, 'pd_before': 0.6472723928164542, 'pd_after': 0.6127126913338381, 'delta': -0.03455970148261611}"
0.6102971008862086,0.3149309058100283,8471.0,1628.138218615223,20000.0,0.15,36.0,7371.861781384778,credit,"[('num__credit_amount', 0.9744888018583572), ('cat__purpose_education', 0.8570681585031974), ('cat__other_payment_plans_none', -0.6248186604287902)]","{'feature': 'credit_amount', 'from': 8471, 'to': 4235.5, 'pd_before': 0.6102971008862086, 'pd_after': 0.4903304149158099, 'delta': -0.11996668597039867}"
0.1338177777828406,0.3058546372812606,2782.0,113.8638878976142,20000.0,0.15,36.0,8886.136112102386,credit,"[('cat__checking_status_no checking', -1.0176603432442761), ('cat__employment_4<=X<7', -0.6656808424310587), ('num__duration', 0.5987098694332221)]","{'feature': 'credit_amount', 'from': 2782, 'to': 1391.0, 'pd_before': 0.1338177777828407, 'pd_after': 0.11633187522425062, 'delta': -0.01748590255859009}"
0.2841860549373169,0.5021990128576236,1042.0,148.71211042023472,20000.0,0.15,36.0,8851.287889579766,credit,"[('num__installment_commitment', 1.1486084009553927), ('cat__other_payment_plans_none', -0.6248186604287902), ('cat__savings_status_no known savings', -0.6074598829357278)]","{'feature': 'credit_amount', 'from': 1042, 'to': 521.0, 'pd_before': 0.284186054937317, 'pd_after': 0.2721530801809172, 'delta': -0.012032974756399806}"
0.0999134823345412,0.0961982107209768,3186.0,30.62223335276655,20000.0,0.15,36.0,8969.377766647234,credit,"[('cat__checking_status_no checking', -1.0176603432442761), ('cat__employment_4<=X<7', -0.6656808424310587), ('cat__other_payment_plans_none', -0.6248186604287902)]","{'feature': 'credit_amount', 'from': 3186, 'to': 1593.0, 'pd_before': 0.0999134823345412, 'pd_after': 0.0845988162928647, 'delta': -0.0153146660416765}"
0.0548971015420244,0.2123421166006864,2028.0,23.64032854197949,20000.0,0.15,36.0,8976.35967145802,credit,"[('num__installment_commitment', 1.1486084009553927), ('cat__purpose_used car', -0.9813482536491334), ('cat__personal_status_male single', -0.6625914811599087)]","{'feature': 'credit_amount', 'from': 2028, 'to': 1014.0, 'pd_before': 0.054897101542024464, 'pd_after': 0.04914988120066483, 'delta': -0.005747220341359632}"
0.1044786733106332,0.292595959566966,958.0,29.28609608940075,20000.0,0.15,36.0,8970.713903910599,credit,"[('cat__credit_history_critical/other existing credit', -0.9320508917489864), ('cat__employment_4<=X<7', -0.6656808424310587), ('cat__personal_status_male single', -0.6625914811599087)]","{'feature': 'credit_amount', 'from': 958, 'to': 479.0, 'pd_before': 0.10447867331063328, 'pd_after': 0.09943426579424344, 'delta': -0.005044407516389834}"
0.0631567220152116,0.2899867933192998,1591.0,29.13855293235568,20000.0,0.15,36.0,8970.861447067644,credit,"[('num__installment_commitment', 1.1486084009553927), ('cat__checking_status_no checking', -1.0176603432442761), ('cat__employment_4<=X<7', -0.6656808424310587)]","{'feature': 'credit_amount', 'from': 1591, 'to': 795.5, 'pd_before': 0.0631567220152116, 'pd_after': 0.057953720739615244, 'delta': -0.00520300127559635}"
0.1702008514045922,0.1592047828766111,2762.0,74.84133285664618,20000.0,0.15,36.0,8925.158667143354,credit,"[('cat__savings_status_no known savings', -0.6074598829357278), ('cat__own_telephone_yes', -0.48588636629150395), ('num__duration', 0.34211992539041264)]","{'feature': 'credit_amount', 'from': 2762, 'to': 1381.0, 'pd_before': 0.17020085140459223, 'pd_after': 0.14892312176162387, 'delta': -0.021277729642968368}"
0.1635555562980968,0.3456242317666114,2779.0,157.09343375730288,20000.0,0.15,36.0,8842.906566242696,credit,"[('cat__purpose_used car', -0.9813482536491334), ('cat__other_payment_plans_none', -0.6248186604287902), ('num__duration', 0.513179888085619)]","{'feature': 'credit_amount', 'from': 2779, 'to': 1389.5, 'pd_before': 0.16355555629809687, 'pd_after': 0.1428456917362437, 'delta': -0.02070986456185317}"
0.1075928445111119,0.0104164229278633,2743.0,3.074169446201775,20000.0,0.15,36.0,8996.925830553799,credit,"[('num__installment_commitment', 1.1486084009553927), ('cat__checking_status_no checking', -1.0176603432442761), ('cat__credit_history_critical/other existing credit', -0.9320508917489864)]","{'feature': 'credit_amount', 'from': 2743, 'to': 1371.5, 'pd_before': 0.10759284451111194, 'pd_after': 0.09335485454878496, 'delta': -0.014237989962326975}"
0.0152298651414849,0.3190885930488483,1149.0,5.583768000127826,20000.0,0.15,36.0,8994.416231999872,credit,"[('num__installment_commitment', 1.1486084009553927), ('cat__checking_status_no checking', -1.0176603432442761), ('cat__credit_history_critical/other existing credit', -0.9320508917489864)]","{'feature': 'credit_amount', 'from': 1149, 'to': 574.5, 'pd_before': 0.01522986514148495, 'pd_after': 0.01426977009529421, 'delta': -0.0009600950461907398}"
0.0596949145061475,0.0257307563618038,1313.0,2.016761830470863,20000.0,0.15,36.0,8997.983238169529,credit,"[('cat__checking_status_no checking', -1.0176603432442761), ('cat__personal_status_male single', -0.6625914811599087), ('cat__other_payment_plans_none', -0.6248186604287902)]","{'feature': 'credit_amount', 'from': 1313, 'to': 656.5, 'pd_before': 0.0596949145061475, 'pd_after': 0.05559403848991768, 'delta': -0.004100876016229819}"
0.5858128438153629,0.3367161756901021,1190.0,234.730665923186,20000.0,0.15,36.0,8765.269334076815,cashflow,"[('cat__credit_history_critical/other existing credit', -0.9320508917489864), ('cat__housing_for free', -0.6370784452339096), ('cat__other_payment_plans_none', -0.6248186604287902)]","{'feature': 'credit_amount', 'from': 1190, 'to': 595.0, 'pd_before': 0.5858128438153629, 'pd_after': 0.5691133781961174, 'delta': -0.016699465619245513}"
0.0185750535636485,0.1718149227134357,3448.0,11.00419336112004,20000.0,0.15,36.0,8988.99580663888,credit,"[('cat__checking_status_no checking', -1.0176603432442761), ('num__age', -0.683265735295258), ('cat__employment_4<=X<7', -0.6656808424310587)]","{'feature': 'credit_amount', 'from': 3448, 'to': 1724.0, 'pd_before': 0.018575053563648563, 'pd_after': 0.01528452342177238, 'delta': -0.0032905301418761825}"
0.6729457623116967,0.5336808850587027,11328.0,4068.318549425965,,,,,credit,"[('num__credit_amount', 1.3031530099694806), ('num__duration', 0.6842398507808253), ('cat__personal_status_male single', -0.6625914811599087)]","{'feature': 'credit_amount', 'from': 11328, 'to': 5664.0, 'pd_before': 0.6729457623116966, 'pd_after': 0.5174834214392826, 'delta': -0.15546234087241395}"
0.3069079928790109,0.1842565736950334,1872.0,105.8612540684518,20000.0,0.15,36.0,8894.138745931548,cashflow,"[('num__installment_commitment', 1.1486084009553927), ('cat__credit_history_critical/other existing credit', -0.9320508917489864), ('cat__personal_status_male single', -0.6625914811599087)]","{'feature': 'credit_amount', 'from': 1872, 'to': 936.0, 'pd_before': 0.306907992879011, 'pd_after': 0.2844914130087065, 'delta': -0.022416579870304487}"
0.207714686103511,0.4259059824210775,2058.0,182.0649366883989,20000.0,0.15,36.0,8817.935063311601,credit,"[('num__installment_commitment', 1.1486084009553927), ('cat__checking_status_no checking', -1.0176603432442761), ('cat__credit_history_critical/other existing credit', -0.9320508917489864)]","{'feature': 'credit_amount', 'from': 2058, 'to': 1029.0, 'pd_before': 0.20771468610351088, 'pd_after': 0.18890660498440648, 'delta': -0.018808081119104397}"
0.2832851737437794,0.42444646584603,2136.0,256.8313387960605,20000.0,0.15,36.0,8743.16866120394,credit,"[('num__installment_commitment', 0.8614563007165446), ('cat__personal_status_male single', -0.6625914811599087), ('cat__other_payment_plans_none', -0.6248186604287902)]","{'feature': 'credit_amount', 'from': 2136, 'to': 1068.0, 'pd_before': 0.2832851737437794, 'pd_after': 0.2590168472532583, 'delta': -0.024268326490521075}"
0.0514666985915386,0.1735514262132054,1484.0,13.255264511481313,20000.0,0.15,36.0,8986.744735488519,credit,"[('cat__other_payment_plans_none', -0.6248186604287902), ('cat__savings_status_no known savings', -0.6074598829357278), ('num__installment_commitment', 0.5743042004776964)]","{'feature': 'credit_amount', 'from': 1484, 'to': 742.0, 'pd_before': 0.05146669859153869, 'pd_after': 0.047455685488096484, 'delta': -0.004011013103442207}"
0.0677037445895571,0.1314284602829853,660.0,5.872811278486679,20000.0,0.15,36.0,8994.127188721513,credit,"[('cat__checking_status_no checking', -1.0176603432442761), ('cat__employment_4<=X<7', -0.6656808424310587), ('cat__other_payment_plans_none', -0.6248186604287902)]","{'feature': 'credit_amount', 'from': 660, 'to': 330.0, 'pd_before': 0.06770374458955725, 'pd_after': 0.06534651419700988, 'delta': -0.0023572303925473714}"
0.0549028094833685,0.2344961307370543,1287.0,16.56947685450087,20000.0,0.15,36.0,8983.430523145498,credit,"[('num__installment_commitment', 1.1486084009553927), ('cat__checking_status_no checking', -1.0176603432442761), ('cat__credit_history_critical/other existing credit', -0.9320508917489864)]","{'feature': 'credit_amount', 'from': 1287, 'to': 643.5, 'pd_before': 0.0549028094833685, 'pd_after': 0.051185824253920716, 'delta': -0.003716985229447786}"
0.709754349323153,0.2178861664450674,3394.0,524.8673506661487,20000.0,0.15,36.0,8475.132649333851,cashflow,"[('num__duration', 1.1974197388664443), ('num__installment_commitment', 1.1486084009553927), ('cat__credit_history_critical/other existing credit', -0.9320508917489864)]","{'feature': 'credit_amount', 'from': 3394, 'to': 1697.0, 'pd_before': 0.709754349323153, 'pd_after': 0.667959683343016, 'delta': -0.041794665980136925}"
0.401418793898845,0.1856723546791185,609.0,45.390214959471066,20000.0,0.15,36.0,8954.60978504053,cashflow,"[('num__installment_commitment', 1.1486084009553927), ('cat__other_payment_plans_none', -0.6248186604287902), ('cat__savings_status_<100', 0.5049896871194027)]","{'feature': 'credit_amount', 'from': 609, 'to': 304.5, 'pd_before': 0.401418793898845, 'pd_after': 0.39303175096794596, 'delta': -0.008387042930899036}"
0.128163590980313,0.3561516774789333,1884.0,85.9964572000787,20000.0,0.15,36.0,8914.003542799921,credit,"[('num__installment_commitment', 1.1486084009553927), ('cat__checking_status_no checking', -1.0176603432442761), ('cat__personal_status_male single', -0.6625914811599087)]","{'feature': 'credit_amount', 'from': 1884, 'to': 942.0, 'pd_before': 0.12816359098031307, 'pd_after': 0.11653497029615525, 'delta': -0.01162862068415782}"
0.4785378895549803,0.128042355975869,1620.0,99.26245245979064,20000.0,0.15,36.0,8900.73754754021,credit,"[('cat__other_payment_plans_none', -0.6248186604287902), ('num__installment_commitment', 0.5743042004776964), ('cat__checking_status_<0', 0.5232774123312848)]","{'feature': 'credit_amount', 'from': 1620, 'to': 810.0, 'pd_before': 0.47853788955498033, 'pd_after': 0.4553487216251301, 'delta': -0.023189167929850207}"
0.3324848897365618,0.1794925897241951,2629.0,156.8949707909317,20000.0,0.15,36.0,8843.105029209068,credit,"[('cat__personal_status_male single', -0.6625914811599087), ('num__installment_commitment', 0.5743042004776964), ('num__duration', 0.5701998756506877)]","{'feature': 'credit_amount', 'from': 2629, 'to': 1314.5, 'pd_before': 0.33248488973656193, 'pd_after': 0.29981365840241964, 'delta': -0.03267123133414229}"
0.4933012896810479,0.2118371921696305,719.0,75.13518371167766,20000.0,0.15,36.0,8924.864816288322,credit,"[('num__installment_commitment', 1.1486084009553927), ('cat__checking_status_no checking', -1.0176603432442761), ('cat__purpose_education', 0.8570681585031974)]","{'feature': 'credit_amount', 'from': 719, 'to': 359.5, 'pd_before': 0.49330128968104797, 'pd_after': 0.4829684202330984, 'delta': -0.010332869447949589}"
0.3225649860413537,0.4827529779094158,5096.0,793.5450818316173,20000.0,0.15,36.0,8206.454918168383,credit,"[('num__duration', 1.3684797015616506), ('cat__credit_history_critical/other existing credit', -0.9320508917489864), ('cat__other_payment_plans_none', -0.6248186604287902)]","{'feature': 'credit_amount', 'from': 5096, 'to': 2548.0, 'pd_before': 0.3225649860413538, 'pd_after': 0.26209145209905355, 'delta': -0.06047353394230026}"
0.1538742024904278,0.1852574197981986,1244.0,35.46188413224148,20000.0,0.15,36.0,8964.53811586776,credit,"[('num__installment_commitment', 1.1486084009553927), ('cat__checking_status_no checking', -1.0176603432442761), ('cat__credit_history_critical/other existing credit', -0.9320508917489864)]","{'feature': 'credit_amount', 'from': 1244, 'to': 622.0, 'pd_before': 0.1538742024904279, 'pd_after': 0.14478705501322114, 'delta': -0.009087147477206764}"
0.7829357494718728,0.3863054206547382,1842.0,557.1171808915616,20000.0,0.15,36.0,8442.882819108438,cashflow,"[('num__installment_commitment', 1.1486084009553927), ('num__duration', 1.026359776171238), ('cat__other_payment_plans_none', -0.6248186604287902)]","{'feature': 'credit_amount', 'from': 1842, 'to': 921.0, 'pd_before': 0.7829357494718728, 'pd_after': 0.7643912248861929, 'delta': -0.0185445245856799}"
0.0810750391408444,0.653262272605416,2576.0,136.43336889017746,20000.0,0.15,36.0,8863.566631109823,credit,"[('cat__personal_status_male single', -0.6625914811599087), ('cat__other_parties_guarantor', -0.6376122101131426), ('cat__other_payment_plans_none', -0.6248186604287902)]","{'feature': 'credit_amount', 'from': 2576, 'to': 1288.0, 'pd_before': 0.08107503914084443, 'pd_after': 0.07069917723519407, 'delta': -0.01037586190565036}"
0.0552998405563943,0.4188787899986881,1424.0,32.9854367463212,20000.0,0.15,36.0,8967.014563253679,credit,"[('num__installment_commitment', 0.8614563007165446), ('cat__other_payment_plans_none', -0.6248186604287902), ('cat__savings_status_no known savings', -0.6074598829357278)]","{'feature': 'credit_amount', 'from': 1424, 'to': 712.0, 'pd_before': 0.05529984055639437, 'pd_after': 0.051173469004670076, 'delta': -0.004126371551724295}"
0.2606118654608226,0.2464855888875706,1512.0,97.12644852334915,20000.0,0.15,36.0,8902.87355147665,credit,"[('num__installment_commitment', 0.8614563007165446), ('cat__savings_status_>=1000', -0.5917619242751514), ('num__age', -0.5632325655812261)]","{'feature': 'credit_amount', 'from': 1512, 'to': 756.0, 'pd_before': 0.2606118654608226, 'pd_after': 0.2442054497951202, 'delta': -0.01640641566570239}"
0.0300561498661276,0.2820845249990463,11054.0,93.71995457810188,20000.0,0.15,36.0,8906.280045421898,credit,"[('num__credit_amount', 1.2716325363879448), ('num__installment_commitment', 1.1486084009553927), ('num__duration', 1.026359776171238)]","{'feature': 'credit_amount', 'from': 11054, 'to': 5527.0, 'pd_before': 0.030056149866127663, 'pd_after': 0.016143109351444678, 'delta': -0.013913040514682985}"
0.0775225492335987,0.3753789247272935,518.0,15.07397154783517,20000.0,0.15,36.0,8984.926028452164,credit,"[('cat__checking_status_no checking', -1.0176603432442761), ('num__installment_commitment', 0.8614563007165446), ('cat__other_payment_plans_none', -0.6248186604287902)]","{'feature': 'credit_amount', 'from': 518, 'to': 259.0, 'pd_before': 0.07752254923359876, 'pd_after': 0.07541847345863519, 'delta': -0.0021040757749635763}"
0.1809911240524968,0.5148994856871765,2759.0,257.1173810237772,20000.0,0.15,36.0,8742.882618976222,credit,"[('cat__checking_status_no checking', -1.0176603432442761), ('cat__personal_status_male single', -0.6625914811599087), ('cat__other_payment_plans_none', -0.6248186604287902)]","{'feature': 'credit_amount', 'from': 2759, 'to': 1379.5, 'pd_before': 0.18099112405249684, 'pd_after': 0.15864533704477163, 'delta': -0.022345787007725215}"
0.0574981540887868,0.3072082556233288,2670.0,47.16263334320417,20000.0,0.15,36.0,8952.837366656797,credit,"[('num__installment_commitment', 1.1486084009553927), ('cat__checking_status_no checking', -1.0176603432442761), ('cat__purpose_used car', -0.9813482536491334)]","{'feature': 'credit_amount', 'from': 2670, 'to': 1335.0, 'pd_before': 0.05749815408878693, 'pd_after': 0.04971944946840252, 'delta': -0.007778704620384415}"
0.439734482587546,0.435585423759029,4817.0,922.6574813348662,20000.0,0.15,36.0,8077.342518665134,credit,"[('num__duration', 0.6842398507808253), ('cat__employment_4<=X<7', -0.6656808424310587), ('cat__personal_status_male single', -0.6625914811599087)]","{'feature': 'credit_amount', 'from': 4817, 'to': 2408.5, 'pd_before': 0.439734482587546, 'pd_after': 0.373013761816171, 'delta': -0.06672072077137498}"
0.2223217037055342,0.3163563365922986,2679.0,188.42178479463735,20000.0,0.15,36.0,8811.578215205363,cashflow,"[('num__installment_commitment', 1.1486084009553927), ('cat__checking_status_no checking', -1.0176603432442761), ('cat__purpose_used car', -0.9813482536491334)]","{'feature': 'credit_amount', 'from': 2679, 'to': 1339.5, 'pd_before': 0.22232170370553422, 'pd_after': 0.19682127282422404, 'delta': -0.025500430881310182}"
0.4030690526897256,0.2323559227629731,3905.0,365.7246559405572,20000.0,0.15,36.0,8634.275344059442,credit,"[('cat__credit_history_critical/other existing credit', -0.9320508917489864), ('cat__personal_status_male single', -0.6625914811599087), ('cat__other_payment_plans_none', -0.6248186604287902)]","{'feature': 'credit_amount', 'from': 3905, 'to': 1952.5, 'pd_before': 0.4030690526897256, 'pd_after': 0.3503944800791042, 'delta': -0.05267457261062142}"
0.2015506987323157,0.2249888929676213,3386.0,153.54381982757167,20000.0,0.15,36.0,8846.456180172429,credit,"[('cat__purpose_used car', -0.9813482536491334), ('num__installment_commitment', 0.8614563007165446), ('cat__personal_status_male single', -0.6625914811599087)]","{'feature': 'credit_amount', 'from': 3386, 'to': 1693.0, 'pd_before': 0.20155069873231563, 'pd_after': 0.17201829357116824, 'delta': -0.029532405161147385}"
0.5124563269975575,0.3175706666487919,343.0,55.82019640580094,20000.0,0.15,36.0,8944.1798035942,cashflow,"[('num__installment_commitment', 1.1486084009553927), ('cat__other_payment_plans_none', -0.6248186604287902), ('cat__checking_status_<0', 0.5232774123312848)]","{'feature': 'credit_amount', 'from': 343, 'to': 171.5, 'pd_before': 0.5124563269975574, 'pd_after': 0.5075260725737132, 'delta': -0.004930254423844205}"
0.1208317837230249,0.3125753146692385,4594.0,173.5109367717259,20000.0,0.15,36.0,8826.489063228275,cashflow,"[('cat__checking_status_no checking', -1.0176603432442761), ('num__installment_commitment', 0.8614563007165446), ('cat__personal_status_male single', -0.6625914811599087)]","{'feature': 'credit_amount', 'from': 4594, 'to': 2297.0, 'pd_before': 0.12083178372302493, 'pd_after': 0.09545132441186671, 'delta': -0.02538045931115822}"
0.3388437753186047,0.4420280595473322,3620.0,542.1980125074658,20000.0,0.15,36.0,8457.801987492534,credit,"[('num__duration', 1.026359776171238), ('cat__personal_status_male single', -0.6625914811599087), ('cat__other_parties_guarantor', -0.6376122101131426)]","{'feature': 'credit_amount', 'from': 3620, 'to': 1810.0, 'pd_before': 0.33884377531860477, 'pd_after': 0.2938682736297211, 'delta': -0.044975501688883646}"
0.4211202133221741,0.0628616485262258,1721.0,45.55884695073132,20000.0,0.15,36.0,8954.441153049269,cashflow,"[('cat__personal_status_male single', -0.6625914811599087), ('cat__other_payment_plans_none', -0.6248186604287902), ('num__installment_commitment', 0.5743042004776964)]","{'feature': 'credit_amount', 'from': 1721, 'to': 860.5, 'pd_before': 0.42112021332217414, 'pd_after': 0.39719488663607877, 'delta': -0.02392532668609537}"
0.5287219266171843,0.3403267410571298,3017.0,542.873580206808,20000.0,0.15,36.0,8457.126419793192,cashflow,"[('num__installment_commitment', 0.8614563007165446), ('cat__other_payment_plans_none', -0.6248186604287902), ('cat__savings_status_<100', 0.5049896871194027)]","{'feature': 'credit_amount', 'from': 3017, 'to': 1508.5, 'pd_before': 0.5287219266171843, 'pd_after': 0.48537396486954465, 'delta': -0.04334796174763966}"
0.12836091235386,0.44748901544658,754.0,43.30983411145438,20000.0,0.15,36.0,8956.690165888545,credit,"[('num__installment_commitment', 1.1486084009553927), ('cat__personal_status_male single', -0.6625914811599087), ('cat__other_payment_plans_none', -0.6248186604287902)]","{'feature': 'credit_amount', 'from': 754, 'to': 377.0, 'pd_before': 0.12836091235386007, 'pd_after': 0.1235862574997314, 'delta': -0.004774654854128674}"
0.1089160243204437,0.602184204209956,1950.0,127.8956433906813,20000.0,0.15,36.0,8872.10435660932,credit,"[('num__installment_commitment', 1.1486084009553927), ('cat__checking_status_no checking', -1.0176603432442761), ('cat__employment_4<=X<7', -0.6656808424310587)]","{'feature': 'credit_amount', 'from': 1950, 'to': 975.0, 'pd_before': 0.10891602432044373, 'pd_after': 0.0984981991724094, 'delta': -0.010417825148034326}"
0.3720454318988032,0.0790401837593192,2924.0,85.98472092517875,20000.0,0.15,36.0,8914.015279074822,credit,"[('cat__purpose_used car', -0.9813482536491334), ('num__installment_commitment', 0.8614563007165446), ('num__duration', 0.6842398507808253)]","{'feature': 'credit_amount', 'from': 2924, 'to': 1462.0, 'pd_before': 0.3720454318988033, 'pd_after': 0.33366885134168955, 'delta': -0.03837658055711374}"
0.6984462670801951,0.229886525779756,1659.0,266.3746570138404,20000.0,0.15,36.0,8733.625342986159,cashflow,"[('num__installment_commitment', 1.1486084009553927), ('num__duration', 0.6842398507808253), ('cat__other_payment_plans_none', -0.6248186604287902)]","{'feature': 'credit_amount', 'from': 1659, 'to': 829.5, 'pd_before': 0.6984462670801951, 'pd_after': 0.6779760024166269, 'delta': -0.02047026466356816}"
0.3399606668680595,0.3588298347849309,7238.0,882.9493606017877,20000.0,0.15,36.0,8117.050639398212,credit,"[('num__duration', 1.3684797015616506), ('cat__checking_status_no checking', -1.0176603432442761), ('num__installment_commitment', 0.8614563007165446)]","{'feature': 'credit_amount', 'from': 7238, 'to': 3619.0, 'pd_before': 0.3399606668680595, 'pd_after': 0.2535452219537488, 'delta': -0.08641544491431069}"
0.169992605315002,0.2420630629734408,2764.0,113.73564452496304,20000.0,0.15,36.0,8886.264355475038,credit,"[('cat__checking_status_no checking', -1.0176603432442761), ('num__duration', 0.9408297948236347), ('cat__other_payment_plans_none', -0.6248186604287902)]","{'feature': 'credit_amount', 'from': 2764, 'to': 1382.0, 'pd_before': 0.16999260531500202, 'pd_after': 0.14872167838326933, 'delta': -0.021270926931732687}"
0.0440203914987248,0.7284654442925067,4679.0,150.04305602485675,20000.0,0.15,36.0,8849.956943975143,credit,"[('cat__checking_status_no checking', -1.0176603432442761), ('cat__purpose_used car', -0.9813482536491334), ('num__installment_commitment', 0.8614563007165446)]","{'feature': 'credit_amount', 'from': 4679, 'to': 2339.5, 'pd_before': 0.04402039149872484, 'pd_after': 0.03398646330872548, 'delta': -0.010033928189999361}"
0.46387008767075,0.4655665325903658,3092.0,667.7557045903922,20000.0,0.15,36.0,8332.244295409608,cashflow,"[('num__installment_commitment', 0.8614563007165446), ('num__duration', 0.6842398507808253), ('cat__other_payment_plans_none', -0.6248186604287902)]","{'feature': 'credit_amount', 'from': 3092, 'to': 1546.0, 'pd_before': 0.46387008767075, 'pd_after': 0.4200371058240763, 'delta': -0.043832981846673724}"
0.7686132886077556,0.28478903477069,448.0,98.0639011853888,20000.0,0.15,36.0,8901.93609881461,cashflow,"[('num__installment_commitment', 1.1486084009553927), ('cat__purpose_education', 0.8570681585031974), ('cat__other_payment_plans_none', -0.6248186604287902)]","{'feature': 'credit_amount', 'from': 448, 'to': 224.0, 'pd_before': 0.7686132886077556, 'pd_after': 0.7639987441357835, 'delta': -0.004614544471972071}"
0.471147853661068,0.4378950086008406,654.0,134.92889390399236,20000.0,0.15,36.0,8865.071106096007,credit,"[('num__installment_commitment', 1.1486084009553927), ('cat__personal_status_male single', -0.6625914811599087), ('cat__other_payment_plans_none', -0.6248186604287902)]","{'feature': 'credit_amount', 'from': 654, 'to': 327.0, 'pd_before': 0.471147853661068, 'pd_after': 0.46178605806668693, 'delta': -0.00936179559438105}"
0.0380903236015343,0.0396218234216033,1238.0,1.868399597854915,20000.0,0.15,36.0,8998.131600402145,cashflow,"[('num__installment_commitment', 1.1486084009553927), ('cat__checking_status_no checking', -1.0176603432442761), ('cat__personal_status_male single', -0.6625914811599087)]","{'feature': 'credit_amount', 'from': 1238, 'to': 619.0, 'pd_before': 0.038090323601534394, 'pd_after': 0.03556539410102264, 'delta': -0.0025249295005117522}"
0.1988732211473304,0.4617660759974182,1245.0,114.33196915296108,20000.0,0.15,36.0,8885.668030847039,credit,"[('num__installment_commitment', 1.1486084009553927), ('cat__credit_history_critical/other existing credit', -0.9320508917489864), ('cat__other_payment_plans_none', -0.6248186604287902)]","{'feature': 'credit_amount', 'from': 1245, 'to': 622.5, 'pd_before': 0.19887322114733047, 'pd_after': 0.18770942630591378, 'delta': -0.011163794841416691}"
0.7692782825920639,0.4412246169516684,3114.0,1056.967941472277,20000.0,0.15,36.0,7943.032058527723,cashflow,"[('cat__other_payment_plans_none', -0.6248186604287902), ('cat__checking_status_<0', 0.5232774123312848), ('num__duration', 0.513179888085619)]","{'feature': 'credit_amount', 'from': 3114, 'to': 1557.0, 'pd_before': 0.7692782825920639, 'pd_after': 0.735969872198519, 'delta': -0.03330841039354493}"
0.0712329634017879,0.1028464400081517,2569.0,18.82063965486236,20000.0,0.15,36.0,8981.179360345137,credit,"[('num__installment_commitment', 1.1486084009553927), ('num__duration', 1.1118897575188411), ('cat__checking_status_no checking', -1.0176603432442761)]","{'feature': 'credit_amount', 'from': 2569, 'to': 1284.5, 'pd_before': 0.07123296340178795, 'pd_after': 0.06205507942458041, 'delta': -0.009177883977207535}"
0.4204336161655558,0.2814775905524085,5152.0,609.7012877999427,20000.0,0.15,36.0,8390.298712200058,credit,"[('num__installment_commitment', 1.1486084009553927), ('num__duration', 0.6842398507808253), ('cat__employment_4<=X<7', -0.6656808424310587)]","{'feature': 'credit_amount', 'from': 5152, 'to': 2576.0, 'pd_before': 0.42043361616555597, 'pd_after': 0.3503884713952402, 'delta': -0.07004514477031576}"
0.0858786555653973,0.6093211651015297,1037.0,54.26380671771995,20000.0,0.15,36.0,8945.73619328228,credit,"[('num__installment_commitment', 0.8614563007165446), ('cat__employment_4<=X<7', -0.6656808424310587), ('cat__personal_status_male single', -0.6625914811599087)]","{'feature': 'credit_amount', 'from': 1037, 'to': 518.5, 'pd_before': 0.08587865556539738, 'pd_after': 0.08131032912282048, 'delta': -0.004568326442576903}"
0.2541313687550762,0.3087784503526332,1478.0,115.97908896021497,20000.0,0.15,36.0,8884.020911039785,credit,"[('num__installment_commitment', 1.1486084009553927), ('cat__credit_history_critical/other existing credit', -0.9320508917489864), ('cat__personal_status_male single', -0.6625914811599087)]","{'feature': 'credit_amount', 'from': 1478, 'to': 739.0, 'pd_before': 0.2541313687550762, 'pd_after': 0.23835645356560198, 'delta': -0.015774915189474215}"
0.1110965425704742,0.1650174548583944,3573.0,65.50333985990818,20000.0,0.15,36.0,8934.496660140092,credit,"[('cat__credit_history_critical/other existing credit', -0.9320508917489864), ('cat__other_payment_plans_none', -0.6248186604287902), ('cat__savings_status_<100', 0.5049896871194027)]","{'feature': 'credit_amount', 'from': 3573, 'to': 1786.5, 'pd_before': 0.11109654257047423, 'pd_after': 0.09236410728078921, 'delta': -0.018732435289685018}"
0.5746667546026734,0.4213823580591596,1201.0,290.8274730153674,20000.0,0.15,36.0,8709.172526984632,cashflow,"[('num__installment_commitment', 1.1486084009553927), ('num__duration', 0.6842398507808253), ('cat__personal_status_male single', -0.6625914811599087)]","{'feature': 'credit_amount', 'from': 1201, 'to': 600.5, 'pd_before': 0.5746667546026735, 'pd_after': 0.5577010100181989, 'delta': -0.01696574458447453}"
0.4972084400989158,0.3039352467660884,3622.0,547.3536335069093,20000.0,0.15,36.0,8452.64636649309,credit,"[('num__installment_commitment', 1.1486084009553927), ('num__duration', 0.8552998134760316), ('cat__other_payment_plans_none', -0.6248186604287902)]","{'feature': 'credit_amount', 'from': 3622, 'to': 1811.0, 'pd_before': 0.4972084400989158, 'pd_after': 0.4453441244624684, 'delta': -0.05186431563644739}"
0.042881770707685,0.1539991504242121,960.0,6.3396060073625815,20000.0,0.15,36.0,8993.660393992637,credit,"[('cat__checking_status_no checking', -1.0176603432442761), ('num__installment_commitment', 0.8614563007165446), ('cat__employment_4<=X<7', -0.6656808424310587)]","{'feature': 'credit_amount', 'from': 960, 'to': 480.0, 'pd_before': 0.04288177070768499, 'pd_after': 0.04067179248270857, 'delta': -0.002209978224976414}"
0.0253182826342865,0.5679142687107716,1163.0,16.722328043927405,20000.0,0.15,36.0,8983.277671956073,credit,"[('num__installment_commitment', 1.1486084009553927), ('cat__checking_status_no checking', -1.0176603432442761), ('cat__credit_history_critical/other existing credit', -0.9320508917489864)]","{'feature': 'credit_amount', 'from': 1163, 'to': 581.5, 'pd_before': 0.025318282634286537, 'pd_after': 0.023718886694651428, 'delta': -0.0015993959396351093}"
0.297164829884087,0.0790425619554905,1209.0,28.39780139782085,20000.0,0.15,36.0,8971.602198602179,cashflow,"[('num__installment_commitment', 1.1486084009553927), ('cat__personal_status_male single', -0.6625914811599087), ('cat__other_payment_plans_none', -0.6248186604287902)]","{'feature': 'credit_amount', 'from': 1209, 'to': 604.5, 'pd_before': 0.2971648298840871, 'pd_after': 0.28284843095100004, 'delta': -0.01431639893308706}"
0.0389574153748395,0.5270730437649593,3077.0,63.18128256590757,20000.0,0.15,36.0,8936.818717434093,credit,"[('cat__checking_status_no checking', -1.0176603432442761), ('cat__personal_status_male single', -0.6625914811599087), ('cat__other_payment_plans_none', -0.6248186604287902)]","{'feature': 'credit_amount', 'from': 3077, 'to': 1538.5, 'pd_before': 0.03895741537483952, 'pd_after': 0.03284574182268155, 'delta': -0.00611167355215797}"
0.4531666080256314,0.2557410897487061,3757.0,435.4112114084683,20000.0,0.15,36.0,8564.588788591533,credit,"[('num__installment_commitment', 1.1486084009553927), ('cat__checking_status_no checking', -1.0176603432442761), ('num__duration', 0.6842398507808253)]","{'feature': 'credit_amount', 'from': 3757, 'to': 1878.5, 'pd_before': 0.45316660802563136, 'pd_after': 0.40035560732446945, 'delta': -0.0528110007011619}"
0.0548134250140087,0.1346112251344163,1418.0,10.46271625423794,20000.0,0.15,36.0,8989.537283745762,credit,"[('cat__checking_status_no checking', -1.0176603432442761), ('num__installment_commitment', 0.8614563007165446), ('cat__foreign_worker_no', -0.8004849231861298)]","{'feature': 'credit_amount', 'from': 1418, 'to': 709.0, 'pd_before': 0.054813425014008765, 'pd_after': 0.05073801958272993, 'delta': -0.004075405431278836}"
0.1267921111565677,0.1883778054105495,3518.0,84.02679550423123,20000.0,0.15,36.0,8915.97320449577,credit,"[('cat__checking_status_no checking', -1.0176603432442761), ('cat__personal_status_male single', -0.6625914811599087), ('cat__other_parties_guarantor', -0.6376122101131426)]","{'feature': 'credit_amount', 'from': 3518, 'to': 1759.0, 'pd_before': 0.12679211115656774, 'pd_after': 0.10602744772423466, 'delta': -0.02076466343233309}"
0.0735710114236024,0.3465364961426181,1934.0,49.30740835872484,20000.0,0.15,36.0,8950.692591641275,credit,"[('cat__checking_status_no checking', -1.0176603432442761), ('cat__credit_history_critical/other existing credit', -0.9320508917489864), ('cat__personal_status_male single', -0.6625914811599087)]","{'feature': 'credit_amount', 'from': 1934, 'to': 967.0, 'pd_before': 0.07357101142360249, 'pd_after': 0.06633944459874566, 'delta': -0.0072315668248568304}"
0.6993650637021765,0.4199256590925644,8318.0,2442.84134720382,,,,,credit,"[('num__credit_amount', 0.9568879534715872), ('num__duration', 0.7697698321284284), ('cat__housing_for free', -0.6370784452339096)]","{'feature': 'credit_amount', 'from': 8318, 'to': 4159.0, 'pd_before': 0.6993650637021765, 'pd_after': 0.5904515090208673, 'delta': -0.10891355468130925}"
0.0245425587018479,0.4313149019111292,1237.0,13.094351697030849,20000.0,0.15,36.0,8986.905648302969,credit,"[('cat__checking_status_no checking', -1.0176603432442761), ('cat__credit_history_critical/other existing credit', -0.9320508917489864), ('cat__other_payment_plans_none', -0.6248186604287902)]","{'feature': 'credit_amount', 'from': 1237, 'to': 618.5, 'pd_before': 0.024542558701847975, 'pd_after': 0.022895595046640734, 'delta': -0.0016469636552072404}"
0.0753718399052351,0.2527576147594265,368.0,7.010696782607384,20000.0,0.15,36.0,8992.989303217393,credit,"[('num__installment_commitment', 1.1486084009553927), ('cat__personal_status_male single', -0.6625914811599087), ('cat__other_payment_plans_none', -0.6248186604287902)]","{'feature': 'credit_amount', 'from': 368, 'to': 184.0, 'pd_before': 0.07537183990523517, 'pd_after': 0.0739098845696587, 'delta': -0.0014619553355764703}"
0.2272357138364893,0.201082516252222,2122.0,96.96081999393688,20000.0,0.15,36.0,8903.039180006062,credit,"[('cat__credit_history_critical/other existing credit', -0.9320508917489864), ('num__installment_commitment', 0.8614563007165446), ('cat__foreign_worker_no', -0.8004849231861298)]","{'feature': 'credit_amount', 'from': 2122, 'to': 1061.0, 'pd_before': 0.22723571383648936, 'pd_after': 0.20651824918947725, 'delta': -0.0207174646470121}"
0.2436484225781539,0.2921413698461744,2996.0,213.25463266279303,20000.0,0.15,36.0,8786.745367337207,credit,"[('num__duration', 0.6842398507808253), ('cat__other_payment_plans_none', -0.6248186604287902), ('cat__savings_status_no known savings', -0.6074598829357278)]","{'feature': 'credit_amount', 'from': 2996, 'to': 1498.0, 'pd_before': 0.24364842257815392, 'pd_after': 0.2133067244081792, 'delta': -0.03034169816997473}"
0.8687151418295254,0.0710976722961299,9034.0,557.9725834843994,20000.0,0.15,36.0,8442.0274165156,cashflow,"[('num__installment_commitment', 1.1486084009553927), ('num__credit_amount', 1.0392553223926808), ('num__duration', 1.026359776171238)]","{'feature': 'credit_amount', 'from': 9034, 'to': 4517.0, 'pd_before': 0.8687151418295254, 'pd_after': 0.7973830872663077, 'delta': -0.07133205456321767}"
0.0576157428381443,0.3685867814688328,1585.0,33.65969592521643,20000.0,0.15,36.0,8966.340304074783,credit,"[('num__installment_commitment', 1.1486084009553927), ('cat__checking_status_no checking', -1.0176603432442761), ('cat__credit_history_critical/other existing credit', -0.9320508917489864)]","{'feature': 'credit_amount', 'from': 1585, 'to': 792.5, 'pd_before': 0.05761574283814434, 'pd_after': 0.05286074854159726, 'delta': -0.004754994296547084}"
0.2625365093428829,0.1209908251935828,1301.0,41.32562609039847,20000.0,0.15,36.0,8958.674373909602,credit,"[('num__installment_commitment', 1.1486084009553927), ('cat__other_parties_guarantor', -0.6376122101131426), ('cat__other_payment_plans_none', -0.6248186604287902)]","{'feature': 'credit_amount', 'from': 1301, 'to': 650.5, 'pd_before': 0.262536509342883, 'pd_after': 0.24830761961917297, 'delta': -0.014228889723710003}"
0.2090591846557846,0.1531681603246708,1323.0,42.36406177290499,20000.0,0.15,36.0,8957.635938227095,credit,"[('cat__credit_history_critical/other existing credit', -0.9320508917489864), ('cat__other_payment_plans_none', -0.6248186604287902), ('num__installment_commitment', 0.5743042004776964)]","{'feature': 'credit_amount', 'from': 1323, 'to': 661.5, 'pd_before': 0.2090591846557847, 'pd_after': 0.19675451596544077, 'delta': -0.01230466869034394}"
0.8162873311385367,0.5739882309212251,3123.0,1463.2482998690557,20000.0,0.15,36.0,7536.751700130944,cashflow,"[('num__installment_commitment', 1.1486084009553927), ('num__duration', 0.6842398507808253), ('cat__other_payment_plans_none', -0.6248186604287902)]","{'feature': 'credit_amount', 'from': 3123, 'to': 1561.5, 'pd_before': 0.8162873311385368, 'pd_after': 0.7878077311250954, 'delta': -0.02847960001344141}"
0.44908748949519,0.2129269703796663,5493.0,525.2562522849003,20000.0,0.15,36.0,8474.7437477151,credit,"[('num__duration', 1.026359776171238), ('cat__purpose_used car', -0.9813482536491334), ('cat__personal_status_male single', -0.6625914811599087)]","{'feature': 'credit_amount', 'from': 5493, 'to': 2746.5, 'pd_before': 0.4490874894951901, 'pd_after': 0.37277956700745074, 'delta': -0.07630792248773938}"
0.1575051474347027,0.2478006931214011,1126.0,43.94765017727581,20000.0,0.15,36.0,8956.052349822725,credit,"[('cat__other_payment_plans_none', -0.6248186604287902), ('num__installment_commitment', 0.5743042004776964), ('cat__property_magnitude_real estate', -0.4704380927634033)]","{'feature': 'credit_amount', 'from': 1126, 'to': 563.0, 'pd_before': 0.15750514743470279, 'pd_after': 0.14910018496448316, 'delta': -0.008404962470219629}"
0.566797885504582,0.1414541962903822,1216.0,97.49394225341668,20000.0,0.15,36.0,8902.506057746583,cashflow,"[('num__installment_commitment', 1.1486084009553927), ('cat__credit_history_critical/other existing credit', -0.9320508917489864), ('num__duration', 0.6842398507808253)]","{'feature': 'credit_amount', 'from': 1216, 'to': 608.0, 'pd_before': 0.566797885504582, 'pd_after': 0.5495506094397942, 'delta': -0.01724727606478782}"
0.8632694200833015,0.1568966308814787,1207.0,163.4809847097721,20000.0,0.15,36.0,8836.519015290229,cashflow,"[('num__installment_commitment', 1.1486084009553927), ('num__duration', 0.6842398507808253), ('cat__other_payment_plans_none', -0.6248186604287902)]","{'feature': 'credit_amount', 'from': 1207, 'to': 603.5, 'pd_before': 0.8632694200833015, 'pd_after': 0.8548661943319854, 'delta': -0.008403225751316135}"
0.0432901975427729,0.284156039275438,1309.0,16.102232934826226,20000.0,0.15,36.0,8983.897767065173,credit,"[('num__installment_commitment', 1.1486084009553927), ('cat__checking_status_no checking', -1.0176603432442761), ('cat__personal_status_male single', -0.6625914811599087)]","{'feature': 'credit_amount', 'from': 1309, 'to': 654.5, 'pd_before': 0.04329019754277297, 'pd_after': 0.04027691158015801, 'delta': -0.0030132859626149575}"
0.0135080304781674,0.2337466516940128,2360.0,7.451598272795445,20000.0,0.15,36.0,8992.548401727205,credit,"[('cat__purpose_used car', -0.9813482536491334), ('cat__credit_history_critical/other existing credit', -0.9320508917489864), ('cat__personal_status_male single', -0.6625914811599087)]","{'feature': 'credit_amount', 'from': 2360, 'to': 1180.0, 'pd_before': 0.013508030478167407, 'pd_after': 0.011813646723184487, 'delta': -0.0016943837549829206}"
0.3819542903179507,0.1574875965611777,6850.0,412.04848277207,20000.0,0.15,36.0,8587.95151722793,cashflow,"[('num__credit_amount', 0.7880118395383953), ('cat__personal_status_male single', -0.6625914811599087), ('cat__other_payment_plans_none', -0.6248186604287902)]","{'feature': 'credit_amount', 'from': 6850, 'to': 3425.0, 'pd_before': 0.3819542903179507, 'pd_after': 0.2941594498092507, 'delta': -0.08779484050870001}"
0.1835068878756321,0.3831832270082882,1413.0,99.3575839633736,20000.0,0.15,36.0,8900.642416036626,credit,"[('num__installment_commitment', 1.1486084009553927), ('cat__checking_status_no checking', -1.0176603432442761), ('num__duration', 0.6842398507808253)]","{'feature': 'credit_amount', 'from': 1413, 'to': 706.5, 'pd_before': 0.18350688787563213, 'pd_after': 0.1716411094270473, 'delta': -0.01186577844858483}"
0.1081806351171501,0.4547453584216134,8588.0,422.4835828390978,20000.0,0.15,36.0,8577.516417160903,credit,"[('num__installment_commitment', 1.1486084009553927), ('num__duration', 1.1118897575188411), ('cat__checking_status_no checking', -1.0176603432442761)]","{'feature': 'credit_amount', 'from': 8588, 'to': 4294.0, 'pd_before': 0.10818063511715012, 'pd_after': 0.06891765301650787, 'delta': -0.039262982100642246}"
0.3344745188312973,0.1050999578305714,759.0,26.68132268884865,20000.0,0.15,36.0,8973.318677311152,credit,"[('num__installment_commitment', 1.1486084009553927), ('cat__employment_4<=X<7', -0.6656808424310587), ('cat__personal_status_male single', -0.6625914811599087)]","{'feature': 'credit_amount', 'from': 759, 'to': 379.5, 'pd_before': 0.33447451883129736, 'pd_after': 0.3248276555411444, 'delta': -0.009646863290152963}"
0.0688270153353487,0.1933340352360875,4686.0,62.354749193271005,20000.0,0.15,36.0,8937.645250806729,credit,"[('num__duration', 1.026359776171238), ('cat__checking_status_no checking', -1.0176603432442761), ('cat__purpose_used car', -0.9813482536491334)]","{'feature': 'credit_amount', 'from': 4686, 'to': 2343.0, 'pd_before': 0.06882701533534871, 'pd_after': 0.053434513787990814, 'delta': -0.015392501547357898}"
0.1278279947970403,0.6464391918659206,2687.0,222.03493993347985,20000.0,0.15,36.0,8777.96506006652,credit,"[('cat__employment_4<=X<7', -0.6656808424310587), ('cat__personal_status_male single', -0.6625914811599087), ('cat__other_payment_plans_none', -0.6248186604287902)]","{'feature': 'credit_amount', 'from': 2687, 'to': 1343.5, 'pd_before': 0.12782799479704032, 'pd_after': 0.11156491710933279, 'delta': -0.01626307768770753}"
0.5458581172454036,0.2413826486094068,585.0,77.0799966917992,20000.0,0.15,36.0,8922.920003308202,credit,"[('num__installment_commitment', 1.1486084009553927), ('cat__other_payment_plans_none', -0.6248186604287902), ('cat__savings_status_<100', 0.5049896871194027)]","{'feature': 'credit_amount', 'from': 585, 'to': 292.5, 'pd_before': 0.5458581172454036, 'pd_after': 0.5375046072751327, 'delta': -0.008353509970270845}"
0.1132804825758862,0.071976750396912,2255.0,18.386280098310223,20000.0,0.15,36.0,8981.61371990169,cashflow,"[('num__installment_commitment', 1.1486084009553927), ('cat__checking_status_no checking', -1.0176603432442761), ('num__duration', 0.6842398507808253)]","{'feature': 'credit_amount', 'from': 2255, 'to': 1127.5, 'pd_before': 0.11328048257588634, 'pd_after': 0.10089064811991794, 'delta': -0.012389834455968404}"
0.1404530343532527,0.1550777487948658,609.0,13.264714490756422,20000.0,0.15,36.0,8986.735285509243,credit,"[('num__installment_commitment', 1.1486084009553927), ('cat__credit_history_critical/other existing credit', -0.9320508917489864), ('cat__foreign_worker_no', -0.8004849231861298)]","{'feature': 'credit_amount', 'from': 609, 'to': 304.5, 'pd_before': 0.14045303435325265, 'pd_after': 0.13627712813110038, 'delta': -0.004175906222152276}"
0.1100219588480079,0.3818614852670722,1361.0,57.17989526868018,20000.0,0.15,36.0,8942.82010473132,cashflow,"[('cat__credit_history_critical/other existing credit', -0.9320508917489864), ('cat__foreign_worker_no', -0.8004849231861298), ('cat__personal_status_male single', -0.6625914811599087)]","{'feature': 'credit_amount', 'from': 1361, 'to': 680.5, 'pd_before': 0.11002195884800792, 'pd_after': 0.10258742633806486, 'delta': -0.007434532509943054}"
0.3428221582389091,0.0391767550089084,7127.0,95.72031171718562,20000.0,0.15,36.0,8904.279688282815,cashflow,"[('num__duration', 1.026359776171238), ('cat__checking_status_no checking', -1.0176603432442761), ('cat__credit_history_critical/other existing credit', -0.9320508917489864)]","{'feature': 'credit_amount', 'from': 7127, 'to': 3563.5, 'pd_before': 0.34282215823890927, 'pd_after': 0.25717922928709364, 'delta': -0.08564292895181563}"
0.2383334465941375,0.5391721429161238,1203.0,154.58881441988223,20000.0,0.15,36.0,8845.411185580118,credit,"[('num__installment_commitment', 0.8614563007165446), ('cat__personal_status_male single', -0.6625914811599087), ('cat__other_payment_plans_none', -0.6248186604287902)]","{'feature': 'credit_amount', 'from': 1203, 'to': 601.5, 'pd_before': 0.23833344659413758, 'pd_after': 0.2260005677018755, 'delta': -0.012332878892262089}"
0.0209074863141433,0.4646690558341592,700.0,6.800543347821023,20000.0,0.15,36.0,8993.199456652179,credit,"[('num__installment_commitment', 1.1486084009553927), ('cat__checking_status_no checking', -1.0176603432442761), ('cat__credit_history_critical/other existing credit', -0.9320508917489864)]","{'feature': 'credit_amount', 'from': 700, 'to': 350.0, 'pd_before': 0.020907486314143367, 'pd_after': 0.020098985433110988, 'delta': -0.0008085008810323792}"
0.1985321344717619,0.429871289813568,5507.0,469.9853587844975,20000.0,0.15,36.0,8530.014641215503,credit,"[('cat__checking_status_no checking', -1.0176603432442761), ('cat__credit_history_critical/other existing credit', -0.9320508917489864), ('num__installment_commitment', 0.8614563007165446)]","{'feature': 'credit_amount', 'from': 5507, 'to': 2753.5, 'pd_before': 0.198532134471762, 'pd_after': 0.1528718935821194, 'delta': -0.0456602408896426}"
0.3714897084504649,0.16102921282616,3190.0,190.82801808610577,20000.0,0.15,36.0,8809.171981913894,credit,"[('cat__other_payment_plans_none', -0.6248186604287902), ('num__installment_commitment', 0.5743042004776964), ('cat__checking_status_<0', 0.5232774123312848)]","{'feature': 'credit_amount', 'from': 3190, 'to': 1595.0, 'pd_before': 0.37148970845046486, 'pd_after': 0.3297497293559964, 'delta': -0.04173997909446847}"
0.8902213966344407,0.2743541444761143,7119.0,1738.715583306304,20000.0,0.15,36.0,7261.284416693696,credit,"[('num__duration', 1.3684797015616506), ('num__installment_commitment', 0.8614563007165446), ('num__credit_amount', 0.8189571219961804)]","{'feature': 'credit_amount', 'from': 7119, 'to': 3559.5, 'pd_before': 0.8902213966344407, 'pd_after': 0.8433708660074232, 'delta': -0.046850530627017495}"
0.0592346407422656,0.3687244253812715,3488.0,76.18231093980859,20000.0,0.15,36.0,8923.817689060192,credit,"[('cat__checking_status_no checking', -1.0176603432442761), ('cat__purpose_used car', -0.9813482536491334), ('num__installment_commitment', 0.8614563007165446)]","{'feature': 'credit_amount', 'from': 3488, 'to': 1744.0, 'pd_before': 0.05923464074226566, 'pd_after': 0.048994402037021746, 'delta': -0.01024023870524391}"
0.3178442729252233,0.1811714746856997,1113.0,64.09134331429489,20000.0,0.15,36.0,8935.908656685706,credit,"[('num__installment_commitment', 1.1486084009553927), ('cat__other_parties_guarantor', -0.6376122101131426), ('cat__other_payment_plans_none', -0.6248186604287902)]","{'feature': 'credit_amount', 'from': 1113, 'to': 556.5, 'pd_before': 0.3178442729252234, 'pd_after': 0.3041283983667914, 'delta': -0.013715874558431984}"
0.3455412683074789,0.572211645192924,7966.0,1575.0593278830872,20000.0,0.15,36.0,7424.9406721169125,cashflow,"[('cat__purpose_used car', -0.9813482536491334), ('num__credit_amount', 0.9163944983595411), ('num__duration', 0.741259838345894)]","{'feature': 'credit_amount', 'from': 7966, 'to': 3983.0, 'pd_before': 0.34554126830747894, 'pd_after': 0.25032237415727937, 'delta': -0.09521889415019957}"
0.1766118202741003,0.2430281400308927,1532.0,65.75595583306531,20000.0,0.15,36.0,8934.244044166935,credit,"[('num__installment_commitment', 1.1486084009553927), ('cat__checking_status_no checking', -1.0176603432442761), ('cat__credit_history_critical/other existing credit', -0.9320508917489864)]","{'feature': 'credit_amount', 'from': 1532, 'to': 766.0, 'pd_before': 0.17661182027410052, 'pd_after': 0.16416038826491228, 'delta': -0.012451432009188246}"
0.016444409358101,0.3314721413924742,1503.0,8.19264796654788,20000.0,0.15,36.0,8991.807352033453,credit,"[('cat__checking_status_no checking', -1.0176603432442761), ('cat__credit_history_critical/other existing credit', -0.9320508917489864), ('cat__employment_4<=X<7', -0.6656808424310587)]","{'feature': 'credit_amount', 'from': 1503, 'to': 751.5, 'pd_before': 0.016444409358101035, 'pd_after': 0.015103057193819837, 'delta': -0.0013413521642811985}"
0.8370112050853643,0.2471195965286547,2302.0,476.1499877110954,20000.0,0.15,36.0,8523.850012288905,credit,"[('num__installment_commitment', 1.1486084009553927), ('num__duration', 1.026359776171238), ('cat__other_payment_plans_none', -0.6248186604287902)]","{'feature': 'credit_amount', 'from': 2302, 'to': 1151.0, 'pd_before': 0.8370112050853644, 'pd_after': 0.8181326638730364, 'delta': -0.018878541212328015}"
0.3804675879574731,0.1519133145359118,662.0,38.26233714238839,20000.0,0.15,36.0,8961.737662857611,cashflow,"[('num__installment_commitment', 0.8614563007165446), ('cat__personal_status_male single', -0.6625914811599087), ('cat__other_payment_plans_none', -0.6248186604287902)]","{'feature': 'credit_amount', 'from': 662, 'to': 331.0, 'pd_before': 0.3804675879574731, 'pd_after': 0.3715339691346428, 'delta': -0.00893361882283028}"
0.6245444103030529,0.5333753303924842,2273.0,757.1739890452565,20000.0,0.15,36.0,8242.826010954743,credit,"[('num__duration', 1.026359776171238), ('num__installment_commitment', 0.8614563007165446), ('cat__purpose_education', 0.8570681585031974)]","{'feature': 'credit_amount', 'from': 2273, 'to': 1136.5, 'pd_before': 0.6245444103030529, 'pd_after': 0.5934247298488767, 'delta': -0.031119680454176124}"
0.4530149150814385,0.315540561271633,2631.0,376.0871914776133,20000.0,0.15,36.0,8623.912808522387,credit,"[('cat__other_payment_plans_none', -0.6248186604287902), ('num__installment_commitment', 0.5743042004776964), ('cat__own_telephone_yes', -0.48588636629150395)]","{'feature': 'credit_amount', 'from': 2631, 'to': 1315.5, 'pd_before': 0.45301491508143854, 'pd_after': 0.41585095011986484, 'delta': -0.0371639649615737}"
0.0961309544500886,0.1375655738146824,1503.0,19.876137795150147,20000.0,0.15,36.0,8980.12386220485,credit,"[('num__installment_commitment', 1.1486084009553927), ('cat__checking_status_no checking', -1.0176603432442761), ('cat__purpose_used car', -0.9813482536491334)]","{'feature': 'credit_amount', 'from': 1503, 'to': 751.5, 'pd_before': 0.09613095445008867, 'pd_after': 0.08887701371082112, 'delta': -0.00725394073926755}"
0.0697896860760377,0.3212966577211021,1311.0,29.396805865202616,20000.0,0.15,36.0,8970.603194134797,credit,"[('num__installment_commitment', 1.1486084009553927), ('cat__checking_status_no checking', -1.0176603432442761), ('num__duration', 0.6842398507808253)]","{'feature': 'credit_amount', 'from': 1311, 'to': 655.5, 'pd_before': 0.06978968607603778, 'pd_after': 0.065050293203698, 'delta': -0.004739392872339779}"
0.0979448122724057,0.7134221923384635,3105.0,216.9649883821306,20000.0,0.15,36.0,8783.035011617869,cashflow,"[('num__installment_commitment', 1.1486084009553927), ('cat__checking_status_no checking', -1.0176603432442761), ('num__duration', 0.6842398507808253)]","{'feature': 'credit_amount', 'from': 3105, 'to': 1552.5, 'pd_before': 0.09794481227240573, 'pd_after': 0.08325902996669622, 'delta': -0.014685782305709508}"
0.6680439734408935,0.1554111870587404,2319.0,240.7620745472177,20000.0,0.15,36.0,8759.237925452782,cashflow,"[('cat__credit_history_critical/other existing credit', -0.9320508917489864), ('cat__purpose_education', 0.8570681585031974), ('cat__other_payment_plans_none', -0.6248186604287902)]","{'feature': 'credit_amount', 'from': 2319, 'to': 1159.5, 'pd_before': 0.6680439734408935, 'pd_after': 0.6378315229888578, 'delta': -0.03021245045203569}"
0.2273947951945978,0.3409252757971614,1374.0,106.5188461082497,20000.0,0.15,36.0,8893.481153891751,cashflow,"[('num__installment_commitment', 1.1486084009553927), ('num__age', -0.6924990560424912), ('cat__other_payment_plans_none', -0.6248186604287902)]","{'feature': 'credit_amount', 'from': 1374, 'to': 687.0, 'pd_before': 0.22739479519459788, 'pd_after': 0.21380982664177392, 'delta': -0.013584968552823956}"
0.2161124614293302,0.2668159502489741,3612.0,208.27605334596436,20000.0,0.15,36.0,8791.723946654036,credit,"[('cat__credit_history_critical/other existing credit', -0.9320508917489864), ('num__installment_commitment', 0.8614563007165446), ('cat__other_payment_plans_none', -0.6248186604287902)]","{'feature': 'credit_amount', 'from': 3612, 'to': 1806.0, 'pd_before': 0.2161124614293302, 'pd_after': 0.18298912642261997, 'delta': -0.03312333500671022}"
0.9385119056090276,0.4269491153668511,7763.0,3110.609474685192,,,,,credit,"[('num__duration', 1.3684797015616506), ('num__installment_commitment', 1.1486084009553927), ('num__credit_amount', 0.8930417387352646)]","{'feature': 'credit_amount', 'from': 7763, 'to': 3881.5, 'pd_before': 0.9385119056090276, 'pd_after': 0.9071170254074272, 'delta': -0.03139488020160042}"
0.4021640513628187,0.3945036086424022,3049.0,483.73961189355634,20000.0,0.15,36.0,8516.260388106444,cashflow,"[('num__duration', 0.513179888085619), ('cat__savings_status_<100', 0.5049896871194027), ('num__age', -0.41549943362549474)]","{'feature': 'credit_amount', 'from': 3049, 'to': 1524.5, 'pd_before': 0.4021640513628187, 'pd_after': 0.36081419338455656, 'delta': -0.04134985797826213}"
0.315959046691144,0.2240940708554772,1534.0,108.61417816083694,20000.0,0.15,36.0,8891.385821839163,cashflow,"[('cat__other_payment_plans_none', -0.6248186604287902), ('cat__savings_status_<100', 0.5049896871194027), ('cat__property_magnitude_real estate', -0.4704380927634033)]","{'feature': 'credit_amount', 'from': 1534, 'to': 767.0, 'pd_before': 0.3159590466911439, 'pd_after': 0.2972057528114652, 'delta': -0.018753293879678667}"
0.2388966723846983,0.1942826192394252,2032.0,94.31217355659554,20000.0,0.15,36.0,8905.687826443405,credit,"[('num__installment_commitment', 1.1486084009553927), ('cat__checking_status_no checking', -1.0176603432442761), ('num__duration', 0.6842398507808253)]","{'feature': 'credit_amount', 'from': 2032, 'to': 1016.0, 'pd_before': 0.23889667238469842, 'pd_after': 0.21829725830478466, 'delta': -0.020599414079913753}"
0.4028049132893266,0.2798297266239173,6350.0,715.7516086801212,20000.0,0.15,36.0,8284.24839131988,credit,"[('num__installment_commitment', 1.1486084009553927), ('num__duration', 0.8552998134760316), ('num__credit_amount', 0.7304927271633299)]","{'feature': 'credit_amount', 'from': 6350, 'to': 3175.0, 'pd_before': 0.40280491328932666, 'pd_after': 0.3188551972639335, 'delta': -0.08394971602539314}"
0.1989198491363328,0.7853462862804328,2864.0,447.41684314905984,20000.0,0.15,36.0,8552.58315685094,credit,"[('cat__personal_status_male single', -0.6625914811599087), ('cat__other_payment_plans_none', -0.6248186604287902), ('num__installment_commitment', 0.5743042004776964)]","{'feature': 'credit_amount', 'from': 2864, 'to': 1432.0, 'pd_before': 0.19891984913633287, 'pd_after': 0.1739634549269492, 'delta': -0.02495639420938367}"
0.0789627280676609,0.0593613410149442,1255.0,5.882603452509889,20000.0,0.15,36.0,8994.11739654749,credit,"[('num__installment_commitment', 1.1486084009553927), ('cat__checking_status_no checking', -1.0176603432442761), ('cat__credit_history_critical/other existing credit', -0.9320508917489864)]","{'feature': 'credit_amount', 'from': 1255, 'to': 627.5, 'pd_before': 0.07896272806766094, 'pd_after': 0.0738697794426304, 'delta': -0.005092948625030541}"
0.6148655949851775,0.476612733285815,1333.0,390.63934484844935,20000.0,0.15,36.0,8609.360655151551,cashflow,"[('num__installment_commitment', 1.1486084009553927), ('num__duration', 0.6842398507808253), ('cat__personal_status_male single', -0.6625914811599087)]","{'feature': 'credit_amount', 'from': 1333, 'to': 666.5, 'pd_before': 0.6148655949851775, 'pd_after': 0.5965567026406455, 'delta': -0.018308892344531924}"
0.1431413455681724,0.1188060516018098,2022.0,34.386249453783925,20000.0,0.15,36.0,8965.613750546216,credit,"[('num__installment_commitment', 1.1486084009553927), ('cat__checking_status_no checking', -1.0176603432442761), ('cat__credit_history_critical/other existing credit', -0.9320508917489864)]","{'feature': 'credit_amount', 'from': 2022, 'to': 1011.0, 'pd_before': 0.14314134556817243, 'pd_after': 0.1294597417707698, 'delta': -0.01368160379740263}"
0.1636818581111497,0.2551455163070081,1552.0,64.81569829107833,20000.0,0.15,36.0,8935.184301708921,credit,"[('cat__checking_status_no checking', -1.0176603432442761), ('num__installment_commitment', 0.8614563007165446), ('num__duration', 0.6842398507808253)]","{'feature': 'credit_amount', 'from': 1552, 'to': 776.0, 'pd_before': 0.16368185811114974, 'pd_after': 0.15182555878796003, 'delta': -0.011856299323189712}"
0.6683954285444244,0.1792534725601351,626.0,75.00243820780224,20000.0,0.15,36.0,8924.997561792197,credit,"[('num__installment_commitment', 1.1486084009553927), ('cat__checking_status_<0', 0.5232774123312848), ('cat__savings_status_<100', 0.5049896871194027)]","{'feature': 'credit_amount', 'from': 626, 'to': 313.0, 'pd_before': 0.6683954285444244, 'pd_after': 0.6603669249794892, 'delta': -0.008028503564935119}"
0.0211702953190933,0.4819461004169659,8858.0,90.37765380254604,20000.0,0.15,36.0,8909.622346197455,credit,"[('num__duration', 1.3684797015616506), ('num__credit_amount', 1.0190085948366578), ('cat__checking_status_no checking', -1.0176603432442761)]","{'feature': 'credit_amount', 'from': 8858, 'to': 4429.0, 'pd_before': 0.02117029531909333, 'pd_after': 0.012827380344675076, 'delta': -0.008342914974418254}"
0.0318895785398918,0.2818111200281055,996.0,8.950890494168943,20000.0,0.15,36.0,8991.049109505831,credit,"[('num__installment_commitment', 1.1486084009553927), ('cat__checking_status_no checking', -1.0176603432442761), ('cat__credit_history_critical/other existing credit', -0.9320508917489864)]","{'feature': 'credit_amount', 'from': 996, 'to': 498.0, 'pd_before': 0.0318895785398918, 'pd_after': 0.030167566315872, 'delta': -0.0017220122240198012}"
0.0970044381867167,0.5657100722236503,1750.0,96.03367853208874,20000.0,0.15,36.0,8903.966321467911,credit,"[('cat__checking_status_no checking', -1.0176603432442761), ('cat__personal_status_male single', -0.6625914811599087), ('num__installment_commitment', 0.5743042004776964)]","{'feature': 'credit_amount', 'from': 1750, 'to': 875.0, 'pd_before': 0.09700443818671671, 'pd_after': 0.08853789607356538, 'delta': -0.008466542113151329}"
0.3164778198982624,0.3308809491464837,6999.0,732.9106535407974,20000.0,0.15,36.0,8267.089346459203,credit,"[('num__duration', 1.3684797015616506), ('num__credit_amount', 0.8051525350261648), ('cat__employment_4<=X<7', -0.6656808424310587)]","{'feature': 'credit_amount', 'from': 6999, 'to': 3499.5, 'pd_before': 0.31647781989826246, 'pd_after': 0.23638855413275733, 'delta': -0.08008926576550512}"
0.2576254830554258,0.269291304240459,1995.0,138.4057231634599,20000.0,0.15,36.0,8861.59427683654,cashflow,"[('num__installment_commitment', 1.1486084009553927), ('cat__credit_history_critical/other existing credit', -0.9320508917489864), ('cat__personal_status_male single', -0.6625914811599087)]","{'feature': 'credit_amount', 'from': 1995, 'to': 997.5, 'pd_before': 0.2576254830554258, 'pd_after': 0.2362955402836136, 'delta': -0.021329942771812216}"
0.3563419604332229,0.1090369769443833,1199.0,46.58648569876436,20000.0,0.15,36.0,8953.413514301235,credit,"[('num__installment_commitment', 1.1486084009553927), ('cat__purpose_education', 0.8570681585031974), ('cat__employment_4<=X<7', -0.6656808424310587)]","{'feature': 'credit_amount', 'from': 1199, 'to': 599.5, 'pd_before': 0.35634196043322286, 'pd_after': 0.34068521272232455, 'delta': -0.01565674771089831}"
0.3101489080567778,0.5240617148275594,1331.0,216.33697141742107,20000.0,0.15,36.0,8783.66302858258,cashflow,"[('cat__personal_status_male single', -0.6625914811599087), ('num__installment_commitment', 0.5743042004776964), ('cat__savings_status_<100', 0.5049896871194027)]","{'feature': 'credit_amount', 'from': 1331, 'to': 665.5, 'pd_before': 0.31014890805677786, 'pd_after': 0.2940112701827019, 'delta': -0.01613763787407596}"
0.7339942445880651,0.1442930790599513,2278.0,241.2636396265527,20000.0,0.15,36.0,8758.736360373447,cashflow,"[('num__installment_commitment', 0.8614563007165446), ('cat__other_payment_plans_none', -0.6248186604287902), ('num__duration', 0.513179888085619)]","{'feature': 'credit_amount', 'from': 2278, 'to': 1139.0, 'pd_before': 0.7339942445880651, 'pd_after': 0.7076410621103612, 'delta': -0.026353182477703907}"
0.2605608827605202,0.352020051677789,5003.0,458.8884450390871,20000.0,0.15,36.0,8541.111554960913,credit,"[('cat__checking_status_no checking', -1.0176603432442761), ('cat__savings_status_no known savings', -0.6074598829357278), ('num__duration', 0.5987098694332221)]","{'feature': 'credit_amount', 'from': 5003, 'to': 2501.5, 'pd_before': 0.2605608827605203, 'pd_after': 0.20902317806686474, 'delta': -0.05153770469365557}"
0.6135160003687772,0.6280390956551719,3552.0,1368.6283449157097,20000.0,0.15,36.0,7631.37165508429,credit,"[('num__installment_commitment', 0.8614563007165446), ('num__duration', 0.6842398507808253), ('cat__employment_4<=X<7', -0.6656808424310587)]","{'feature': 'credit_amount', 'from': 3552, 'to': 1776.0, 'pd_before': 0.6135160003687771, 'pd_after': 0.5640973705758318, 'delta': -0.04941862979294531}"
0.1679539216930971,0.5421558478184566,1928.0,175.55828316159466,20000.0,0.15,36.0,8824.441716838406,cashflow,"[('cat__credit_history_critical/other existing credit', -0.9320508917489864), ('cat__personal_status_male single', -0.6625914811599087), ('cat__other_payment_plans_none', -0.6248186604287902)]","{'feature': 'credit_amount', 'from': 1928, 'to': 964.0, 'pd_before': 0.1679539216930971, 'pd_after': 0.15302174260250034, 'delta': -0.01493217909059677}"
0.2668594500645324,0.3659988237452141,2964.0,289.4946056728997,20000.0,0.15,36.0,8710.5053943271,credit,"[('num__installment_commitment', 1.1486084009553927), ('cat__purpose_used car', -0.9813482536491334), ('num__duration', 0.6842398507808253)]","{'feature': 'credit_amount', 'from': 2964, 'to': 1482.0, 'pd_before': 0.2668594500645323, 'pd_after': 0.23485411817215598, 'delta': -0.03200533189237634}"
0.6143638764421205,0.2706045883151198,1546.0,257.0220112480256,20000.0,0.15,36.0,8742.977988751974,credit,"[('num__installment_commitment', 1.1486084009553927), ('num__duration', 0.6842398507808253), ('cat__employment_4<=X<7', -0.6656808424310587)]","{'feature': 'credit_amount', 'from': 1546, 'to': 773.0, 'pd_before': 0.6143638764421205, 'pd_after': 0.593093492192273, 'delta': -0.021270384249847507}"
0.3564360937688709,0.2232009411257809,683.0,54.3373432894194,20000.0,0.15,36.0,8945.662656710581,cashflow,"[('num__installment_commitment', 0.5743042004776964), ('cat__savings_status_<100', 0.5049896871194027), ('cat__purpose_radio/tv', -0.344668332753512)]","{'feature': 'credit_amount', 'from': 683, 'to': 341.5, 'pd_before': 0.35643609376887087, 'pd_after': 0.3474760906238653, 'delta': -0.008960003145005557}"
0.357992847480329,0.0189423698572614,12389.0,84.01269468585429,20000.0,0.15,36.0,8915.987305314145,credit,"[('num__credit_amount', 1.4252085664293692), ('num__duration', 1.026359776171238), ('cat__personal_status_male single', -0.6625914811599087)]","{'feature': 'credit_amount', 'from': 12389, 'to': 6194.5, 'pd_before': 0.35799284748032906, 'pd_after': 0.2147224900467124, 'delta': -0.14327035743361666}"
0.2604057413372612,0.2788913836385008,4712.0,342.2086113022116,20000.0,0.15,36.0,8657.791388697788,credit,"[('num__installment_commitment', 1.1486084009553927), ('num__duration', 0.6842398507808253), ('cat__personal_status_male single', -0.6625914811599087)]","{'feature': 'credit_amount', 'from': 4712, 'to': 2356.0, 'pd_before': 0.26040574133726135, 'pd_after': 0.2116695811321461, 'delta': -0.04873616020511526}"
0.2919149392903204,0.2685207561832771,1553.0,121.7322470318383,20000.0,0.15,36.0,8878.267752968162,credit,"[('num__installment_commitment', 0.8614563007165446), ('num__duration', 0.6842398507808253), ('cat__employment_4<=X<7', -0.6656808424310587)]","{'feature': 'credit_amount', 'from': 1553, 'to': 776.5, 'pd_before': 0.2919149392903205, 'pd_after': 0.2737997200256746, 'delta': -0.018115219264645877}"
0.4905144055601399,0.431943731716513,1372.0,290.6919824793416,20000.0,0.15,36.0,8709.308017520658,credit,"[('cat__employment_4<=X<7', -0.6656808424310587), ('cat__other_payment_plans_none', -0.6248186604287902), ('num__installment_commitment', 0.5743042004776964)]","{'feature': 'credit_amount', 'from': 1372, 'to': 686.0, 'pd_before': 0.4905144055601399, 'pd_after': 0.47081741644178493, 'delta': -0.01969698911835499}"
0.0155908133325757,0.1182235807424695,2578.0,4.751774185912783,20000.0,0.15,36.0,8995.248225814088,credit,"[('cat__checking_status_no checking', -1.0176603432442761), ('cat__credit_history_critical/other existing credit', -0.9320508917489864), ('num__duration', 0.6842398507808253)]","{'feature': 'credit_amount', 'from': 2578, 'to': 1289.0, 'pd_before': 0.01559081333257576, 'pd_after': 0.01347112524909612, 'delta': -0.0021196880834796414}"
0.1964659784755446,0.38183797644668,3979.0,298.4973050419797,20000.0,0.15,36.0,8701.50269495802,credit,"[('num__duration', 1.3684797015616506), ('num__installment_commitment', 1.1486084009553927), ('cat__employment_4<=X<7', -0.6656808424310587)]","{'feature': 'credit_amount', 'from': 3979, 'to': 1989.5, 'pd_before': 0.1964659784755445, 'pd_after': 0.16281931977432146, 'delta': -0.03364665870122305}"
0.6921848439788658,0.2785457618839845,6758.0,1302.9772356696658,20000.0,0.15,36.0,7697.022764330334,credit,"[('num__duration', 1.3684797015616506), ('num__installment_commitment', 0.8614563007165446), ('num__credit_amount', 0.7774283228613833)]","{'feature': 'credit_amount', 'from': 6758, 'to': 3379.0, 'pd_before': 0.6921848439788659, 'pd_after': 0.6038754806214596, 'delta': -0.08830936335740636}"
0.758001023747385,0.2291930313814119,3234.0,561.8381385355834,20000.0,0.15,36.0,8438.161861464416,cashflow,"[('num__installment_commitment', 1.1486084009553927), ('num__duration', 0.6842398507808253), ('cat__other_payment_plans_none', -0.6248186604287902)]","{'feature': 'credit_amount', 'from': 3234, 'to': 1617.0, 'pd_before': 0.7580010237473851, 'pd_after': 0.72226695485043, 'delta': -0.035734068896955073}"
0.0832094351361096,0.223813470578728,5954.0,110.88367872296487,20000.0,0.15,36.0,8889.116321277035,credit,"[('cat__checking_status_no checking', -1.0176603432442761), ('cat__credit_history_critical/other existing credit', -0.9320508917489864), ('num__installment_commitment', 0.8614563007165446)]","{'feature': 'credit_amount', 'from': 5954, 'to': 2977.0, 'pd_before': 0.08320943513610957, 'pd_after': 0.06054078677707665, 'delta': -0.022668648359032914}"
0.0622038046562349,0.2288315264580268,5433.0,77.33436280515151,20000.0,0.15,36.0,8922.665637194848,cashflow,"[('cat__checking_status_no checking', -1.0176603432442761), ('cat__purpose_used car', -0.9813482536491334), ('num__duration', 0.6842398507808253)]","{'feature': 'credit_amount', 'from': 5433, 'to': 2716.5, 'pd_before': 0.06220380465623495, 'pd_after': 0.04628187166163625, 'delta': -0.015921932994598702}"
0.5165670795993572,0.1764928741867908,806.0,73.48334932254646,20000.0,0.15,36.0,8926.516650677453,credit,"[('num__installment_commitment', 1.1486084009553927), ('cat__other_payment_plans_none', -0.6248186604287902), ('cat__checking_status_<0', 0.5232774123312848)]","{'feature': 'credit_amount', 'from': 806, 'to': 403.0, 'pd_before': 0.5165670795993572, 'pd_after': 0.5049828803293352, 'delta': -0.011584199270021966}"
0.2928363391090882,0.3713084087408162,1082.0,117.64866789396028,20000.0,0.15,36.0,8882.35133210604,credit,"[('num__installment_commitment', 1.1486084009553927), ('cat__personal_status_male single', -0.6625914811599087), ('cat__other_payment_plans_none', -0.6248186604287902)]","{'feature': 'credit_amount', 'from': 1082, 'to': 541.0, 'pd_before': 0.2928363391090882, 'pd_after': 0.28011647651926874, 'delta': -0.012719862589819442}"
0.1676014360292145,0.4150781950685919,2788.0,193.9547519434544,20000.0,0.15,36.0,8806.045248056545,credit,"[('cat__checking_status_no checking', -1.0176603432442761), ('cat__credit_history_critical/other existing credit', -0.9320508917489864), ('cat__employment_4<=X<7', -0.6656808424310587)]","{'feature': 'credit_amount', 'from': 2788, 'to': 1394.0, 'pd_before': 0.16760143602921454, 'pd_after': 0.14640427392602523, 'delta': -0.02119716210318931}"
0.1650843611248129,0.104298668282723,2930.0,50.44897152749284,20000.0,0.15,36.0,8949.551028472508,credit,"[('cat__employment_4<=X<7', -0.6656808424310587), ('cat__other_payment_plans_none', -0.6248186604287902), ('num__installment_commitment', 0.5743042004776964)]","{'feature': 'credit_amount', 'from': 2930, 'to': 1465.0, 'pd_before': 0.16508436112481292, 'pd_after': 0.14314567974613643, 'delta': -0.021938681378676494}"
0.076107123335046,0.2301722335539742,1927.0,33.7566976353708,20000.0,0.15,36.0,8966.24330236463,credit,"[('cat__checking_status_no checking', -1.0176603432442761), ('cat__credit_history_critical/other existing credit', -0.9320508917489864), ('num__installment_commitment', 0.8614563007165446)]","{'feature': 'credit_amount', 'from': 1927, 'to': 963.5, 'pd_before': 0.07610712333504607, 'pd_after': 0.0686704895539073, 'delta': -0.007436633781138777}"
0.7827493962139913,0.0667089855908368,2820.0,147.2502993050366,20000.0,0.15,36.0,8852.749700694963,cashflow,"[('num__installment_commitment', 1.1486084009553927), ('num__duration', 1.026359776171238), ('cat__credit_history_critical/other existing credit', -0.9320508917489864)]","{'feature': 'credit_amount', 'from': 2820, 'to': 1410.0, 'pd_before': 0.7827493962139913, 'pd_after': 0.7539065628184786, 'delta': -0.028842833395512746}"
0.3338012908706925,0.3890133264267605,937.0,121.67240204394402,20000.0,0.15,36.0,8878.327597956057,cashflow,"[('num__installment_commitment', 1.1486084009553927), ('cat__checking_status_no checking', -1.0176603432442761), ('num__duration', 0.6842398507808253)]","{'feature': 'credit_amount', 'from': 937, 'to': 468.5, 'pd_before': 0.3338012908706926, 'pd_after': 0.3219253894629797, 'delta': -0.011875901407712885}"
0.2840007065845914,0.3549118059300125,1056.0,106.43973506425982,20000.0,0.15,36.0,8893.56026493574,credit,"[('cat__credit_history_critical/other existing credit', -0.9320508917489864), ('num__installment_commitment', 0.8614563007165446), ('cat__personal_status_male single', -0.6625914811599087)]","{'feature': 'credit_amount', 'from': 1056, 'to': 528.0, 'pd_before': 0.2840007065845914, 'pd_after': 0.27181318147039285, 'delta': -0.012187525114198572}"
0.3565040386798482,0.5343345153144067,3124.0,595.0982973236131,20000.0,0.15,36.0,8404.901702676387,cashflow,"[('cat__credit_history_critical/other existing credit', -0.9320508917489864), ('cat__personal_status_male single', -0.6625914811599087), ('cat__savings_status_<100', 0.5049896871194027)]","{'feature': 'credit_amount', 'from': 3124, 'to': 1562.0, 'pd_before': 0.35650403867984826, 'pd_after': 0.316422889632611, 'delta': -0.04008114904723725}"
0.2331931745039969,0.7474381943727753,1388.0,241.92490958435627,20000.0,0.15,36.0,8758.075090415643,credit,"[('num__installment_commitment', 1.1486084009553927), ('cat__checking_status_no checking', -1.0176603432442761), ('cat__other_payment_plans_none', -0.6248186604287902)]","{'feature': 'credit_amount', 'from': 1388, 'to': 694.0, 'pd_before': 0.23319317450399704, 'pd_after': 0.21922228897364573, 'delta': -0.013970885530351307}"
0.871963803155063,0.4070910826239527,2384.0,846.2453537065404,20000.0,0.15,36.0,8153.75464629346,cashflow,"[('num__installment_commitment', 1.1486084009553927), ('num__duration', 1.026359776171238), ('cat__personal_status_male single', -0.6625914811599087)]","{'feature': 'credit_amount', 'from': 2384, 'to': 1192.0, 'pd_before': 0.871963803155063, 'pd_after': 0.8558584672417663, 'delta': -0.01610533591329677}"
0.0937520705556099,0.4173160771705693,2133.0,83.45201738111895,20000.0,0.15,36.0,8916.54798261888,credit,"[('num__installment_commitment', 1.1486084009553927), ('cat__checking_status_no checking', -1.0176603432442761), ('cat__housing_for free', -0.6370784452339096)]","{'feature': 'credit_amount', 'from': 2133, 'to': 1066.5, 'pd_before': 0.09375207055560995, 'pd_after': 0.08383488175532347, 'delta': -0.009917188800286483}"
0.6578296927578571,0.3887162086342451,2039.0,521.3907816914679,20000.0,0.15,36.0,8478.609218308533,credit,"[('cat__checking_status_<0', 0.5232774123312848), ('num__duration', 0.513179888085619), ('cat__savings_status_<100', 0.5049896871194027)]","{'feature': 'credit_amount', 'from': 2039, 'to': 1019.5, 'pd_before': 0.6578296927578571, 'pd_after': 0.6309643274384774, 'delta': -0.026865365319379664}"
0.3596356649289886,0.1932821505089188,2799.0,194.56172205338643,20000.0,0.15,36.0,8805.438277946614,credit,"[('cat__credit_history_critical/other existing credit', -0.9320508917489864), ('cat__personal_status_male single', -0.6625914811599087), ('cat__other_payment_plans_none', -0.6248186604287902)]","{'feature': 'credit_amount', 'from': 2799, 'to': 1399.5, 'pd_before': 0.3596356649289886, 'pd_after': 0.3234543779042388, 'delta': -0.036181287024749764}"
0.3091848048596322,0.5396547124540491,1289.0,215.0735646436134,20000.0,0.15,36.0,8784.926435356387,credit,"[('num__installment_commitment', 1.1486084009553927), ('cat__personal_status_male single', -0.6625914811599087), ('cat__other_parties_guarantor', -0.6376122101131426)]","{'feature': 'credit_amount', 'from': 1289, 'to': 644.5, 'pd_before': 0.3091848048596322, 'pd_after': 0.29357678145286936, 'delta': -0.015608023406762817}"
0.37733090631296,0.500373726534079,1217.0,229.77747609333773,20000.0,0.15,36.0,8770.222523906663,credit,"[('num__installment_commitment', 1.1486084009553927), ('cat__other_payment_plans_none', -0.6248186604287902), ('cat__checking_status_<0', 0.5232774123312848)]","{'feature': 'credit_amount', 'from': 1217, 'to': 608.5, 'pd_before': 0.3773309063129602, 'pd_after': 0.36103069158458984, 'delta': -0.016300214728370344}"
0.1947452422977017,0.2230991296974255,2246.0,97.5830716797186,20000.0,0.15,36.0,8902.416928320281,credit,"[('cat__credit_history_critical/other existing credit', -0.9320508917489864), ('num__installment_commitment', 0.8614563007165446), ('cat__personal_status_male single', -0.6625914811599087)]","{'feature': 'credit_amount', 'from': 2246, 'to': 1123.0, 'pd_before': 0.1947452422977018, 'pd_after': 0.17528070416928285, 'delta': -0.019464538128418946}"
0.1526951558697141,0.2786811649231129,385.0,16.38300660761697,20000.0,0.15,36.0,8983.616993392383,credit,"[('num__installment_commitment', 1.1486084009553927), ('cat__credit_history_critical/other existing credit', -0.9320508917489864), ('num__existing_credits', 0.7181910598315825)]","{'feature': 'credit_amount', 'from': 385, 'to': 192.5, 'pd_before': 0.15269515586971408, 'pd_after': 0.14985205115835354, 'delta': -0.002843104711360539}"
0.4104947426118412,0.335819437526165,1965.0,270.87940316771534,20000.0,0.15,36.0,8729.120596832285,credit,"[('num__installment_commitment', 1.1486084009553927), ('num__duration', 0.6842398507808253), ('cat__other_payment_plans_none', -0.6248186604287902)]","{'feature': 'credit_amount', 'from': 1965, 'to': 982.5, 'pd_before': 0.4104947426118412, 'pd_after': 0.3834463628623188, 'delta': -0.0270483797495224}"
0.152204599641393,0.3917732737893417,1572.0,93.73787941964288,20000.0,0.15,36.0,8906.262120580357,credit,"[('num__installment_commitment', 1.1486084009553927), ('cat__checking_status_no checking', -1.0176603432442761), ('num__duration', 0.5987098694332221)]","{'feature': 'credit_amount', 'from': 1572, 'to': 786.0, 'pd_before': 0.15220459964139316, 'pd_after': 0.14090014508383533, 'delta': -0.011304454557557825}"
0.6554955995919818,0.5779452990528532,2718.0,1029.6887517078587,20000.0,0.15,36.0,7970.3112482921415,credit,"[('num__installment_commitment', 0.8614563007165446), ('num__duration', 0.6842398507808253), ('cat__other_payment_plans_none', -0.6248186604287902)]","{'feature': 'credit_amount', 'from': 2718, 'to': 1359.0, 'pd_before': 0.6554955995919819, 'pd_after': 0.6193871439487725, 'delta': -0.036108455643209414}"
0.2484184172911248,0.6932383784757228,1358.0,233.8654995079377,20000.0,0.15,36.0,8766.134500492062,credit,"[('num__installment_commitment', 1.1486084009553927), ('num__duration', 0.6842398507808253), ('cat__personal_status_male single', -0.6625914811599087)]","{'feature': 'credit_amount', 'from': 1358, 'to': 679.0, 'pd_before': 0.2484184172911248, 'pd_after': 0.2341227736067479, 'delta': -0.014295643684376885}"
0.4685196405177356,0.0939178380955119,931.0,40.96618947246501,20000.0,0.15,36.0,8959.033810527535,cashflow,"[('cat__purpose_new car', 0.3676157332092113), ('num__age', -0.2954662639114629), ('num__installment_commitment', 0.2871521002388482)]","{'feature': 'credit_amount', 'from': 931, 'to': 465.5, 'pd_before': 0.4685196405177356, 'pd_after': 0.45521075230840596, 'delta': -0.013308888209329628}"
0.7725606509835893,0.2536988128350337,1442.0,282.6287122365355,20000.0,0.15,36.0,8717.371287763464,credit,"[('num__installment_commitment', 1.1486084009553927), ('num__duration', 0.6842398507808253), ('cat__employment_4<=X<7', -0.6656808424310587)]","{'feature': 'credit_amount', 'from': 1442, 'to': 721.0, 'pd_before': 0.7725606509835893, 'pd_after': 0.7576584054660332, 'delta': -0.014902245517556034}"
0.3171996452915976,0.178854487691006,4241.0,240.60287201069997,20000.0,0.15,36.0,8759.3971279893,credit,"[('num__duration', 0.6842398507808253), ('cat__personal_status_male single', -0.6625914811599087), ('cat__other_payment_plans_none', -0.6248186604287902)]","{'feature': 'credit_amount', 'from': 4241, 'to': 2120.5, 'pd_before': 0.3171996452915976, 'pd_after': 0.26686054952231353, 'delta': -0.05033909576928408}"
0.1112805224797164,0.127808659501278,2775.0,39.46775497868794,20000.0,0.15,36.0,8960.532245021312,credit,"[('cat__checking_status_no checking', -1.0176603432442761), ('cat__credit_history_critical/other existing credit', -0.9320508917489864), ('cat__employment_4<=X<7', -0.6656808424310587)]","{'feature': 'credit_amount', 'from': 2775, 'to': 1387.5, 'pd_before': 0.11128052247971643, 'pd_after': 0.09644684339874378, 'delta': -0.014833679080972648}"
0.1059451604838834,0.0315345705728028,3863.0,12.906032446306552,20000.0,0.15,36.0,8987.093967553694,credit,"[('cat__checking_status_no checking', -1.0176603432442761), ('num__duration', 0.6842398507808253), ('cat__personal_status_male single', -0.6625914811599087)]","{'feature': 'credit_amount', 'from': 3863, 'to': 1931.5, 'pd_before': 0.10594516048388347, 'pd_after': 0.08666585362712431, 'delta': -0.01927930685675916}"
0.1318815255192766,0.0376334803091672,2329.0,11.559201488696464,20000.0,0.15,36.0,8988.440798511303,cashflow,"[('cat__other_parties_guarantor', -0.6376122101131426), ('cat__other_payment_plans_none', -0.6248186604287902), ('cat__savings_status_<100', 0.5049896871194027)]","{'feature': 'credit_amount', 'from': 2329, 'to': 1164.5, 'pd_before': 0.1318815255192766, 'pd_after': 0.11728596191055611, 'delta': -0.014595563608720483}"
0.3719302222424548,0.1253170221140618,918.0,42.7872344790227,20000.0,0.15,36.0,8957.212765520977,credit,"[('num__installment_commitment', 1.1486084009553927), ('cat__other_payment_plans_none', -0.6248186604287902), ('cat__savings_status_<100', 0.5049896871194027)]","{'feature': 'credit_amount', 'from': 918, 'to': 459.0, 'pd_before': 0.3719302222424548, 'pd_after': 0.35968132420624727, 'delta': -0.012248898036207545}"
0.872820292398111,0.0256330463138452,1837.0,41.099279951880646,20000.0,0.15,36.0,8958.90072004812,credit,"[('num__installment_commitment', 1.1486084009553927), ('cat__purpose_education', 0.8570681585031974), ('num__duration', 0.6842398507808253)]","{'feature': 'credit_amount', 'from': 1837, 'to': 918.5, 'pd_before': 0.8728202923981112, 'pd_after': 0.8606220300892744, 'delta': -0.012198262308836805}"
0.2638337742444762,0.1422290963928818,3349.0,125.670686844888,20000.0,0.15,36.0,8874.329313155113,credit,"[('num__installment_commitment', 1.1486084009553927), ('num__duration', 1.026359776171238), ('cat__checking_status_no checking', -1.0176603432442761)]","{'feature': 'credit_amount', 'from': 3349, 'to': 1674.5, 'pd_before': 0.2638337742444762, 'pd_after': 0.22815329908077425, 'delta': -0.03568047516370193}"
0.426380168402318,0.4404046478487442,1275.0,239.4192550915117,20000.0,0.15,36.0,8760.580744908488,cashflow,"[('num__installment_commitment', 1.1486084009553927), ('cat__other_payment_plans_none', -0.6248186604287902), ('cat__savings_status_<100', 0.5049896871194027)]","{'feature': 'credit_amount', 'from': 1275, 'to': 637.5, 'pd_before': 0.426380168402318, 'pd_after': 0.40854769833193294, 'delta': -0.017832470070385076}"
0.4227223268010011,0.1381952497824388,2828.0,165.20671920560324,20000.0,0.15,36.0,8834.793280794396,credit,"[('num__installment_commitment', 1.1486084009553927), ('num__duration', 0.6842398507808253), ('cat__personal_status_male single', -0.6625914811599087)]","{'feature': 'credit_amount', 'from': 2828, 'to': 1414.0, 'pd_before': 0.4227223268010011, 'pd_after': 0.38360563925851043, 'delta': -0.03911668754249065}"
0.026615146537754,0.0881247379306332,4526.0,10.615519434466655,20000.0,0.15,36.0,8989.384480565534,credit,"[('cat__checking_status_no checking', -1.0176603432442761), ('cat__credit_history_critical/other existing credit', -0.9320508917489864), ('num__installment_commitment', 0.8614563007165446)]","{'feature': 'credit_amount', 'from': 4526, 'to': 2263.0, 'pd_before': 0.026615146537754077, 'pd_after': 0.02064076389022698, 'delta': -0.005974382647527098}"
0.6027438079486569,0.3802453307196963,2671.0,612.1678751610648,20000.0,0.15,36.0,8387.832124838935,credit,"[('num__installment_commitment', 1.1486084009553927), ('num__duration', 1.026359776171238), ('cat__housing_for free', -0.6370784452339096)]","{'feature': 'credit_amount', 'from': 2671, 'to': 1335.5, 'pd_before': 0.6027438079486569, 'pd_after': 0.5654417539477576, 'delta': -0.037302054000899254}"
0.1360704338973006,0.431790301686878,2051.0,120.50423598522184,20000.0,0.15,36.0,8879.495764014779,cashflow,"[('num__installment_commitment', 1.1486084009553927), ('cat__checking_status_no checking', -1.0176603432442761), ('cat__personal_status_male single', -0.6625914811599087)]","{'feature': 'credit_amount', 'from': 2051, 'to': 1025.5, 'pd_before': 0.1360704338973007, 'pd_after': 0.12278790402966887, 'delta': -0.013282529867631829}"
0.0680536074678112,0.4433027635697698,1300.0,39.21885793978494,20000.0,0.15,36.0,8960.781142060216,credit,"[('num__installment_commitment', 1.1486084009553927), ('cat__checking_status_no checking', -1.0176603432442761), ('cat__purpose_used car', -0.9813482536491334)]","{'feature': 'credit_amount', 'from': 1300, 'to': 650.0, 'pd_before': 0.06805360746781125, 'pd_after': 0.06346166689591333, 'delta': -0.004591940571897921}"
0.549349634816623,0.3915154032973594,741.0,159.3734232754271,20000.0,0.15,36.0,8840.626576724573,cashflow,"[('num__installment_commitment', 1.1486084009553927), ('cat__other_payment_plans_none', -0.6248186604287902), ('cat__checking_status_<0', 0.5232774123312848)]","{'feature': 'credit_amount', 'from': 741, 'to': 370.5, 'pd_before': 0.549349634816623, 'pd_after': 0.5387773825987928, 'delta': -0.010572252217830203}"
0.2903239094670002,0.6593383929769089,1240.0,237.36290788932448,20000.0,0.15,36.0,8762.637092110675,credit,"[('cat__housing_for free', -0.6370784452339096), ('cat__other_payment_plans_none', -0.6248186604287902), ('num__num_dependents', 0.5035567984991707)]","{'feature': 'credit_amount', 'from': 1240, 'to': 620.0, 'pd_before': 0.29032390946700026, 'pd_after': 0.275851236024002, 'delta': -0.01447267344299824}"
0.5950989281019693,0.1055424070998757,3357.0,210.84703788370743,20000.0,0.15,36.0,8789.152962116292,cashflow,"[('num__installment_commitment', 1.1486084009553927), ('num__duration', 0.5987098694332221), ('cat__savings_status_>=1000', -0.5917619242751514)]","{'feature': 'credit_amount', 'from': 3357, 'to': 1678.5, 'pd_before': 0.5950989281019693, 'pd_after': 0.5478514077834029, 'delta': -0.04724752031856638}"
0.3036496935986558,0.194801603694732,3632.0,214.8380565007376,20000.0,0.15,36.0,8785.161943499263,credit,"[('cat__purpose_used car', -0.9813482536491334), ('cat__foreign_worker_no', -0.8004849231861298), ('num__duration', 0.6842398507808253)]","{'feature': 'credit_amount', 'from': 3632, 'to': 1816.0, 'pd_before': 0.30364969359865585, 'pd_after': 0.26136469884841745, 'delta': -0.04228499475023839}"
0.1375751178386558,0.4170536745549863,1808.0,103.73618482687957,20000.0,0.15,36.0,8896.26381517312,credit,"[('num__installment_commitment', 1.1486084009553927), ('cat__checking_status_no checking', -1.0176603432442761), ('cat__employment_4<=X<7', -0.6656808424310587)]","{'feature': 'credit_amount', 'from': 1808, 'to': 904.0, 'pd_before': 0.1375751178386559, 'pd_after': 0.1256948263449838, 'delta': -0.01188029149367209}"
0.5802808159325928,0.4174422029611281,12204.0,2956.2201009041414,,,,,credit,"[('num__credit_amount', 1.4039264948505952), ('num__duration', 1.3684797015616506), ('cat__personal_status_male single', -0.6625914811599087)]","{'feature': 'credit_amount', 'from': 12204, 'to': 6102.0, 'pd_before': 0.5802808159325928, 'pd_after': 0.40660044219060165, 'delta': -0.1736803737419912}"
0.402818725431641,0.0267597592808699,9157.0,98.70634428123942,20000.0,0.15,36.0,8901.29365571876,credit,"[('num__duration', 1.7105996269520631), ('num__credit_amount', 1.0534050240369468), ('cat__personal_status_male single', -0.6625914811599087)]","{'feature': 'credit_amount', 'from': 9157, 'to': 4578.5, 'pd_before': 0.40281872543164104, 'pd_after': 0.2848689477119486, 'delta': -0.11794977771969245}"
0.3368828544803125,0.5062932257695176,3676.0,626.9841001043069,20000.0,0.15,36.0,8373.015899895694,credit,"[('cat__credit_history_critical/other existing credit', -0.9320508917489864), ('cat__personal_status_male single', -0.6625914811599087), ('cat__other_payment_plans_none', -0.6248186604287902)]","{'feature': 'credit_amount', 'from': 3676, 'to': 1838.0, 'pd_before': 0.3368828544803125, 'pd_after': 0.29138712246526216, 'delta': -0.04549573201505036}"
0.6239590585951947,0.2391203733910327,3441.0,513.4017526907529,20000.0,0.15,36.0,8486.598247309248,credit,"[('num__duration', 0.8552998134760316), ('cat__other_payment_plans_none', -0.6248186604287902), ('num__installment_commitment', 0.5743042004776964)]","{'feature': 'credit_amount', 'from': 3441, 'to': 1720.5, 'pd_before': 0.6239590585951947, 'pd_after': 0.576510166161413, 'delta': -0.0474488924337817}"
0.2870385477460242,0.4449407982519868,640.0,81.73770276045252,20000.0,0.15,36.0,8918.262297239547,credit,"[('num__installment_commitment', 1.1486084009553927), ('cat__checking_status_no checking', -1.0176603432442761), ('cat__other_payment_plans_none', -0.6248186604287902)]","{'feature': 'credit_amount', 'from': 640, 'to': 320.0, 'pd_before': 0.2870385477460243, 'pd_after': 0.27956445726020906, 'delta': -0.00747409048581521}"
0.1065936415109485,0.3118214623915619,3652.0,121.38585226854369,20000.0,0.15,36.0,8878.614147731456,credit,"[('cat__credit_history_critical/other existing credit', -0.9320508917489864), ('cat__employment_4<=X<7', -0.6656808424310587), ('cat__personal_status_male single', -0.6625914811599087)]","{'feature': 'credit_amount', 'from': 3652, 'to': 1826.0, 'pd_before': 0.10659364151094855, 'pd_after': 0.08817879069602114, 'delta': -0.018414850814927414}"
0.1809450762008751,0.4431909208371309,1530.0,122.6956188618883,20000.0,0.15,36.0,8877.304381138112,credit,"[('cat__checking_status_no checking', -1.0176603432442761), ('cat__credit_history_critical/other existing credit', -0.9320508917489864), ('num__installment_commitment', 0.8614563007165446)]","{'feature': 'credit_amount', 'from': 1530, 'to': 765.0, 'pd_before': 0.18094507620087513, 'pd_after': 0.1682666676904339, 'delta': -0.01267840851044122}"
0.398995624359696,0.1501977572593815,3914.0,234.55916241811056,20000.0,0.15,36.0,8765.44083758189,credit,"[('num__duration', 1.3684797015616506), ('num__installment_commitment', 1.1486084009553927), ('cat__checking_status_no checking', -1.0176603432442761)]","{'feature': 'credit_amount', 'from': 3914, 'to': 1957.0, 'pd_before': 0.39899562435969615, 'pd_after': 0.3464271232079796, 'delta': -0.05256850115171657}"
0.7549990772289544,0.299054850852691,1858.0,419.510641495532,20000.0,0.15,36.0,8580.489358504468,cashflow,"[('num__installment_commitment', 1.1486084009553927), ('cat__other_payment_plans_none', -0.6248186604287902), ('cat__checking_status_<0', 0.5232774123312848)]","{'feature': 'credit_amount', 'from': 1858, 'to': 929.0, 'pd_before': 0.7549990772289544, 'pd_after': 0.7346966957352152, 'delta': -0.020302381493739197}"
0.4346277874869622,0.3946739349788979,2600.0,445.9942737604941,20000.0,0.15,36.0,8554.005726239506,credit,"[('num__installment_commitment', 1.1486084009553927), ('cat__personal_status_male single', -0.6625914811599087), ('cat__housing_for free', -0.6370784452339096)]","{'feature': 'credit_amount', 'from': 2600, 'to': 1300.0, 'pd_before': 0.4346277874869622, 'pd_after': 0.39830227824571157, 'delta': -0.03632550924125061}"
0.0412793999141389,0.1632314515046649,1979.0,13.334692706783114,20000.0,0.15,36.0,8986.665307293217,credit,"[('num__installment_commitment', 1.1486084009553927), ('cat__checking_status_no checking', -1.0176603432442761), ('cat__personal_status_male single', -0.6625914811599087)]","{'feature': 'credit_amount', 'from': 1979, 'to': 989.5, 'pd_before': 0.04127939991413891, 'pd_after': 0.03700246120078071, 'delta': -0.0042769387133582}"
0.0729121038796535,0.2808296677502142,2116.0,43.3269661162535,20000.0,0.15,36.0,8956.673033883746,credit,"[('cat__personal_status_male single', -0.6625914811599087), ('cat__other_payment_plans_none', -0.6248186604287902), ('num__installment_commitment', 0.5743042004776964)]","{'feature': 'credit_amount', 'from': 2116, 'to': 1058.0, 'pd_before': 0.07291210387965354, 'pd_after': 0.06510066102834958, 'delta': -0.00781144285130396}"
0.2884744650585663,0.3713643305584488,1437.0,153.94455492374178,20000.0,0.15,36.0,8846.055445076257,credit,"[('cat__employment_4<=X<7', -0.6656808424310587), ('cat__personal_status_male single', -0.6625914811599087), ('cat__other_payment_plans_none', -0.6248186604287902)]","{'feature': 'credit_amount', 'from': 1437, 'to': 718.5, 'pd_before': 0.28847446505856633, 'pd_after': 0.27180980460529397, 'delta': -0.016664660453272362}"
0.0642290449222483,0.1225191960315195,4042.0,31.8076740027062,20000.0,0.15,36.0,8968.192325997294,credit,"[('num__duration', 1.1974197388664443), ('num__installment_commitment', 1.1486084009553927), ('cat__checking_status_no checking', -1.0176603432442761)]","{'feature': 'credit_amount', 'from': 4042, 'to': 2021.0, 'pd_before': 0.06422904492224829, 'pd_after': 0.051592523388785214, 'delta': -0.012636521533463077}"
0.0406579383976744,0.1754211034524642,3832.0,27.33082192109528,20000.0,0.15,36.0,8972.669178078904,credit,"[('cat__checking_status_no checking', -1.0176603432442761), ('cat__purpose_education', 0.8570681585031974), ('cat__personal_status_male single', -0.6625914811599087)]","{'feature': 'credit_amount', 'from': 3832, 'to': 1916.0, 'pd_before': 0.04065793839767443, 'pd_after': 0.03287971955214247, 'delta': -0.00777821884553196}"
0.4646450966956716,0.4105132626777473,3660.0,698.1192871522325,20000.0,0.15,36.0,8301.880712847767,credit,"[('num__duration', 0.6842398507808253), ('cat__other_payment_plans_none', -0.6248186604287902), ('num__installment_commitment', 0.5743042004776964)]","{'feature': 'credit_amount', 'from': 3660, 'to': 1830.0, 'pd_before': 0.4646450966956716, 'pd_after': 0.4128548542374023, 'delta': -0.0517902424582693}"
0.650933543936247,0.3239073862555364,1553.0,327.43790995431425,20000.0,0.15,36.0,8672.562090045685,credit,"[('num__installment_commitment', 1.1486084009553927), ('cat__personal_status_male single', -0.6625914811599087), ('cat__checking_status_<0', 0.5232774123312848)]","{'feature': 'credit_amount', 'from': 1553, 'to': 776.5, 'pd_before': 0.650933543936247, 'pd_after': 0.6303731703731664, 'delta': -0.020560373563080603}"
0.1512600904086455,0.0503865533426865,1444.0,11.005409342608496,20000.0,0.15,36.0,8988.994590657392,cashflow,"[('num__installment_commitment', 1.1486084009553927), ('cat__personal_status_male single', -0.6625914811599087), ('cat__other_payment_plans_none', -0.6248186604287902)]","{'feature': 'credit_amount', 'from': 1444, 'to': 722.0, 'pd_before': 0.15126009040864563, 'pd_after': 0.1409030661957011, 'delta': -0.010357024212944543}"
0.3914376359571891,0.2547630922197357,1980.0,197.45324784432077,20000.0,0.15,36.0,8802.54675215568,cashflow,"[('cat__checking_status_no checking', -1.0176603432442761), ('cat__other_payment_plans_none', -0.6248186604287902), ('num__installment_commitment', 0.5743042004776964)]","{'feature': 'credit_amount', 'from': 1980, 'to': 990.0, 'pd_before': 0.39143763595718917, 'pd_after': 0.36466784154415893, 'delta': -0.026769794413030235}"
0.5767094846560336,0.0956047950085521,1355.0,74.70954024133769,20000.0,0.15,36.0,8925.290459758662,cashflow,"[('num__installment_commitment', 0.8614563007165446), ('num__duration', 0.6842398507808253), ('cat__other_payment_plans_none', -0.6248186604287902)]","{'feature': 'credit_amount', 'from': 1355, 'to': 677.5, 'pd_before': 0.5767094846560336, 'pd_after': 0.5575788097913867, 'delta': -0.019130674864646813}"
0.4861791673446625,0.3509244170593337,1393.0,237.66271225533737,20000.0,0.15,36.0,8762.337287744662,credit,"[('num__installment_commitment', 1.1486084009553927), ('cat__checking_status_no checking', -1.0176603432442761), ('cat__purpose_education', 0.8570681585031974)]","{'feature': 'credit_amount', 'from': 1393, 'to': 696.5, 'pd_before': 0.4861791673446625, 'pd_after': 0.4661962596212208, 'delta': -0.01998290772344169}"
0.081418346835954,0.0404194741382587,1376.0,4.5282601876983,20000.0,0.15,36.0,8995.471739812301,credit,"[('num__installment_commitment', 1.1486084009553927), ('cat__checking_status_no checking', -1.0176603432442761), ('num__duration', 0.6842398507808253)]","{'feature': 'credit_amount', 'from': 1376, 'to': 688.0, 'pd_before': 0.08141834683595409, 'pd_after': 0.07569174924647375, 'delta': -0.0057265975894803395}"
0.408540830005677,0.2569501648623667,15653.0,1643.1679401003005,20000.0,0.15,36.0,7356.8320598997,credit,"[('num__credit_amount', 1.8006933320137959), ('num__duration', 1.7105996269520631), ('cat__checking_status_no checking', -1.0176603432442761)]","{'feature': 'credit_amount', 'from': 15653, 'to': 7826.5, 'pd_before': 0.408540830005677, 'pd_after': 0.21919777867679485, 'delta': -0.18934305132888213}"
0.2500155966584159,0.1562327375840434,1493.0,58.31750730924596,20000.0,0.15,36.0,8941.682492690754,cashflow,"[('num__installment_commitment', 1.1486084009553927), ('cat__checking_status_no checking', -1.0176603432442761), ('cat__other_payment_plans_none', -0.6248186604287902)]","{'feature': 'credit_amount', 'from': 1493, 'to': 746.5, 'pd_before': 0.250015596658416, 'pd_after': 0.23426106443764821, 'delta': -0.01575453222076778}"
0.650669943492258,0.1128392697141874,4370.0,320.850299856548,20000.0,0.15,36.0,8679.149700143453,credit,"[('num__duration', 1.1974197388664443), ('num__installment_commitment', 0.8614563007165446), ('cat__employment_4<=X<7', -0.6656808424310587)]","{'feature': 'credit_amount', 'from': 4370, 'to': 2185.0, 'pd_before': 0.650669943492258, 'pd_after': 0.591610426089642, 'delta': -0.05905951740261606}"
0.7956688683366749,0.2750886898652921,750.0,164.15962991800163,20000.0,0.15,36.0,8835.840370081998,cashflow,"[('num__installment_commitment', 1.1486084009553927), ('cat__purpose_education', 0.8570681585031974), ('cat__other_payment_plans_none', -0.6248186604287902)]","{'feature': 'credit_amount', 'from': 750, 'to': 375.0, 'pd_before': 0.7956688683366749, 'pd_after': 0.7885657807604348, 'delta': -0.007103087576240119}"
0.4618913583844897,0.2567983999987067,1308.0,155.14575404272696,20000.0,0.15,36.0,8844.854245957273,credit,"[('num__installment_commitment', 1.1486084009553927), ('cat__personal_status_male single', -0.6625914811599087), ('cat__other_payment_plans_none', -0.6248186604287902)]","{'feature': 'credit_amount', 'from': 1308, 'to': 654.0, 'pd_before': 0.4618913583844897, 'pd_after': 0.4432540952467703, 'delta': -0.018637263137719406}"
0.1424847896485464,0.0784015372980981,4623.0,51.64365574084498,20000.0,0.15,36.0,8948.356344259155,credit,"[('cat__checking_status_no checking', -1.0176603432442761), ('num__installment_commitment', 0.8614563007165446), ('cat__purpose_education', 0.8570681585031974)]","{'feature': 'credit_amount', 'from': 4623, 'to': 2311.5, 'pd_before': 0.1424847896485465, 'pd_after': 0.11297420760879767, 'delta': -0.029510582039748823}"
0.0356334291123382,0.3743365280555557,1851.0,24.690293046895597,20000.0,0.15,36.0,8975.309706953105,credit,"[('num__installment_commitment', 1.1486084009553927), ('cat__checking_status_no checking', -1.0176603432442761), ('cat__credit_history_critical/other existing credit', -0.9320508917489864)]","{'feature': 'credit_amount', 'from': 1851, 'to': 925.5, 'pd_before': 0.03563342911233828, 'pd_after': 0.032150296340594464, 'delta': -0.0034831327717438146}"
0.167576850139134,0.2819756102955817,1880.0,88.83485902805988,20000.0,0.15,36.0,8911.16514097194,credit,"[('num__installment_commitment', 1.1486084009553927), ('cat__credit_history_critical/other existing credit', -0.9320508917489864), ('cat__employment_4<=X<7', -0.6656808424310587)]","{'feature': 'credit_amount', 'from': 1880, 'to': 940.0, 'pd_before': 0.16757685013913398, 'pd_after': 0.1530295477541343, 'delta': -0.014547302384999683}"
0.260151718518034,0.1909504402153514,7980.0,396.4151596869145,20000.0,0.15,36.0,8603.584840313086,cashflow,"[('num__installment_commitment', 1.1486084009553927), ('num__duration', 1.026359776171238), ('cat__checking_status_no checking', -1.0176603432442761)]","{'feature': 'credit_amount', 'from': 7980, 'to': 3990.0, 'pd_before': 0.2601517185180341, 'pd_after': 0.18180252285709966, 'delta': -0.07834919566093443}"
0.7417247169455973,0.4711794221467528,4583.0,1601.6916960031149,20000.0,0.15,36.0,7398.308303996885,credit,"[('num__duration', 0.8552998134760316), ('cat__other_parties_guarantor', -0.6376122101131426), ('cat__other_payment_plans_none', -0.6248186604287902)]","{'feature': 'credit_amount', 'from': 4583, 'to': 2291.5, 'pd_before': 0.7417247169455972, 'pd_after': 0.6881194277031614, 'delta': -0.053605289242435794}"
0.1018495951542182,0.2207936629413135,1386.0,31.168014823900943,20000.0,0.15,36.0,8968.831985176099,credit,"[('cat__checking_status_no checking', -1.0176603432442761), ('cat__other_payment_plans_none', -0.6248186604287902), ('num__installment_commitment', 0.5743042004776964)]","{'feature': 'credit_amount', 'from': 1386, 'to': 693.0, 'pd_before': 0.1018495951542183, 'pd_after': 0.09478495286735344, 'delta': -0.007064642286864861}"
0.5857605001014817,0.4524518590056982,947.0,250.98192056126268,20000.0,0.15,36.0,8749.018079438738,credit,"[('num__installment_commitment', 1.1486084009553927), ('num__duration', 0.6842398507808253), ('cat__employment_4<=X<7', -0.6656808424310587)]","{'feature': 'credit_amount', 'from': 947, 'to': 473.5, 'pd_before': 0.5857605001014817, 'pd_after': 0.5724847396535908, 'delta': -0.013275760447890916}"
0.7586866154227544,0.1508308305852414,684.0,78.27239933295388,20000.0,0.15,36.0,8921.727600667045,credit,"[('num__installment_commitment', 1.1486084009553927), ('cat__purpose_education', 0.8570681585031974), ('cat__personal_status_male single', -0.6625914811599087)]","{'feature': 'credit_amount', 'from': 684, 'to': 342.0, 'pd_before': 0.7586866154227544, 'pd_after': 0.751410522948391, 'delta': -0.007276092474363449}"
0.8039873468020913,0.0658863024706664,7476.0,396.016829270598,20000.0,0.15,36.0,8603.983170729402,credit,"[('num__duration', 1.3684797015616506), ('num__installment_commitment', 1.1486084009553927), ('num__credit_amount', 0.8600257682319772)]","{'feature': 'credit_amount', 'from': 7476, 'to': 3738.0, 'pd_before': 0.8039873468020913, 'pd_after': 0.7273842197697417, 'delta': -0.07660312703234962}"
0.2948077030756557,0.2654317272928607,1922.0,150.39903290118846,20000.0,0.15,36.0,8849.600967098811,credit,"[('num__installment_commitment', 1.1486084009553927), ('cat__personal_status_male single', -0.6625914811599087), ('cat__other_payment_plans_none', -0.6248186604287902)]","{'feature': 'credit_amount', 'from': 1922, 'to': 961.0, 'pd_before': 0.29480770307565557, 'pd_after': 0.2723565771252202, 'delta': -0.022451125950435358}"
0.6544698555276377,0.2559894593565681,2303.0,385.8385964613348,20000.0,0.15,36.0,8614.161403538665,credit,"[('num__installment_commitment', 1.1486084009553927), ('num__duration', 0.6842398507808253), ('cat__personal_status_male single', -0.6625914811599087)]","{'feature': 'credit_amount', 'from': 2303, 'to': 1151.5, 'pd_before': 0.6544698555276378, 'pd_after': 0.6239338097901471, 'delta': -0.03053604573749069}"
0.5466558411944656,0.1534157812427064,8086.0,678.1375080154079,20000.0,0.15,36.0,8321.862491984592,credit,"[('num__duration', 1.026359776171238), ('num__credit_amount', 0.9301990853295569), ('num__existing_credits', 0.7181910598315825)]","{'feature': 'credit_amount', 'from': 8086, 'to': 4043.0, 'pd_before': 0.5466558411944656, 'pd_after': 0.4309609243230474, 'delta': -0.11569491687141825}"
0.0201555364257875,0.1462756314055391,2346.0,6.916626914680649,20000.0,0.15,36.0,8993.08337308532,credit,"[('num__installment_commitment', 1.1486084009553927), ('cat__checking_status_no checking', -1.0176603432442761), ('cat__purpose_used car', -0.9813482536491334)]","{'feature': 'credit_amount', 'from': 2346, 'to': 1173.0, 'pd_before': 0.02015553642578761, 'pd_after': 0.017656194408279723, 'delta': -0.002499342017507889}"
0.5681190358207908,0.361835000098504,3973.0,816.7111410413926,20000.0,0.15,36.0,8183.288858958607,cashflow,"[('cat__personal_status_male single', -0.6625914811599087), ('cat__housing_for free', -0.6370784452339096), ('cat__other_payment_plans_none', -0.6248186604287902)]","{'feature': 'credit_amount', 'from': 3973, 'to': 1986.5, 'pd_before': 0.5681190358207909, 'pd_after': 0.5114123997884557, 'delta': -0.05670663603233528}"
0.648405899697583,0.1768201729775143,888.0,101.81030408962066,20000.0,0.15,36.0,8898.18969591038,credit,"[('num__installment_commitment', 1.1486084009553927), ('cat__personal_status_male single', -0.6625914811599087), ('cat__savings_status_<100', 0.5049896871194027)]","{'feature': 'credit_amount', 'from': 888, 'to': 444.0, 'pd_before': 0.648405899697583, 'pd_after': 0.6366752220689941, 'delta': -0.011730677628588926}"
0.1521213060535368,0.2857347411462401,10222.0,444.3129480061371,20000.0,0.15,36.0,8555.687051993864,credit,"[('num__duration', 1.3684797015616506), ('num__credit_amount', 1.1759207333958361), ('num__installment_commitment', 1.1486084009553927)]","{'feature': 'credit_amount', 'from': 10222, 'to': 5111.0, 'pd_before': 0.15212130605353685, 'pd_after': 0.09062563978551029, 'delta': -0.061495666268026564}"
0.6467894764831539,0.3499528938002134,4221.0,955.4058285226508,20000.0,0.15,36.0,8044.594171477349,credit,"[('num__duration', 0.8552998134760316), ('cat__other_payment_plans_none', -0.6248186604287902), ('num__installment_commitment', 0.5743042004776964)]","{'feature': 'credit_amount', 'from': 4221, 'to': 2110.5, 'pd_before': 0.6467894764831539, 'pd_after': 0.5895652461112216, 'delta': -0.05722423037193225}"
0.2378014078118876,0.2879054378265683,6361.0,435.5015295450349,20000.0,0.15,36.0,8564.498470454964,credit,"[('cat__credit_history_critical/other existing credit', -0.9320508917489864), ('num__credit_amount', 0.7317581476355814), ('cat__personal_status_male single', -0.6625914811599087)]","{'feature': 'credit_amount', 'from': 6361, 'to': 3180.5, 'pd_before': 0.23780140781188755, 'pd_after': 0.1778985574751182, 'delta': -0.05990285033676934}"
0.280527426035076,0.8104671463120968,1297.0,294.8836663858809,20000.0,0.15,36.0,8705.11633361412,credit,"[('num__installment_commitment', 0.8614563007165446), ('cat__other_payment_plans_none', -0.6248186604287902), ('cat__savings_status_<100', 0.5049896871194027)]","{'feature': 'credit_amount', 'from': 1297, 'to': 648.5, 'pd_before': 0.28052742603507597, 'pd_after': 0.26571963006800275, 'delta': -0.014807795967073212}"
0.3310161714396619,0.1875888145551309,900.0,55.88543807904973,20000.0,0.15,36.0,8944.114561920951,credit,"[('num__installment_commitment', 1.1486084009553927), ('cat__other_payment_plans_none', -0.6248186604287902), ('cat__savings_status_no known savings', -0.6074598829357278)]","{'feature': 'credit_amount', 'from': 900, 'to': 450.0, 'pd_before': 0.3310161714396618, 'pd_after': 0.3196545379363649, 'delta': -0.011361633503296886}"
0.1493055310610376,0.1114765836958381,2241.0,37.29936205678279,20000.0,0.15,36.0,8962.700637943217,credit,"[('num__installment_commitment', 1.1486084009553927), ('cat__checking_status_no checking', -1.0176603432442761), ('cat__personal_status_male single', -0.6625914811599087)]","{'feature': 'credit_amount', 'from': 2241, 'to': 1120.5, 'pd_before': 0.1493055310610377, 'pd_after': 0.13366226503537998, 'delta': -0.015643266025657715}"
0.3572007330713098,0.2930615016583585,1050.0,109.91587238871176,20000.0,0.15,36.0,8890.084127611288,cashflow,"[('num__installment_commitment', 1.1486084009553927), ('cat__personal_status_male single', -0.6625914811599087), ('cat__savings_status_<100', 0.5049896871194027)]","{'feature': 'credit_amount', 'from': 1050, 'to': 525.0, 'pd_before': 0.35720073307130984, 'pd_after': 0.3434562352205209, 'delta': -0.013744497850788961}"
0.1943582591625653,0.3077511152898021,1047.0,62.6252276611479,20000.0,0.15,36.0,8937.374772338851,credit,"[('cat__credit_history_critical/other existing credit', -0.9320508917489864), ('cat__purpose_education', 0.8570681585031974), ('cat__other_payment_plans_none', -0.6248186604287902)]","{'feature': 'credit_amount', 'from': 1047, 'to': 523.5, 'pd_before': 0.19435825916256524, 'pd_after': 0.18510161026192204, 'delta': -0.009256648900643205}"
0.4886196883478542,0.1009648821259119,6314.0,311.49127221151593,20000.0,0.15,36.0,8688.508727788485,cashflow,"[('num__installment_commitment', 1.1486084009553927), ('cat__checking_status_no checking', -1.0176603432442761), ('cat__credit_history_critical/other existing credit', -0.9320508917489864)]","{'feature': 'credit_amount', 'from': 6314, 'to': 3157.0, 'pd_before': 0.4886196883478542, 'pd_after': 0.39922272996694513, 'delta': -0.08939695838090905}"
0.3441339448394311,0.3015096926687941,3496.0,362.7439809292465,20000.0,0.15,36.0,8637.256019070754,credit,"[('num__installment_commitment', 1.1486084009553927), ('num__duration', 0.8552998134760316), ('cat__personal_status_male single', -0.6625914811599087)]","{'feature': 'credit_amount', 'from': 3496, 'to': 1748.0, 'pd_before': 0.34413394483943116, 'pd_after': 0.30027000668550125, 'delta': -0.043863938153929916}"
0.3497185354498718,0.2968072368395608,3609.0,374.6105627720421,20000.0,0.15,36.0,8625.389437227957,credit,"[('num__duration', 1.3684797015616506), ('cat__checking_status_no checking', -1.0176603432442761), ('cat__savings_status_<100', 0.5049896871194027)]","{'feature': 'credit_amount', 'from': 3609, 'to': 1804.5, 'pd_before': 0.34971853544987186, 'pd_after': 0.3040970913705198, 'delta': -0.045621444079352036}"
0.5279735563868022,0.2955478546860294,4843.0,755.7087516537555,20000.0,0.15,36.0,8244.291248346244,credit,"[('cat__credit_history_critical/other existing credit', -0.9320508917489864), ('num__installment_commitment', 0.8614563007165446), ('cat__personal_status_male single', -0.6625914811599087)]","{'feature': 'credit_amount', 'from': 4843, 'to': 2421.5, 'pd_before': 0.5279735563868021, 'pd_after': 0.45845752115626626, 'delta': -0.06951603523053584}"
0.1709385815222676,0.308078396855742,3017.0,158.88271469917936,20000.0,0.15,36.0,8841.117285300821,credit,"[('num__installment_commitment', 1.1486084009553927), ('cat__credit_history_critical/other existing credit', -0.9320508917489864), ('num__duration', 0.8552998134760316)]","{'feature': 'credit_amount', 'from': 3017, 'to': 1508.5, 'pd_before': 0.17093858152226774, 'pd_after': 0.14772899432327632, 'delta': -0.02320958719899141}"
0.0481355398323758,0.0725900749687804,4139.0,14.4623383602477,20000.0,0.15,36.0,8985.537661639752,credit,"[('cat__checking_status_no checking', -1.0176603432442761), ('cat__credit_history_critical/other existing credit', -0.9320508917489864), ('num__installment_commitment', 0.8614563007165446)]","{'feature': 'credit_amount', 'from': 4139, 'to': 2069.5, 'pd_before': 0.04813553983237585, 'pd_after': 0.038328709826506976, 'delta': -0.00980683000586887}"
0.0760452510831394,0.1494004684294165,5742.0,65.2359881994391,20000.0,0.15,36.0,8934.76401180056,credit,"[('num__duration', 1.026359776171238), ('cat__checking_status_no checking', -1.0176603432442761), ('cat__employment_4<=X<7', -0.6656808424310587)]","{'feature': 'credit_amount', 'from': 5742, 'to': 2871.0, 'pd_before': 0.07604525108313938, 'pd_after': 0.055850329976169656, 'delta': -0.020194921106969722}"
0.45550952174295,0.3797259811464071,10366.0,1792.9945814776502,20000.0,0.15,36.0,7207.005418522351,credit,"[('num__duration', 1.7105996269520631), ('num__credit_amount', 1.1924862377598549), ('cat__checking_status_no checking', -1.0176603432442761)]","{'feature': 'credit_amount', 'from': 10366, 'to': 5183.0, 'pd_before': 0.45550952174295006, 'pd_after': 0.31546825676367984, 'delta': -0.14004126497927022}"
0.0313761571506902,0.0724796982066711,2080.0,4.730199554427595,20000.0,0.15,36.0,8995.269800445572,credit,"[('cat__checking_status_no checking', -1.0176603432442761), ('cat__credit_history_critical/other existing credit', -0.9320508917489864), ('cat__other_payment_plans_none', -0.6248186604287902)]","{'feature': 'credit_amount', 'from': 2080, 'to': 1040.0, 'pd_before': 0.03137615715069024, 'pd_after': 0.027937022293626008, 'delta': -0.003439134857064232}"
0.2298928860406907,0.6407016515794574,2580.0,380.0152995734073,20000.0,0.15,36.0,8619.984700426592,cashflow,"[('num__installment_commitment', 1.1486084009553927), ('cat__checking_status_no checking', -1.0176603432442761), ('cat__personal_status_male single', -0.6625914811599087)]","{'feature': 'credit_amount', 'from': 2580, 'to': 1290.0, 'pd_before': 0.22989288604069083, 'pd_after': 0.2046769606201141, 'delta': -0.02521592542057674}"
0.1241819840830809,0.1932288633164493,4530.0,108.6998126382608,20000.0,0.15,36.0,8891.30018736174,credit,"[('num__installment_commitment', 1.1486084009553927), ('cat__checking_status_no checking', -1.0176603432442761), ('cat__credit_history_critical/other existing credit', -0.9320508917489864)]","{'feature': 'credit_amount', 'from': 4530, 'to': 2265.0, 'pd_before': 0.12418198408308109, 'pd_after': 0.09850281436726667, 'delta': -0.025679169715814423}"
0.0937753470083715,0.1084327600650577,5150.0,52.366846466207846,20000.0,0.15,36.0,8947.633153533792,credit,"[('num__installment_commitment', 1.1486084009553927), ('cat__checking_status_no checking', -1.0176603432442761), ('cat__credit_history_critical/other existing credit', -0.9320508917489864)]","{'feature': 'credit_amount', 'from': 5150, 'to': 2575.0, 'pd_before': 0.0937753470083715, 'pd_after': 0.07145117141185532, 'delta': -0.022324175596516185}"
0.6468625566825646,0.4118075390509493,5595.0,1490.412200013394,20000.0,0.15,36.0,7509.587799986606,credit,"[('num__duration', 2.052719552342476), ('num__credit_amount', 0.6436388674769813), ('cat__other_payment_plans_none', -0.6248186604287902)]","{'feature': 'credit_amount', 'from': 5595, 'to': 2797.5, 'pd_before': 0.6468625566825646, 'pd_after': 0.5703935655253983, 'delta': -0.07646899115716632}"
0.6745339263334512,0.4380154083680287,2384.0,704.367707631271,20000.0,0.15,36.0,8295.63229236873,credit,"[('num__installment_commitment', 1.1486084009553927), ('num__duration', 0.6842398507808253), ('cat__personal_status_male single', -0.6625914811599087)]","{'feature': 'credit_amount', 'from': 2384, 'to': 1192.0, 'pd_before': 0.6745339263334512, 'pd_after': 0.6437409321726869, 'delta': -0.03079299416076431}"
0.1689460631167373,0.2223668302580205,1453.0,54.58630478438803,20000.0,0.15,36.0,8945.413695215611,cashflow,"[('cat__checking_status_no checking', -1.0176603432442761), ('num__installment_commitment', 0.8614563007165446), ('cat__other_payment_plans_none', -0.6248186604287902)]","{'feature': 'credit_amount', 'from': 1453, 'to': 726.5, 'pd_before': 0.1689460631167374, 'pd_after': 0.1575342042709293, 'delta': -0.011411858845808115}"
0.3313822339555844,0.1761682262023239,1538.0,89.78693329971314,20000.0,0.15,36.0,8910.213066700288,cashflow,"[('cat__checking_status_no checking', -1.0176603432442761), ('cat__purpose_education', 0.8570681585031974), ('cat__other_payment_plans_none', -0.6248186604287902)]","{'feature': 'credit_amount', 'from': 1538, 'to': 769.0, 'pd_before': 0.3313822339555844, 'pd_after': 0.31208183361957353, 'delta': -0.01930040033601088}"
0.0325767446923233,0.2282016838285522,2279.0,16.942240954773126,20000.0,0.15,36.0,8983.057759045227,credit,"[('num__installment_commitment', 1.1486084009553927), ('cat__checking_status_no checking', -1.0176603432442761), ('cat__personal_status_male single', -0.6625914811599087)]","{'feature': 'credit_amount', 'from': 2279, 'to': 1139.5, 'pd_before': 0.03257674469232333, 'pd_after': 0.028689263500818084, 'delta': -0.003887481191505244}"
0.2621903561995771,0.1416963219143243,1478.0,54.90978267180245,20000.0,0.15,36.0,8945.090217328197,credit,"[('num__installment_commitment', 1.1486084009553927), ('cat__checking_status_no checking', -1.0176603432442761), ('cat__savings_status_<100', 0.5049896871194027)]","{'feature': 'credit_amount', 'from': 1478, 'to': 739.0, 'pd_before': 0.26219035619957715, 'pd_after': 0.24608023402214904, 'delta': -0.016110122177428104}"
0.1712019053233064,0.597543029791033,5103.0,522.039478101358,20000.0,0.15,36.0,8477.960521898642,cashflow,"[('cat__checking_status_no checking', -1.0176603432442761), ('cat__credit_history_critical/other existing credit', -0.9320508917489864), ('num__installment_commitment', 0.8614563007165446)]","{'feature': 'credit_amount', 'from': 5103, 'to': 2551.5, 'pd_before': 0.1712019053233064, 'pd_after': 0.13346618189395357, 'delta': -0.03773572342935283}"
0.2881698498715347,0.4955482670154629,9857.0,1407.6000011309295,20000.0,0.15,36.0,7592.39999886907,credit,"[('num__credit_amount', 1.1339317813620384), ('num__duration', 1.026359776171238), ('cat__employment_4<=X<7', -0.6656808424310587)]","{'feature': 'credit_amount', 'from': 9857, 'to': 4928.5, 'pd_before': 0.2881698498715347, 'pd_after': 0.18675191114876064, 'delta': -0.10141793872277408}"
0.3676962024656189,0.4229344576652333,6527.0,1015.0228684771902,20000.0,0.15,36.0,7984.97713152281,credit,"[('num__duration', 1.7105996269520631), ('num__installment_commitment', 1.1486084009553927), ('cat__checking_status_no checking', -1.0176603432442761)]","{'feature': 'credit_amount', 'from': 6527, 'to': 3263.5, 'pd_before': 0.36769620246561885, 'pd_after': 0.28545936928235843, 'delta': -0.08223683318326042}"
0.0178153115182456,0.4183018354850745,1347.0,10.03808310303428,20000.0,0.15,36.0,8989.961916896966,credit,"[('num__installment_commitment', 1.1486084009553927), ('cat__credit_history_critical/other existing credit', -0.9320508917489864), ('cat__employment_4<=X<7', -0.6656808424310587)]","{'feature': 'credit_amount', 'from': 1347, 'to': 673.5, 'pd_before': 0.017815311518245676, 'pd_after': 0.016509056444404226, 'delta': -0.0013062550738414495}"
0.6232194098613154,0.2383193721724035,2862.0,425.0792897806485,20000.0,0.15,36.0,8574.920710219352,credit,"[('num__installment_commitment', 1.1486084009553927), ('num__duration', 1.026359776171238), ('cat__personal_status_male single', -0.6625914811599087)]","{'feature': 'credit_amount', 'from': 2862, 'to': 1431.0, 'pd_before': 0.6232194098613154, 'pd_after': 0.5838542720228197, 'delta': -0.03936513783849571}"
0.0653744450317333,0.0458004965123595,2753.0,8.242983160726729,20000.0,0.15,36.0,8991.757016839274,credit,"[('cat__checking_status_no checking', -1.0176603432442761), ('num__installment_commitment', 0.8614563007165446), ('cat__personal_status_male single', -0.6625914811599087)]","{'feature': 'credit_amount', 'from': 2753, 'to': 1376.5, 'pd_before': 0.06537444503173344, 'pd_after': 0.056339814621988414, 'delta': -0.009034630409745024}"
0.184907571311928,0.0878527175613465,3651.0,59.30915375922539,20000.0,0.15,36.0,8940.690846240775,credit,"[('cat__personal_status_male single', -0.6625914811599087), ('cat__other_payment_plans_none', -0.6248186604287902), ('cat__savings_status_>=1000', -0.5917619242751514)]","{'feature': 'credit_amount', 'from': 3651, 'to': 1825.5, 'pd_before': 0.18490757131192812, 'pd_after': 0.1553229706504696, 'delta': -0.029584600661458516}"
0.3701071074691557,0.3226899639101146,975.0,116.44410292329631,20000.0,0.15,36.0,8883.555897076703,credit,"[('cat__credit_history_critical/other existing credit', -0.9320508917489864), ('cat__other_payment_plans_none', -0.6248186604287902), ('num__installment_commitment', 0.5743042004776964)]","{'feature': 'credit_amount', 'from': 975, 'to': 487.5, 'pd_before': 0.37010710746915576, 'pd_after': 0.3571309599320589, 'delta': -0.01297614753709686}"
0.3864932024171531,0.1013194943377103,2631.0,103.02810733890742,20000.0,0.15,36.0,8896.971892661093,credit,"[('num__installment_commitment', 0.8614563007165446), ('cat__other_payment_plans_none', -0.6248186604287902), ('cat__property_magnitude_real estate', -0.4704380927634033)]","{'feature': 'credit_amount', 'from': 2631, 'to': 1315.5, 'pd_before': 0.38649320241715296, 'pd_after': 0.3512817583346082, 'delta': -0.035211444082544785}"
0.2420663717315867,0.2883240043389454,2896.0,202.1221080965535,20000.0,0.15,36.0,8797.877891903447,cashflow,"[('num__duration', 0.6842398507808253), ('cat__personal_status_male single', -0.6625914811599087), ('cat__other_payment_plans_none', -0.6248186604287902)]","{'feature': 'credit_amount', 'from': 2896, 'to': 1448.0, 'pd_before': 0.24206637173158685, 'pd_after': 0.21282854122212902, 'delta': -0.02923783050945783}"
0.1204783211434016,0.1142619710403049,4716.0,64.9208825219816,20000.0,0.15,36.0,8935.079117478019,cashflow,"[('cat__credit_history_critical/other existing credit', -0.9320508917489864), ('cat__personal_status_male single', -0.6625914811599087), ('cat__other_payment_plans_none', -0.6248186604287902)]","{'feature': 'credit_amount', 'from': 4716, 'to': 2358.0, 'pd_before': 0.12047832114340175, 'pd_after': 0.09456153618125364, 'delta': -0.02591678496214811}"
0.0695099349155438,0.282705678646333,2284.0,44.882548989643546,20000.0,0.15,36.0,8955.117451010357,credit,"[('num__installment_commitment', 1.1486084009553927), ('cat__checking_status_no checking', -1.0176603432442761), ('num__duration', 0.6842398507808253)]","{'feature': 'credit_amount', 'from': 2284, 'to': 1142.0, 'pd_before': 0.06950993491554386, 'pd_after': 0.06147866637619238, 'delta': -0.008031268539351481}"
0.0190882568737878,0.2060279603505847,1236.0,4.860835283118208,20000.0,0.15,36.0,8995.139164716882,credit,"[('cat__checking_status_no checking', -1.0176603432442761), ('cat__purpose_used car', -0.9813482536491334), ('cat__personal_status_male single', -0.6625914811599087)]","{'feature': 'credit_amount', 'from': 1236, 'to': 618.0, 'pd_before': 0.019088256873787825, 'pd_after': 0.017801638363867667, 'delta': -0.001286618509920158}"
0.0451228141377555,0.1472509432376027,1103.0,7.328747768481458,20000.0,0.15,36.0,8992.67125223152,credit,"[('num__installment_commitment', 1.1486084009553927), ('cat__foreign_worker_no', -0.8004849231861298), ('cat__employment_4<=X<7', -0.6656808424310587)]","{'feature': 'credit_amount', 'from': 1103, 'to': 551.5, 'pd_before': 0.04512281413775557, 'pd_after': 0.04246677817396139, 'delta': -0.0026560359637941774}"
0.0855180033626225,0.2844946931808205,926.0,22.529041186607323,20000.0,0.15,36.0,8977.470958813392,cashflow,"[('cat__checking_status_no checking', -1.0176603432442761), ('cat__credit_history_critical/other existing credit', -0.9320508917489864), ('cat__other_payment_plans_none', -0.6248186604287902)]","{'feature': 'credit_amount', 'from': 926, 'to': 463.0, 'pd_before': 0.0855180033626225, 'pd_after': 0.08144352454427657, 'delta': -0.004074478818345925}"
0.0690085067515582,0.5333690448925831,1800.0,66.25260240397563,20000.0,0.15,36.0,8933.747397596024,credit,"[('num__installment_commitment', 1.1486084009553927), ('cat__checking_status_no checking', -1.0176603432442761), ('cat__credit_history_critical/other existing credit', -0.9320508917489864)]","{'feature': 'credit_amount', 'from': 1800, 'to': 900.0, 'pd_before': 0.06900850675155833, 'pd_after': 0.06264637704048054, 'delta': -0.006362129711077788}"
0.4965043120722461,0.5261148339793444,1905.0,497.6208304788246,20000.0,0.15,36.0,8502.379169521175,credit,"[('num__installment_commitment', 1.1486084009553927), ('cat__purpose_education', 0.8570681585031974), ('cat__personal_status_male single', -0.6625914811599087)]","{'feature': 'credit_amount', 'from': 1905, 'to': 952.5, 'pd_before': 0.49650431207224616, 'pd_after': 0.4691500149699894, 'delta': -0.02735429710225673}"
0.1791926234056428,0.1022133311681631,1123.0,20.56872757901642,20000.0,0.15,36.0,8979.431272420983,credit,"[('num__installment_commitment', 1.1486084009553927), ('cat__checking_status_no checking', -1.0176603432442761), ('cat__other_payment_plans_none', -0.6248186604287902)]","{'feature': 'credit_amount', 'from': 1123, 'to': 561.5, 'pd_before': 0.1791926234056429, 'pd_after': 0.169888020597593, 'delta': -0.0093046028080499}"
0.3958951320939823,0.2286580341265707,6331.0,573.1112592181726,20000.0,0.15,36.0,8426.888740781827,credit,"[('num__duration', 1.3684797015616506), ('num__installment_commitment', 1.1486084009553927), ('cat__purpose_used car', -0.9813482536491334)]","{'feature': 'credit_amount', 'from': 6331, 'to': 3165.5, 'pd_before': 0.39589513209398247, 'pd_after': 0.312866514419256, 'delta': -0.08302861767472647}"
0.2726806740323239,0.3002340373314102,1377.0,112.73226308142436,20000.0,0.15,36.0,8887.267736918575,credit,"[('num__installment_commitment', 1.1486084009553927), ('num__duration', 0.6842398507808253), ('cat__housing_for free', -0.6370784452339096)]","{'feature': 'credit_amount', 'from': 1377, 'to': 688.5, 'pd_before': 0.2726806740323238, 'pd_after': 0.2572582393673262, 'delta': -0.015422434664997597}"
0.4812492134472946,0.4288199472877237,2503.0,516.5422636438467,20000.0,0.15,36.0,8483.457736356153,credit,"[('num__installment_commitment', 1.1486084009553927), ('num__duration', 0.8552998134760316), ('cat__personal_status_male single', -0.6625914811599087)]","{'feature': 'credit_amount', 'from': 2503, 'to': 1251.5, 'pd_before': 0.4812492134472946, 'pd_after': 0.445465634721938, 'delta': -0.03578357872535659}"
0.5817283172252299,0.129981876410514,2528.0,191.1525414557192,20000.0,0.15,36.0,8808.84745854428,cashflow,"[('num__installment_commitment', 1.1486084009553927), ('num__duration', 0.7697698321284284), ('cat__other_payment_plans_none', -0.6248186604287902)]","{'feature': 'credit_amount', 'from': 2528, 'to': 1264.0, 'pd_before': 0.5817283172252299, 'pd_after': 0.5459856861182513, 'delta': -0.03574263110697862}"
0.1739683575100312,0.5097282352951061,5324.0,472.1141325280134,20000.0,0.15,36.0,8527.885867471987,credit,"[('cat__checking_status_no checking', -1.0176603432442761), ('cat__housing_for free', -0.6370784452339096), ('cat__other_payment_plans_none', -0.6248186604287902)]","{'feature': 'credit_amount', 'from': 5324, 'to': 2662.0, 'pd_before': 0.17396835751003123, 'pd_after': 0.13423849906446045, 'delta': -0.03972985844557078}"
0.5420817547325995,0.1334319800608716,6560.0,474.4916347908068,20000.0,0.15,36.0,8525.508365209193,credit,"[('num__duration', 1.3684797015616506), ('num__installment_commitment', 0.8614563007165446), ('num__credit_amount', 0.7546507543608574)]","{'feature': 'credit_amount', 'from': 6560, 'to': 3280.0, 'pd_before': 0.5420817547325996, 'pd_after': 0.4480384798999502, 'delta': -0.09404327483264935}"
0.8366400665212056,0.2909526327060744,2969.0,722.7217884157565,20000.0,0.15,36.0,8277.278211584244,cashflow,"[('num__installment_commitment', 1.1486084009553927), ('cat__other_payment_plans_none', -0.6248186604287902), ('cat__credit_history_no credits/all paid', 0.505569010050849)]","{'feature': 'credit_amount', 'from': 2969, 'to': 1484.5, 'pd_before': 0.8366400665212056, 'pd_after': 0.8119397515892012, 'delta': -0.02470031493200442}"
0.323830772016447,0.3536633278486492,1206.0,138.11964460030745,20000.0,0.15,36.0,8861.880355399693,credit,"[('num__installment_commitment', 1.1486084009553927), ('cat__other_payment_plans_none', -0.6248186604287902), ('cat__savings_status_<100', 0.5049896871194027)]","{'feature': 'credit_amount', 'from': 1206, 'to': 603.0, 'pd_before': 0.323830772016447, 'pd_after': 0.3088309582680672, 'delta': -0.014999813748379776}"
0.1555269709297653,0.1582662521260867,2118.0,52.13387274079565,20000.0,0.15,36.0,8947.866127259203,credit,"[('cat__personal_status_male single', -0.6625914811599087), ('cat__other_payment_plans_none', -0.6248186604287902), ('num__installment_commitment', 0.5743042004776964)]","{'feature': 'credit_amount', 'from': 2118, 'to': 1059.0, 'pd_before': 0.1555269709297654, 'pd_after': 0.14018923745100526, 'delta': -0.015337733478760135}"
0.0483466477842924,0.2781000282381391,629.0,8.457033387725552,20000.0,0.15,36.0,8991.542966612275,credit,"[('num__installment_commitment', 1.1486084009553927), ('cat__checking_status_no checking', -1.0176603432442761), ('cat__credit_history_critical/other existing credit', -0.9320508917489864)]","{'feature': 'credit_amount', 'from': 629, 'to': 314.5, 'pd_before': 0.0483466477842924, 'pd_after': 0.04670899402654725, 'delta': -0.0016376537577451541}"
0.8173464391486421,0.1824909487244048,1198.0,178.69167588586615,20000.0,0.15,36.0,8821.308324114134,credit,"[('num__installment_commitment', 1.1486084009553927), ('cat__purpose_education', 0.8570681585031974), ('cat__housing_for free', -0.6370784452339096)]","{'feature': 'credit_amount', 'from': 1198, 'to': 599.0, 'pd_before': 0.817346439148642, 'pd_after': 0.8068333569201326, 'delta': -0.01051308222850944}"
0.0132265791385708,0.3798008202844968,2476.0,12.438100841414274,20000.0,0.15,36.0,8987.561899158585,credit,"[('num__installment_commitment', 1.1486084009553927), ('cat__checking_status_no checking', -1.0176603432442761), ('cat__purpose_used car', -0.9813482536491334)]","{'feature': 'credit_amount', 'from': 2476, 'to': 1238.0, 'pd_before': 0.013226579138570844, 'pd_after': 0.01149104806348212, 'delta': -0.0017355310750887237}"
0.1774824020214364,0.1498694315313752,1138.0,30.269874462068724,20000.0,0.15,36.0,8969.730125537932,credit,"[('num__installment_commitment', 1.1486084009553927), ('cat__credit_history_critical/other existing credit', -0.9320508917489864), ('cat__personal_status_male single', -0.6625914811599087)]","{'feature': 'credit_amount', 'from': 1138, 'to': 569.0, 'pd_before': 0.1774824020214365, 'pd_after': 0.16812769527334928, 'delta': -0.009354706748087221}"
0.8976631564056667,0.0550546214137508,14027.0,693.2214269031026,20000.0,0.15,36.0,8306.778573096897,credit,"[('num__duration', 1.7105996269520631), ('num__credit_amount', 1.6136411785700833), ('num__installment_commitment', 1.1486084009553927)]","{'feature': 'credit_amount', 'from': 14027, 'to': 7013.5, 'pd_before': 0.8976631564056667, 'pd_after': 0.7965232455392686, 'delta': -0.10113991086639817}"
0.0118633227603938,0.4292426333374434,7596.0,38.68068467809926,20000.0,0.15,36.0,8961.319315321902,credit,"[('cat__checking_status_no checking', -1.0176603432442761), ('cat__purpose_used car', -0.9813482536491334), ('cat__credit_history_critical/other existing credit', -0.9320508917489864)]","{'feature': 'credit_amount', 'from': 7596, 'to': 3798.0, 'pd_before': 0.011863322760393848, 'pd_after': 0.007696336904600135, 'delta': -0.004166985855793713}"
0.0262070776289701,0.1453882851184544,3077.0,11.723991783058592,20000.0,0.15,36.0,8988.27600821694,credit,"[('cat__checking_status_no checking', -1.0176603432442761), ('cat__credit_history_critical/other existing credit', -0.9320508917489864), ('num__installment_commitment', 0.8614563007165446)]","{'feature': 'credit_amount', 'from': 3077, 'to': 1538.5, 'pd_before': 0.026207077628970152, 'pd_after': 0.022049794507409345, 'delta': -0.004157283121560808}"
0.0933855129546507,0.1603434701156615,1505.0,22.53550459454804,20000.0,0.15,36.0,8977.464495405451,credit,"[('num__installment_commitment', 1.1486084009553927), ('cat__checking_status_no checking', -1.0176603432442761), ('cat__personal_status_male single', -0.6625914811599087)]","{'feature': 'credit_amount', 'from': 1505, 'to': 752.5, 'pd_before': 0.09338551295465074, 'pd_after': 0.0863098835085485, 'delta': -0.007075629446102238}"
0.0358798588836298,0.2904670983787262,3148.0,32.80819943852292,20000.0,0.15,36.0,8967.191800561477,credit,"[('cat__credit_history_critical/other existing credit', -0.9320508917489864), ('num__installment_commitment', 0.8614563007165446), ('num__duration', 0.6842398507808253)]","{'feature': 'credit_amount', 'from': 3148, 'to': 1574.0, 'pd_before': 0.035879858883629816, 'pd_after': 0.030116289421535065, 'delta': -0.005763569462094751}"
0.5459100249150687,0.2956336365423631,6148.0,992.2218214952476,20000.0,0.15,36.0,8007.778178504752,credit,"[('cat__purpose_used car', -0.9813482536491334), ('num__installment_commitment', 0.8614563007165446), ('num__credit_amount', 0.7072550057638035)]","{'feature': 'credit_amount', 'from': 6148, 'to': 3074.0, 'pd_before': 0.5459100249150687, 'pd_after': 0.4577339342057918, 'delta': -0.0881760907092769}"
0.3032926528276947,0.1842309879423536,1337.0,74.70608507338035,20000.0,0.15,36.0,8925.29391492662,cashflow,"[('num__installment_commitment', 1.1486084009553927), ('cat__personal_status_male single', -0.6625914811599087), ('cat__other_payment_plans_none', -0.6248186604287902)]","{'feature': 'credit_amount', 'from': 1337, 'to': 668.5, 'pd_before': 0.30329265282769463, 'pd_after': 0.28729248498665044, 'delta': -0.01600016784104419}"
0.8184411626589639,0.2743145561653664,433.0,97.21297041421865,20000.0,0.15,36.0,8902.787029585781,cashflow,"[('num__installment_commitment', 1.1486084009553927), ('cat__purpose_education', 0.8570681585031974), ('cat__savings_status_>=1000', -0.5917619242751514)]","{'feature': 'credit_amount', 'from': 433, 'to': 216.5, 'pd_before': 0.8184411626589639, 'pd_after': 0.8147108912467221, 'delta': -0.0037302714122418035}"
0.6046076872658267,0.2104781530021754,1228.0,156.27123902853927,20000.0,0.15,36.0,8843.72876097146,credit,"[('num__installment_commitment', 1.1486084009553927), ('cat__other_payment_plans_none', -0.6248186604287902), ('cat__checking_status_<0', 0.5232774123312848)]","{'feature': 'credit_amount', 'from': 1228, 'to': 614.0, 'pd_before': 0.6046076872658268, 'pd_after': 0.5876036751000941, 'delta': -0.017004012165732663}"
0.1349742343813378,0.1068071180615255,790.0,11.388805099596944,20000.0,0.15,36.0,8988.611194900403,credit,"[('num__installment_commitment', 1.1486084009553927), ('cat__other_payment_plans_none', -0.6248186604287902), ('num__age', -0.6093991693173922)]","{'feature': 'credit_amount', 'from': 790, 'to': 395.0, 'pd_before': 0.13497423438133793, 'pd_after': 0.129756268751456, 'delta': -0.005217965629881943}"
0.4224437765677523,0.2675377646276868,2570.0,290.4605356160031,20000.0,0.15,36.0,8709.539464383997,credit,"[('cat__checking_status_no checking', -1.0176603432442761), ('num__installment_commitment', 0.8614563007165446), ('num__duration', 0.7697698321284284)]","{'feature': 'credit_amount', 'from': 2570, 'to': 1285.0, 'pd_before': 0.42244377656775245, 'pd_after': 0.38684977107844437, 'delta': -0.03559400548930808}"
0.0452477075762357,0.1974377706966289,250.0,2.233401628246237,20000.0,0.15,36.0,8997.766598371754,credit,"[('cat__checking_status_no checking', -1.0176603432442761), ('cat__credit_history_critical/other existing credit', -0.9320508917489864), ('cat__savings_status_>=1000', -0.5917619242751514)]","{'feature': 'credit_amount', 'from': 250, 'to': 125.0, 'pd_before': 0.045247707576235724, 'pd_after': 0.04463054251647561, 'delta': -0.0006171650597601164}"
0.0250444914045663,0.0121453545760595,1316.0,0.4002932844237632,20000.0,0.15,36.0,8999.599706715577,credit,"[('cat__checking_status_no checking', -1.0176603432442761), ('cat__credit_history_critical/other existing credit', -0.9320508917489864), ('cat__other_payment_plans_none', -0.6248186604287902)]","{'feature': 'credit_amount', 'from': 1316, 'to': 658.0, 'pd_before': 0.02504449140456635, 'pd_after': 0.02326118728819505, 'delta': -0.001783304116371301}"
0.8291951183304351,0.434558202085746,1882.0,678.1477219035083,20000.0,0.15,36.0,8321.852278096492,credit,"[('num__installment_commitment', 1.1486084009553927), ('cat__checking_status_<0', 0.5232774123312848), ('num__duration', 0.513179888085619)]","{'feature': 'credit_amount', 'from': 1882, 'to': 941.0, 'pd_before': 0.8291951183304351, 'pd_after': 0.8133130076060859, 'delta': -0.015882110724349197}"
0.9211518843267088,0.3666747390778982,6416.0,2167.088221783691,,,,,credit,"[('num__duration', 1.3684797015616506), ('num__installment_commitment', 1.1486084009553927), ('num__credit_amount', 0.7380852499968386)]","{'feature': 'credit_amount', 'from': 6416, 'to': 3208.0, 'pd_before': 0.9211518843267087, 'pd_after': 0.8898352043103669, 'delta': -0.0313166800163418}"
0.054267003985366,0.3707105707023075,1275.0,25.64962382259229,20000.0,0.15,36.0,8974.350376177408,credit,"[('cat__credit_history_critical/other existing credit', -0.9320508917489864), ('num__duration', 0.6842398507808253), ('cat__other_payment_plans_none', -0.6248186604287902)]","{'feature': 'credit_amount', 'from': 1275, 'to': 637.5, 'pd_before': 0.05426700398536604, 'pd_after': 0.05062392228953239, 'delta': -0.003643081695833647}"
0.3215171453554993,0.1598899301665868,6403.0,329.161287138562,20000.0,0.15,36.0,8670.838712861438,cashflow,"[('num__credit_amount', 0.7365897530750869), ('num__duration', 0.6842398507808253), ('cat__personal_status_male single', -0.6625914811599087)]","{'feature': 'credit_amount', 'from': 6403, 'to': 3201.5, 'pd_before': 0.32151714535549947, 'pd_after': 0.24692071625381795, 'delta': -0.07459642910168152}"
0.460913897918569,0.7928543406831188,1987.0,726.1244806914299,20000.0,0.15,36.0,8273.87551930857,credit,"[('num__duration', 0.6842398507808253), ('cat__personal_status_male single', -0.6625914811599087), ('cat__other_payment_plans_none', -0.6248186604287902)]","{'feature': 'credit_amount', 'from': 1987, 'to': 993.5, 'pd_before': 0.460913897918569, 'pd_after': 0.4326727754595156, 'delta': -0.028241122459053414}"
0.1253324949390947,0.5689878613817724,760.0,54.19762787534836,20000.0,0.15,36.0,8945.802372124652,credit,"[('num__installment_commitment', 1.1486084009553927), ('cat__employment_4<=X<7', -0.6656808424310587), ('cat__other_parties_guarantor', -0.6376122101131426)]","{'feature': 'credit_amount', 'from': 760, 'to': 380.0, 'pd_before': 0.12533249493909485, 'pd_after': 0.12061828439350321, 'delta': -0.004714210545591638}"
0.0341295606998281,0.489344219290673,2603.0,43.47297172172289,20000.0,0.15,36.0,8956.527028278277,credit,"[('cat__checking_status_no checking', -1.0176603432442761), ('cat__purpose_used car', -0.9813482536491334), ('num__duration', 0.6842398507808253)]","{'feature': 'credit_amount', 'from': 2603, 'to': 1301.5, 'pd_before': 0.03412956069982816, 'pd_after': 0.029523860131338574, 'delta': -0.0046057005684895826}"
0.0432020131217604,0.2595937364132024,3380.0,37.90660538315299,20000.0,0.15,36.0,8962.093394616848,credit,"[('cat__checking_status_no checking', -1.0176603432442761), ('cat__credit_history_critical/other existing credit', -0.9320508917489864), ('cat__employment_4<=X<7', -0.6656808424310587)]","{'feature': 'credit_amount', 'from': 3380, 'to': 1690.0, 'pd_before': 0.04320201312176046, 'pd_after': 0.03584251859446143, 'delta': -0.007359494527299032}"
0.8016817849741389,0.3615433248343228,3990.0,1156.4723650146725,20000.0,0.15,36.0,7843.5276349853275,cashflow,"[('num__duration', 1.026359776171238), ('num__installment_commitment', 0.8614563007165446), ('cat__savings_status_no known savings', -0.6074598829357278)]","{'feature': 'credit_amount', 'from': 3990, 'to': 1995.0, 'pd_before': 0.8016817849741389, 'pd_after': 0.7626634385166289, 'delta': -0.03901834645751001}"
0.5142918435977288,0.474773691984496,11560.0,2822.631063678222,,,,,credit,"[('num__credit_amount', 1.3298418781115109), ('cat__purpose_used car', -0.9813482536491334), ('num__duration', 0.6842398507808253)]","{'feature': 'credit_amount', 'from': 11560, 'to': 5780.0, 'pd_before': 0.514291843597729, 'pd_after': 0.3525753659655196, 'delta': -0.16171647763220937}"
0.4498841338573792,0.32559684849803,4380.0,641.5861500387412,20000.0,0.15,36.0,8358.413849961258,credit,"[('num__installment_commitment', 0.8614563007165446), ('cat__personal_status_male single', -0.6625914811599087), ('cat__other_payment_plans_none', -0.6248186604287902)]","{'feature': 'credit_amount', 'from': 4380, 'to': 2190.0, 'pd_before': 0.4498841338573793, 'pd_after': 0.38863048510310644, 'delta': -0.06125364875427286}"
0.0639181720404638,0.0864014064370196,6761.0,37.33843355753432,20000.0,0.15,36.0,8962.661566442466,credit,"[('cat__checking_status_no checking', -1.0176603432442761), ('cat__credit_history_critical/other existing credit', -0.9320508917489864), ('num__credit_amount', 0.7777734375356337)]","{'feature': 'credit_amount', 'from': 6761, 'to': 3380.5, 'pd_before': 0.06391817204046384, 'pd_after': 0.04423541538476241, 'delta': -0.019682756655701426}"
0.8150081148723489,0.1682211092364211,4280.0,586.7947158357875,20000.0,0.15,36.0,8413.205284164213,credit,"[('num__installment_commitment', 1.1486084009553927), ('num__duration', 0.8552998134760316), ('cat__other_payment_plans_none', -0.6248186604287902)]","{'feature': 'credit_amount', 'from': 4280, 'to': 2140.0, 'pd_before': 0.8150081148723489, 'pd_after': 0.7749898306416383, 'delta': -0.04001828423071063}"
0.5320322899484041,0.4485997545572932,2325.0,554.9067146482253,20000.0,0.15,36.0,8445.093285351775,credit,"[('num__duration', 0.6842398507808253), ('cat__employment_4<=X<7', -0.6656808424310587), ('cat__personal_status_male single', -0.6625914811599087)]","{'feature': 'credit_amount', 'from': 2325, 'to': 1162.5, 'pd_before': 0.5320322899484041, 'pd_after': 0.49864324050463166, 'delta': -0.03338904944377247}"
0.3591565896870836,0.2482119355530051,1048.0,93.4260060029042,20000.0,0.15,36.0,8906.573993997095,credit,"[('num__installment_commitment', 1.1486084009553927), ('cat__personal_status_male single', -0.6625914811599087), ('cat__savings_status_<100', 0.5049896871194027)]","{'feature': 'credit_amount', 'from': 1048, 'to': 524.0, 'pd_before': 0.3591565896870835, 'pd_after': 0.34540327969590406, 'delta': -0.013753309991179463}"
0.0376324229691143,0.1959491694530492,3160.0,23.301972799960044,20000.0,0.15,36.0,8976.69802720004,credit,"[('num__installment_commitment', 1.1486084009553927), ('cat__checking_status_no checking', -1.0176603432442761), ('cat__personal_status_male single', -0.6625914811599087)]","{'feature': 'credit_amount', 'from': 3160, 'to': 1580.0, 'pd_before': 0.03763242296911439, 'pd_after': 0.03157544321924279, 'delta': -0.006056979749871599}"
0.4130681679803449,0.2673730056970982,2483.0,274.2306583570248,20000.0,0.15,36.0,8725.769341642976,credit,"[('num__installment_commitment', 1.1486084009553927), ('num__duration', 0.6842398507808253), ('cat__personal_status_male single', -0.6625914811599087)]","{'feature': 'credit_amount', 'from': 2483, 'to': 1241.5, 'pd_before': 0.413068167980345, 'pd_after': 0.3789244226102494, 'delta': -0.034143745370095624}"
0.2969293785662711,0.0533151653313039,14179.0,224.4654649046359,20000.0,0.15,36.0,8775.534535095365,credit,"[('num__credit_amount', 1.6311269887321032), ('num__installment_commitment', 1.1486084009553927), ('num__duration', 1.1118897575188411)]","{'feature': 'credit_amount', 'from': 14179, 'to': 7089.5, 'pd_before': 0.296929378566271, 'pd_after': 0.15742327754319319, 'delta': -0.1395061010230778}"
0.4539080218430108,0.3588261792193613,1797.0,292.6847239073179,20000.0,0.15,36.0,8707.315276092682,cashflow,"[('cat__credit_history_critical/other existing credit', -0.9320508917489864), ('num__installment_commitment', 0.8614563007165446), ('cat__personal_status_male single', -0.6625914811599087)]","{'feature': 'credit_amount', 'from': 1797, 'to': 898.5, 'pd_before': 0.4539080218430107, 'pd_after': 0.4284312033514176, 'delta': -0.025476818491593112}"
0.7122295857834054,0.285144081587277,2511.0,509.9540963560322,20000.0,0.15,36.0,8490.045903643968,cashflow,"[('cat__other_payment_plans_none', -0.6248186604287902), ('cat__checking_status_<0', 0.5232774123312848), ('cat__savings_status_<100', 0.5049896871194027)]","{'feature': 'credit_amount', 'from': 2511, 'to': 1255.5, 'pd_before': 0.7122295857834054, 'pd_after': 0.6817458877140244, 'delta': -0.030483698069381004}"
0.6052998430698026,0.0683100712819081,1274.0,52.67744809403113,20000.0,0.15,36.0,8947.322551905969,cashflow,"[('num__installment_commitment', 0.8614563007165446), ('cat__other_payment_plans_none', -0.6248186604287902), ('cat__checking_status_<0', 0.5232774123312848)]","{'feature': 'credit_amount', 'from': 1274, 'to': 637.0, 'pd_before': 0.6052998430698026, 'pd_after': 0.5876643414636347, 'delta': -0.01763550160616789}"
0.015504765307335,0.1675857089581488,5248.0,13.63628294868963,20000.0,0.15,36.0,8986.36371705131,credit,"[('cat__checking_status_no checking', -1.0176603432442761), ('cat__purpose_used car', -0.9813482536491334), ('cat__personal_status_male single', -0.6625914811599087)]","{'feature': 'credit_amount', 'from': 5248, 'to': 2624.0, 'pd_before': 0.015504765307335066, 'pd_after': 0.01151136947729669, 'delta': -0.003993395830038375}"
0.0246835460214615,0.0880074596047815,3029.0,6.58000628736184,20000.0,0.15,36.0,8993.419993712638,credit,"[('cat__checking_status_no checking', -1.0176603432442761), ('cat__purpose_used car', -0.9813482536491334), ('cat__employment_4<=X<7', -0.6656808424310587)]","{'feature': 'credit_amount', 'from': 3029, 'to': 1514.5, 'pd_before': 0.024683546021461552, 'pd_after': 0.020818999336559996, 'delta': -0.0038645466849015556}"
0.3977427249449419,0.3479916565489838,428.0,59.23997208610798,20000.0,0.15,36.0,8940.760027913891,credit,"[('num__installment_commitment', 0.5743042004776964), ('cat__checking_status_<0', 0.5232774123312848), ('cat__savings_status_<100', 0.5049896871194027)]","{'feature': 'credit_amount', 'from': 428, 'to': 214.0, 'pd_before': 0.39774272494494195, 'pd_after': 0.3918607055502802, 'delta': -0.005882019394661764}"
0.5778882660940562,0.2024635551553861,976.0,114.1932813279208,20000.0,0.15,36.0,8885.80671867208,cashflow,"[('cat__other_payment_plans_none', -0.6248186604287902), ('cat__checking_status_<0', 0.5232774123312848), ('num__duration', 0.513179888085619)]","{'feature': 'credit_amount', 'from': 976, 'to': 488.0, 'pd_before': 0.5778882660940562, 'pd_after': 0.56413765842434, 'delta': -0.013750607669716142}"
0.191534405518867,0.1237301815343794,841.0,19.93051146930517,20000.0,0.15,36.0,8980.069488530695,credit,"[('cat__employment_4<=X<7', -0.6656808424310587), ('cat__other_payment_plans_none', -0.6248186604287902), ('num__installment_commitment', 0.5743042004776964)]","{'feature': 'credit_amount', 'from': 841, 'to': 420.5, 'pd_before': 0.19153440551886694, 'pd_after': 0.1841553531502613, 'delta': -0.007379052368605643}"
0.1546121962325032,0.581395946828916,5771.0,518.7604082530105,20000.0,0.15,36.0,8481.23959174699,credit,"[('num__installment_commitment', 1.1486084009553927), ('cat__checking_status_no checking', -1.0176603432442761), ('cat__credit_history_critical/other existing credit', -0.9320508917489864)]","{'feature': 'credit_amount', 'from': 5771, 'to': 2885.5, 'pd_before': 0.15461219623250322, 'pd_after': 0.11600498727601279, 'delta': -0.03860720895649043}"
0.1102938912695039,0.4221889622207423,1555.0,72.40836273372862,20000.0,0.15,36.0,8927.59163726627,credit,"[('num__installment_commitment', 1.1486084009553927), ('cat__checking_status_no checking', -1.0176603432442761), ('cat__personal_status_male single', -0.6625914811599087)]","{'feature': 'credit_amount', 'from': 1555, 'to': 777.5, 'pd_before': 0.11029389126950385, 'pd_after': 0.10181808627748566, 'delta': -0.008475804992018193}"
0.6243330012379571,0.2536969522953405,1285.0,203.5329228264425,20000.0,0.15,36.0,8796.467077173558,credit,"[('num__installment_commitment', 1.1486084009553927), ('num__duration', 0.6842398507808253), ('cat__employment_4<=X<7', -0.6656808424310587)]","{'feature': 'credit_amount', 'from': 1285, 'to': 642.5, 'pd_before': 0.6243330012379571, 'pd_after': 0.6068448198606775, 'delta': -0.017488181377279588}"
0.0275908308381659,0.2724356884915681,1299.0,9.764228367089707,20000.0,0.15,36.0,8990.23577163291,credit,"[('cat__credit_history_critical/other existing credit', -0.9320508917489864), ('cat__foreign_worker_no', -0.8004849231861298), ('num__age', -0.683265735295258)]","{'feature': 'credit_amount', 'from': 1299, 'to': 649.5, 'pd_before': 0.02759083083816594, 'pd_after': 0.02565541166858955, 'delta': -0.0019354191695763884}"
0.0284969372440872,0.255154043203245,1271.0,9.241579229813984,20000.0,0.15,36.0,8990.758420770186,credit,"[('cat__credit_history_critical/other existing credit', -0.9320508917489864), ('num__installment_commitment', 0.8614563007165446), ('cat__personal_status_male single', -0.6625914811599087)]","{'feature': 'credit_amount', 'from': 1271, 'to': 635.5, 'pd_before': 0.028496937244087216, 'pd_after': 0.026541268800239024, 'delta': -0.0019556684438481915}"
0.0581657285179675,0.2918780480829133,1393.0,23.649377932066987,20000.0,0.15,36.0,8976.350622067934,credit,"[('cat__checking_status_no checking', -1.0176603432442761), ('num__duration', 0.6842398507808253), ('cat__personal_status_male single', -0.6625914811599087)]","{'feature': 'credit_amount', 'from': 1393, 'to': 696.5, 'pd_before': 0.05816572851796751, 'pd_after': 0.05392859829804904, 'delta': -0.004237130219918471}"
0.3515744825723249,0.1726984121219383,691.0,41.95500122403732,20000.0,0.15,36.0,8958.044998775962,credit,"[('num__installment_commitment', 1.1486084009553927), ('cat__credit_history_critical/other existing credit', -0.9320508917489864), ('cat__personal_status_male single', -0.6625914811599087)]","{'feature': 'credit_amount', 'from': 691, 'to': 345.5, 'pd_before': 0.3515744825723248, 'pd_after': 0.3425679766519207, 'delta': -0.00900650592040414}"
0.0232876029390565,0.5930215390601925,5045.0,69.67170293582741,20000.0,0.15,36.0,8930.328297064172,credit,"[('cat__checking_status_no checking', -1.0176603432442761), ('cat__credit_history_critical/other existing credit', -0.9320508917489864), ('cat__other_payment_plans_none', -0.6248186604287902)]","{'feature': 'credit_amount', 'from': 5045, 'to': 2522.5, 'pd_before': 0.023287602939056597, 'pd_after': 0.017524853035246635, 'delta': -0.005762749903809962}"
0.5289702488875639,0.3753290622883108,2124.0,421.6945155159471,20000.0,0.15,36.0,8578.305484484054,credit,"[('num__installment_commitment', 1.1486084009553927), ('cat__credit_history_critical/other existing credit', -0.9320508917489864), ('cat__other_payment_plans_none', -0.6248186604287902)]","{'feature': 'credit_amount', 'from': 2124, 'to': 1062.0, 'pd_before': 0.5289702488875639, 'pd_after': 0.49846008922851764, 'delta': -0.0305101596590463}"
0.3706877705086359,0.2189399396121759,2214.0,179.68460481155418,20000.0,0.15,36.0,8820.315395188445,credit,"[('num__installment_commitment', 1.1486084009553927), ('cat__personal_status_male single', -0.6625914811599087), ('cat__other_payment_plans_none', -0.6248186604287902)]","{'feature': 'credit_amount', 'from': 2214, 'to': 1107.0, 'pd_before': 0.37068777050863594, 'pd_after': 0.34150047739164546, 'delta': -0.029187293116990476}"
0.1280410142780158,0.2774715740499132,12680.0,450.4917657027961,20000.0,0.15,36.0,8549.508234297204,credit,"[('num__credit_amount', 1.4586846898316572), ('num__installment_commitment', 1.1486084009553927), ('cat__checking_status_no checking', -1.0176603432442761)]","{'feature': 'credit_amount', 'from': 12680, 'to': 6340.0, 'pd_before': 0.1280410142780159, 'pd_after': 0.06612880465763718, 'delta': -0.061912209620378716}"
0.0869823061597504,0.2276856398096272,2463.0,48.778784060135486,20000.0,0.15,36.0,8951.221215939864,credit,"[('num__installment_commitment', 1.1486084009553927), ('cat__checking_status_no checking', -1.0176603432442761), ('cat__credit_history_critical/other existing credit', -0.9320508917489864)]","{'feature': 'credit_amount', 'from': 2463, 'to': 1231.5, 'pd_before': 0.08698230615975044, 'pd_after': 0.07637010552893825, 'delta': -0.010612200630812196}"
0.3484822407814659,0.1343558189259655,1155.0,54.07781245175851,20000.0,0.15,36.0,8945.922187548242,credit,"[('num__installment_commitment', 0.8614563007165446), ('cat__other_parties_guarantor', -0.6376122101131426), ('cat__savings_status_<100', 0.5049896871194027)]","{'feature': 'credit_amount', 'from': 1155, 'to': 577.5, 'pd_before': 0.34848224078146595, 'pd_after': 0.3335545301129927, 'delta': -0.01492771066847326}"
0.7595996867849593,0.4851132793051267,3108.0,1145.272809707859,20000.0,0.15,36.0,7854.727190292141,cashflow,"[('num__duration', 0.8552998134760316), ('cat__other_payment_plans_none', -0.6248186604287902), ('num__installment_commitment', 0.5743042004776964)]","{'feature': 'credit_amount', 'from': 3108, 'to': 1554.0, 'pd_before': 0.7595996867849593, 'pd_after': 0.7254615322334149, 'delta': -0.03413815455154434}"
0.0298812917124767,0.0373883104206216,2901.0,3.2410291409244887,20000.0,0.15,36.0,8996.758970859075,cashflow,"[('cat__checking_status_no checking', -1.0176603432442761), ('cat__purpose_used car', -0.9813482536491334), ('cat__other_payment_plans_none', -0.6248186604287902)]","{'feature': 'credit_amount', 'from': 2901, 'to': 1450.5, 'pd_before': 0.029881291712476773, 'pd_after': 0.025405673362614345, 'delta': -0.004475618349862428}"
0.168850308095117,0.1431551744874098,3617.0,87.42938366379319,20000.0,0.15,36.0,8912.570616336207,credit,"[('cat__credit_history_critical/other existing credit', -0.9320508917489864), ('cat__personal_status_male single', -0.6625914811599087), ('cat__other_payment_plans_none', -0.6248186604287902)]","{'feature': 'credit_amount', 'from': 3617, 'to': 1808.5, 'pd_before': 0.16885030809511709, 'pd_after': 0.1416267477019011, 'delta': -0.027223560393215995}"
0.0169362452595218,0.4864824817391423,1655.0,13.635853864697689,20000.0,0.15,36.0,8986.364146135302,credit,"[('cat__checking_status_no checking', -1.0176603432442761), ('cat__credit_history_critical/other existing credit', -0.9320508917489864), ('cat__personal_status_male single', -0.6625914811599087)]","{'feature': 'credit_amount', 'from': 1655, 'to': 827.5, 'pd_before': 0.01693624525952187, 'pd_after': 0.015422090657333905, 'delta': -0.0015141546021879629}"
0.1848257344991939,0.4913419221399569,2812.0,255.3651201991344,20000.0,0.15,36.0,8744.634879800866,credit,"[('cat__purpose_used car', -0.9813482536491334), ('num__duration', 0.6842398507808253), ('cat__other_payment_plans_none', -0.6248186604287902)]","{'feature': 'credit_amount', 'from': 2812, 'to': 1406.0, 'pd_before': 0.184825734499194, 'pd_after': 0.16168658251300227, 'delta': -0.023139151986191736}"
0.8626140280176239,0.2439042348014981,8065.0,1696.8374043995366,20000.0,0.15,36.0,7303.162595600464,credit,"[('num__duration', 1.026359776171238), ('cat__credit_history_critical/other existing credit', -0.9320508917489864), ('num__credit_amount', 0.9277832826098041)]","{'feature': 'credit_amount', 'from': 8065, 'to': 4032.5, 'pd_before': 0.8626140280176239, 'pd_after': 0.7979098001273017, 'delta': -0.06470422789032215}"
0.0114341007121939,0.1360176757585052,3275.0,5.093410355680724,20000.0,0.15,36.0,8994.906589644319,credit,"[('cat__checking_status_no checking', -1.0176603432442761), ('cat__purpose_used car', -0.9813482536491334), ('cat__credit_history_critical/other existing credit', -0.9320508917489864)]","{'feature': 'credit_amount', 'from': 3275, 'to': 1637.5, 'pd_before': 0.011434100712193942, 'pd_after': 0.009489540644877599, 'delta': -0.0019445600673163432}"
0.113659713596406,0.128344551994205,2223.0,32.42824596239522,20000.0,0.15,36.0,8967.571754037604,credit,"[('num__installment_commitment', 1.1486084009553927), ('cat__checking_status_no checking', -1.0176603432442761), ('cat__credit_history_critical/other existing credit', -0.9320508917489864)]","{'feature': 'credit_amount', 'from': 2223, 'to': 1111.5, 'pd_before': 0.11365971359640606, 'pd_after': 0.10140072779906398, 'delta': -0.012258985797342081}"
0.2317448351447558,0.2581466222995477,1480.0,88.5397367134167,20000.0,0.15,36.0,8911.460263286583,cashflow,"[('cat__credit_history_critical/other existing credit', -0.9320508917489864), ('cat__personal_status_male single', -0.6625914811599087), ('cat__housing_for free', -0.6370784452339096)]","{'feature': 'credit_amount', 'from': 1480, 'to': 740.0, 'pd_before': 0.23174483514475588, 'pd_after': 0.21693578902990107, 'delta': -0.014809046114854812}"
0.5358646200793235,0.095166279828202,1371.0,69.91584830915237,20000.0,0.15,36.0,8930.084151690848,credit,"[('num__installment_commitment', 1.1486084009553927), ('num__duration', 0.6842398507808253), ('cat__other_payment_plans_none', -0.6248186604287902)]","{'feature': 'credit_amount', 'from': 1371, 'to': 685.5, 'pd_before': 0.5358646200793235, 'pd_after': 0.5162059651725782, 'delta': -0.019658654906745232}"
0.11171827999159,0.3084234406986366,3535.0,121.80385583442737,20000.0,0.15,36.0,8878.196144165573,credit,"[('num__installment_commitment', 1.1486084009553927), ('num__duration', 1.026359776171238), ('cat__checking_status_no checking', -1.0176603432442761)]","{'feature': 'credit_amount', 'from': 3535, 'to': 1767.5, 'pd_before': 0.11171827999158992, 'pd_after': 0.09307630626901779, 'delta': -0.018641973722572133}"
0.3108973436921989,0.3755220738252032,3509.0,409.6715927123957,20000.0,0.15,36.0,8590.328407287605,credit,"[('num__installment_commitment', 1.1486084009553927), ('cat__employment_4<=X<7', -0.6656808424310587), ('cat__other_parties_guarantor', -0.6376122101131426)]","{'feature': 'credit_amount', 'from': 3509, 'to': 1754.5, 'pd_before': 0.31089734369219896, 'pd_after': 0.26938165742571185, 'delta': -0.041515686266487106}"
0.0212815538782645,0.2437978970590165,5711.0,29.63094144441203,20000.0,0.15,36.0,8970.369058555589,credit,"[('num__installment_commitment', 1.1486084009553927), ('num__duration', 1.026359776171238), ('cat__checking_status_no checking', -1.0176603432442761)]","{'feature': 'credit_amount', 'from': 5711, 'to': 2855.5, 'pd_before': 0.0212815538782646, 'pd_after': 0.015414760124236922, 'delta': -0.005866793754027679}"
0.4090747438427398,0.3074523932630419,3872.0,486.9853469173715,20000.0,0.15,36.0,8513.014653082628,cashflow,"[('cat__other_payment_plans_none', -0.6248186604287902), ('num__age', -0.6186324900646255), ('num__installment_commitment', 0.5743042004776964)]","{'feature': 'credit_amount', 'from': 3872, 'to': 1936.0, 'pd_before': 0.40907474384273984, 'pd_after': 0.3565188419184597, 'delta': -0.05255590192428017}"
0.1013962850300485,0.3943921564916687,4933.0,197.2701742988364,20000.0,0.15,36.0,8802.729825701164,credit,"[('num__duration', 1.1118897575188411), ('cat__credit_history_critical/other existing credit', -0.9320508917489864), ('cat__employment_4<=X<7', -0.6656808424310587)]","{'feature': 'credit_amount', 'from': 4933, 'to': 2466.5, 'pd_before': 0.10139628503004858, 'pd_after': 0.07830900209447614, 'delta': -0.02308728293557244}"
0.0239152624812939,0.2720307882758418,1940.0,12.62103414694353,20000.0,0.15,36.0,8987.378965853057,credit,"[('num__installment_commitment', 1.1486084009553927), ('cat__checking_status_no checking', -1.0176603432442761), ('cat__credit_history_critical/other existing credit', -0.9320508917489864)]","{'feature': 'credit_amount', 'from': 1940, 'to': 970.0, 'pd_before': 0.023915262481293966, 'pd_after': 0.02144428329783308, 'delta': -0.002470979183460887}"
0.2022879112411344,0.2502189796300907,1410.0,71.36894738658523,20000.0,0.15,36.0,8928.631052613415,credit,"[('cat__personal_status_male single', -0.6625914811599087), ('cat__other_payment_plans_none', -0.6248186604287902), ('num__installment_commitment', 0.5743042004776964)]","{'feature': 'credit_amount', 'from': 1410, 'to': 705.0, 'pd_before': 0.20228791124113443, 'pd_after': 0.18951606795712797, 'delta': -0.012771843284006462}"
0.7314115922516478,0.6431510779527608,836.0,393.2612167304505,20000.0,0.15,36.0,8606.73878326955,cashflow,"[('num__installment_commitment', 1.1486084009553927), ('cat__purpose_new car', 0.3676157332092113), ('num__duration', 0.34211992539041264)]","{'feature': 'credit_amount', 'from': 836, 'to': 418.0, 'pd_before': 0.7314115922516478, 'pd_after': 0.721860727159976, 'delta': -0.0095508650916718}"
0.0812090573792211,0.3315797031591228,6468.0,174.16561560315478,20000.0,0.15,36.0,8825.834384396845,cashflow,"[('cat__purpose_used car', -0.9813482536491334), ('num__credit_amount', 0.7440672376838454), ('cat__other_payment_plans_none', -0.6248186604287902)]","{'feature': 'credit_amount', 'from': 6468, 'to': 3234.0, 'pd_before': 0.08120905737922114, 'pd_after': 0.05742880507927544, 'delta': -0.023780252299945702}"
0.0943988051176092,0.4021562491559731,1941.0,73.6863176877435,20000.0,0.15,36.0,8926.313682312257,credit,"[('num__installment_commitment', 1.1486084009553927), ('cat__personal_status_male single', -0.6625914811599087), ('cat__other_payment_plans_none', -0.6248186604287902)]","{'feature': 'credit_amount', 'from': 1941, 'to': 970.5, 'pd_before': 0.09439880511760922, 'pd_after': 0.08527710117650769, 'delta': -0.009121703941101525}"
0.0630001643235626,0.3202955284292127,2675.0,53.97794471940684,20000.0,0.15,36.0,8946.022055280593,credit,"[('cat__checking_status_no checking', -1.0176603432442761), ('num__installment_commitment', 0.8614563007165446), ('cat__personal_status_male single', -0.6625914811599087)]","{'feature': 'credit_amount', 'from': 2675, 'to': 1337.5, 'pd_before': 0.06300016432356269, 'pd_after': 0.05450534845090881, 'delta': -0.008494815872653876}"
0.0301971750873302,0.2892569095321707,2751.0,24.029273983040625,20000.0,0.15,36.0,8975.97072601696,credit,"[('num__duration', 1.3684797015616506), ('num__installment_commitment', 1.1486084009553927), ('cat__checking_status_no checking', -1.0176603432442761)]","{'feature': 'credit_amount', 'from': 2751, 'to': 1375.5, 'pd_before': 0.030197175087330243, 'pd_after': 0.025892218519052067, 'delta': -0.004304956568278177}"
0.8658183499125027,0.2826346653162994,6224.0,1523.0767799330845,20000.0,0.15,36.0,7476.923220066916,credit,"[('num__duration', 1.3684797015616506), ('num__installment_commitment', 1.1486084009553927), ('cat__purpose_education', 0.8570681585031974)]","{'feature': 'credit_amount', 'from': 6224, 'to': 3112.0, 'pd_before': 0.8658183499125025, 'pd_after': 0.818539208640366, 'delta': -0.047279141272136505}"
0.8959161759938942,0.3833450071158206,5998.0,2059.9830671836257,,,,,credit,"[('num__installment_commitment', 1.1486084009553927), ('num__duration', 1.1403997513013755), ('cat__credit_history_critical/other existing credit', -0.9320508917489864)]","{'feature': 'credit_amount', 'from': 5998, 'to': 2999.0, 'pd_before': 0.8959161759938942, 'pd_after': 0.8590776936060759, 'delta': -0.03683848238781828}"
0.3654103573984462,0.0807613537742695,1188.0,35.05910975420619,20000.0,0.15,36.0,8964.940890245794,credit,"[('cat__other_payment_plans_none', -0.6248186604287902), ('num__duration', 0.5987098694332221), ('num__installment_commitment', 0.5743042004776964)]","{'feature': 'credit_amount', 'from': 1188, 'to': 594.0, 'pd_before': 0.36541035739844613, 'pd_after': 0.349715435911178, 'delta': -0.015694921487268143}"
0.0270953494443714,0.4880286987796611,6313.0,83.47874423931607,20000.0,0.15,36.0,8916.521255760685,credit,"[('cat__checking_status_no checking', -1.0176603432442761), ('cat__purpose_used car', -0.9813482536491334), ('num__installment_commitment', 0.8614563007165446)]","{'feature': 'credit_amount', 'from': 6313, 'to': 3156.5, 'pd_before': 0.02709534944437146, 'pd_after': 0.019001702707382117, 'delta': -0.008093646736989344}"
0.0128008143014084,0.256084566007227,1221.0,4.00254908037156,20000.0,0.15,36.0,8995.997450919629,credit,"[('cat__checking_status_no checking', -1.0176603432442761), ('cat__credit_history_critical/other existing credit', -0.9320508917489864), ('cat__other_payment_plans_none', -0.6248186604287902)]","{'feature': 'credit_amount', 'from': 1221, 'to': 610.5, 'pd_before': 0.01280081430140843, 'pd_after': 0.011943013893800133, 'delta': -0.0008578004076082967}"
0.5726132432151393,0.0602277770160061,2892.0,99.73704813161298,20000.0,0.15,36.0,8900.262951868388,credit,"[('num__installment_commitment', 0.8614563007165446), ('num__duration', 0.6842398507808253), ('cat__housing_for free', -0.6370784452339096)]","{'feature': 'credit_amount', 'from': 2892, 'to': 1446.0, 'pd_before': 0.5726132432151392, 'pd_after': 0.5315021899334399, 'delta': -0.041111053281699284}"
0.2458100814084169,0.1211284104356013,3062.0,91.16977752480484,20000.0,0.15,36.0,8908.830222475195,credit,"[('num__installment_commitment', 1.1486084009553927), ('cat__checking_status_no checking', -1.0176603432442761), ('num__duration', 0.6842398507808253)]","{'feature': 'credit_amount', 'from': 3062, 'to': 1531.0, 'pd_before': 0.24581008140841698, 'pd_after': 0.21463519183088983, 'delta': -0.03117488957752715}"
0.2057933353731746,0.1275363995834662,2301.0,60.392370560116994,20000.0,0.15,36.0,8939.607629439883,cashflow,"[('cat__checking_status_no checking', -1.0176603432442761), ('cat__other_payment_plans_none', -0.6248186604287902), ('num__installment_commitment', 0.5743042004776964)]","{'feature': 'credit_amount', 'from': 2301, 'to': 1150.5, 'pd_before': 0.20579333537317468, 'pd_after': 0.18500143827421206, 'delta': -0.02079189709896262}"
0.0476328597100062,0.070811578713834,7511.0,25.334287498342835,20000.0,0.15,36.0,8974.665712501657,credit,"[('cat__purpose_used car', -0.9813482536491334), ('num__credit_amount', 0.8640521060982317), ('cat__personal_status_male single', -0.6625914811599087)]","{'feature': 'credit_amount', 'from': 7511, 'to': 3755.5, 'pd_before': 0.04763285971000627, 'pd_after': 0.0314483951354785, 'delta': -0.016184464574527768}"
0.1687453135605551,0.2701621570004034,1258.0,57.350456152198085,20000.0,0.15,36.0,8942.649543847801,cashflow,"[('cat__checking_status_no checking', -1.0176603432442761), ('cat__credit_history_critical/other existing credit', -0.9320508917489864), ('cat__other_payment_plans_none', -0.6248186604287902)]","{'feature': 'credit_amount', 'from': 1258, 'to': 629.0, 'pd_before': 0.16874531356055514, 'pd_after': 0.15883729709765426, 'delta': -0.009908016462900876}"
0.0956340208850474,0.3287862967850544,717.0,22.544742546170315,20000.0,0.15,36.0,8977.45525745383,credit,"[('num__installment_commitment', 1.1486084009553927), ('cat__checking_status_no checking', -1.0176603432442761), ('num__duration', 0.6842398507808253)]","{'feature': 'credit_amount', 'from': 717, 'to': 358.5, 'pd_before': 0.09563402088504744, 'pd_after': 0.09212614174642647, 'delta': -0.0035078791386209673}"
0.1858271315898492,0.1896214611207292,1549.0,54.58182211010096,20000.0,0.15,36.0,8945.418177889898,cashflow,"[('num__installment_commitment', 1.1486084009553927), ('cat__personal_status_male single', -0.6625914811599087), ('cat__other_payment_plans_none', -0.6248186604287902)]","{'feature': 'credit_amount', 'from': 1549, 'to': 774.5, 'pd_before': 0.1858271315898492, 'pd_after': 0.17272263609440355, 'delta': -0.01310449549544565}"
0.3035636739672326,0.1886202794169166,1597.0,91.44144921222676,20000.0,0.15,36.0,8908.558550787773,credit,"[('num__installment_commitment', 1.1486084009553927), ('cat__checking_status_no checking', -1.0176603432442761), ('cat__credit_history_critical/other existing credit', -0.9320508917489864)]","{'feature': 'credit_amount', 'from': 1597, 'to': 798.5, 'pd_before': 0.30356367396723266, 'pd_after': 0.2845010872616363, 'delta': -0.01906258670559635}"
0.2859807855570532,0.1033536100949308,1795.0,53.05507815616474,20000.0,0.15,36.0,8946.944921843835,credit,"[('cat__credit_history_critical/other existing credit', -0.9320508917489864), ('num__installment_commitment', 0.8614563007165446), ('cat__other_parties_guarantor', -0.6376122101131426)]","{'feature': 'credit_amount', 'from': 1795, 'to': 897.5, 'pd_before': 0.28598078555705325, 'pd_after': 0.2653719179182505, 'delta': -0.020608867638802764}"
0.34242637540905,0.3438347524397487,4272.0,502.9771120112349,20000.0,0.15,36.0,8497.022887988765,credit,"[('cat__credit_history_critical/other existing credit', -0.9320508917489864), ('cat__other_payment_plans_none', -0.6248186604287902), ('num__duration', 0.5701998756506877)]","{'feature': 'credit_amount', 'from': 4272, 'to': 2136.0, 'pd_before': 0.3424263754090501, 'pd_after': 0.28941607353219767, 'delta': -0.053010301876852406}"
0.0190690916866406,0.5100831301914796,976.0,9.493378249971675,20000.0,0.15,36.0,8990.506621750028,credit,"[('num__installment_commitment', 1.1486084009553927), ('cat__checking_status_no checking', -1.0176603432442761), ('cat__credit_history_critical/other existing credit', -0.9320508917489864)]","{'feature': 'credit_amount', 'from': 976, 'to': 488.0, 'pd_before': 0.019069091686640675, 'pd_after': 0.018046859768402902, 'delta': -0.0010222319182377725}"
0.4098794451813948,0.1827153135229866,7472.0,559.587429959775,20000.0,0.15,36.0,8440.412570040226,cashflow,"[('num__credit_amount', 0.8595656153329766), ('cat__other_payment_plans_none', -0.6248186604287902), ('cat__savings_status_no known savings', -0.6074598829357278)]","{'feature': 'credit_amount', 'from': 7472, 'to': 3736.0, 'pd_before': 0.4098794451813948, 'pd_after': 0.31125757581740915, 'delta': -0.09862186936398565}"
0.5661825379048406,0.1835126636679527,9271.0,963.2723422708071,20000.0,0.15,36.0,8036.727657729193,credit,"[('num__credit_amount', 1.0665193816584617), ('num__duration', 1.026359776171238), ('cat__employment_4<=X<7', -0.6656808424310587)]","{'feature': 'credit_amount', 'from': 9271, 'to': 4635.5, 'pd_before': 0.5661825379048406, 'pd_after': 0.43365184042488086, 'delta': -0.13253069747995977}"
0.1237280727087214,0.3965550592277903,590.0,28.948345988676955,20000.0,0.15,36.0,8971.051654011322,cashflow,"[('num__installment_commitment', 0.8614563007165446), ('cat__foreign_worker_no', -0.8004849231861298), ('cat__other_payment_plans_none', -0.6248186604287902)]","{'feature': 'credit_amount', 'from': 590, 'to': 295.0, 'pd_before': 0.1237280727087214, 'pd_after': 0.12009545523862297, 'delta': -0.003632617470098423}"
0.0170033950250511,0.2770771668111213,930.0,4.381464843331682,20000.0,0.15,36.0,8995.61853515667,credit,"[('num__installment_commitment', 1.1486084009553927), ('cat__checking_status_no checking', -1.0176603432442761), ('cat__credit_history_critical/other existing credit', -0.9320508917489864)]","{'feature': 'credit_amount', 'from': 930, 'to': 465.0, 'pd_before': 0.017003395025051177, 'pd_after': 0.01613202309760157, 'delta': -0.000871371927449606}"
0.5460394194687733,0.1590852664564818,9283.0,806.384750788759,20000.0,0.15,36.0,8193.615249211241,cashflow,"[('num__duration', 1.1974197388664443), ('num__credit_amount', 1.0678998403554634), ('cat__purpose_used car', -0.9813482536491334)]","{'feature': 'credit_amount', 'from': 9283, 'to': 4641.5, 'pd_before': 0.5460394194687733, 'pd_after': 0.4135596694084948, 'delta': -0.1324797500602785}"
0.7803877524906062,0.2713012782248903,1778.0,376.43850628639296,20000.0,0.15,36.0,8623.561493713607,cashflow,"[('cat__other_payment_plans_none', -0.6248186604287902), ('num__installment_commitment', 0.5743042004776964), ('cat__credit_history_no credits/all paid', 0.505569010050849)]","{'feature': 'credit_amount', 'from': 1778, 'to': 889.0, 'pd_before': 0.7803877524906062, 'pd_after': 0.7623593643517556, 'delta': -0.01802838813885066}"
0.2330782966289745,0.0831707701839757,907.0,17.58246840952749,20000.0,0.15,36.0,8982.417531590472,cashflow,"[('num__installment_commitment', 0.8614563007165446), ('cat__other_payment_plans_none', -0.6248186604287902), ('cat__savings_status_<100', 0.5049896871194027)]","{'feature': 'credit_amount', 'from': 907, 'to': 453.5, 'pd_before': 0.2330782966289746, 'pd_after': 0.22388292576489835, 'delta': -0.009195370864076263}"
0.1802245107553222,0.1852238662134292,484.0,16.156830243565878,20000.0,0.15,36.0,8983.843169756434,credit,"[('num__installment_commitment', 0.8614563007165446), ('cat__employment_4<=X<7', -0.6656808424310587), ('cat__other_parties_guarantor', -0.6376122101131426)]","{'feature': 'credit_amount', 'from': 484, 'to': 242.0, 'pd_before': 0.18022451075532225, 'pd_after': 0.17614799237577586, 'delta': -0.0040765183795463955}"
0.2572600161443042,0.1893707978147841,9629.0,469.1011397302645,20000.0,0.15,36.0,8530.898860269735,credit,"[('num__installment_commitment', 1.1486084009553927), ('num__credit_amount', 1.1077030661190086), ('num__duration', 1.026359776171238)]","{'feature': 'credit_amount', 'from': 9629, 'to': 4814.5, 'pd_before': 0.2572600161443042, 'pd_after': 0.16601874080879755, 'delta': -0.09124127533550666}"
0.5663569545695317,0.3209489402315388,3051.0,554.5853479680134,20000.0,0.15,36.0,8445.414652031986,credit,"[('num__duration', 1.3684797015616506), ('num__installment_commitment', 0.8614563007165446), ('cat__personal_status_male single', -0.6625914811599087)]","{'feature': 'credit_amount', 'from': 3051, 'to': 1525.5, 'pd_before': 0.5663569545695318, 'pd_after': 0.5228620498806386, 'delta': -0.04349490468889328}"
0.7811354620354227,0.4592760301666038,3931.0,1410.2729573161464,20000.0,0.15,36.0,7589.727042683853,credit,"[('num__duration', 1.3684797015616506), ('num__installment_commitment', 1.1486084009553927), ('cat__employment_4<=X<7', -0.6656808424310587)]","{'feature': 'credit_amount', 'from': 3931, 'to': 1965.5, 'pd_before': 0.7811354620354227, 'pd_after': 0.7400422113854894, 'delta': -0.0410932506499333}"
0.7679512168714054,0.3418901555105715,7432.0,1951.308469859904,20000.0,0.15,36.0,7048.691530140097,credit,"[('num__duration', 1.026359776171238), ('num__credit_amount', 0.8549640863429714), ('cat__other_payment_plans_none', -0.6248186604287902)]","{'feature': 'credit_amount', 'from': 7432, 'to': 3716.0, 'pd_before': 0.7679512168714054, 'pd_after': 0.6833687029963724, 'delta': -0.08458251387503302}"
0.0441829572405622,0.247179021520738,1338.0,14.61243198546657,20000.0,0.15,36.0,8985.387568014534,credit,"[('cat__checking_status_no checking', -1.0176603432442761), ('cat__other_payment_plans_none', -0.6248186604287902), ('num__age', -0.5724658863284594)]","{'feature': 'credit_amount', 'from': 1338, 'to': 669.0, 'pd_before': 0.04418295724056222, 'pd_after': 0.04104449488468523, 'delta': -0.003138462355876989}"
0.0285897791754567,0.292131029589977,1554.0,12.978948367233292,20000.0,0.15,36.0,8987.021051632766,credit,"[('cat__checking_status_no checking', -1.0176603432442761), ('cat__credit_history_critical/other existing credit', -0.9320508917489864), ('cat__employment_4<=X<7', -0.6656808424310587)]","{'feature': 'credit_amount', 'from': 1554, 'to': 777.0, 'pd_before': 0.028589779175456718, 'pd_after': 0.026209244210818824, 'delta': -0.002380534964637894}"
0.9401805642203592,0.1554290111843225,15857.0,2317.204585937119,,,,,cashflow,"[('num__credit_amount', 1.8241611298628226), ('num__duration', 1.026359776171238), ('cat__other_payment_plans_none', -0.6248186604287902)]","{'feature': 'credit_amount', 'from': 15857, 'to': 7928.5, 'pd_before': 0.9401805642203592, 'pd_after': 0.8632630870622189, 'delta': -0.07691747715814035}"
0.6163293079481165,0.3559771715783029,1345.0,295.0918753166266,20000.0,0.15,36.0,8704.908124683374,credit,"[('num__installment_commitment', 1.1486084009553927), ('cat__checking_status_<0', 0.5232774123312848), ('num__duration', 0.513179888085619)]","{'feature': 'credit_amount', 'from': 1345, 'to': 672.5, 'pd_before': 0.6163293079481165, 'pd_after': 0.5978785767422651, 'delta': -0.01845073120585139}"
0.142740410968975,0.5554252546261353,1101.0,87.28907364777825,20000.0,0.15,36.0,8912.710926352222,credit,"[('cat__checking_status_no checking', -1.0176603432442761), ('num__installment_commitment', 0.8614563007165446), ('cat__other_payment_plans_none', -0.6248186604287902)]","{'feature': 'credit_amount', 'from': 1101, 'to': 550.5, 'pd_before': 0.1427404109689751, 'pd_after': 0.135165097702248, 'delta': -0.007575313266727113}"
0.2490285271338093,0.2557472204743202,3016.0,192.08407455798925,20000.0,0.15,36.0,8807.91592544201,credit,"[('num__installment_commitment', 0.8614563007165446), ('cat__other_payment_plans_none', -0.6248186604287902), ('cat__savings_status_<100', 0.5049896871194027)]","{'feature': 'credit_amount', 'from': 3016, 'to': 1508.0, 'pd_before': 0.24902852713380935, 'pd_after': 0.21801394969553609, 'delta': -0.031014577438273266}"
0.6961772693409491,0.364575406591268,2712.0,688.3303091122082,20000.0,0.15,36.0,8311.669690887791,credit,"[('num__duration', 1.026359776171238), ('cat__personal_status_male single', -0.6625914811599087), ('num__installment_commitment', 0.5743042004776964)]","{'feature': 'credit_amount', 'from': 2712, 'to': 1356.0, 'pd_before': 0.6961772693409491, 'pd_after': 0.662212182837926, 'delta': -0.0339650865030231}"
0.2767500107107005,0.1489138550446442,731.0,30.125906925339773,20000.0,0.15,36.0,8969.87409307466,credit,"[('num__installment_commitment', 1.1486084009553927), ('cat__credit_history_critical/other existing credit', -0.9320508917489864), ('cat__personal_status_male single', -0.6625914811599087)]","{'feature': 'credit_amount', 'from': 731, 'to': 365.5, 'pd_before': 0.27675001071070043, 'pd_after': 0.2684134944706821, 'delta': -0.008336516240018355}"
0.178385856001057,0.3577358523068449,3780.0,241.22076137217164,20000.0,0.15,36.0,8758.779238627829,cashflow,"[('cat__checking_status_no checking', -1.0176603432442761), ('cat__credit_history_critical/other existing credit', -0.9320508917489864), ('num__installment_commitment', 0.8614563007165446)]","{'feature': 'credit_amount', 'from': 3780, 'to': 1890.0, 'pd_before': 0.17838585600105697, 'pd_after': 0.14871133703466857, 'delta': -0.029674518966388397}"
0.469901926372991,0.4217236408984787,1602.0,317.46633951087307,20000.0,0.15,36.0,8682.533660489127,credit,"[('num__installment_commitment', 1.1486084009553927), ('cat__credit_history_critical/other existing credit', -0.9320508917489864), ('cat__other_payment_plans_none', -0.6248186604287902)]","{'feature': 'credit_amount', 'from': 1602, 'to': 801.0, 'pd_before': 0.4699019263729908, 'pd_after': 0.4470286151331583, 'delta': -0.022873311239832494}"
0.6456000128162567,0.3477204159854178,3966.0,890.3206176960729,20000.0,0.15,36.0,8109.679382303927,credit,"[('cat__credit_history_critical/other existing credit', -0.9320508917489864), ('num__existing_credits', 0.5386432948736869), ('cat__checking_status_<0', 0.5232774123312848)]","{'feature': 'credit_amount', 'from': 3966, 'to': 1983.0, 'pd_before': 0.6456000128162567, 'pd_after': 0.5918535471287304, 'delta': -0.05374646568752628}"
0.321532686953127,0.4753566474089294,4165.0,636.5898459265931,20000.0,0.15,36.0,8363.410154073406,credit,"[('cat__checking_status_no checking', -1.0176603432442761), ('cat__personal_status_male single', -0.6625914811599087), ('num__installment_commitment', 0.5743042004776964)]","{'feature': 'credit_amount', 'from': 4165, 'to': 2082.5, 'pd_before': 0.32153268695312703, 'pd_after': 0.2716426856550707, 'delta': -0.04989000129805632}"
0.2688112588994301,0.4171391415258014,8335.0,934.6177009111016,20000.0,0.15,36.0,8065.382299088898,credit,"[('num__duration', 1.026359776171238), ('cat__purpose_used car', -0.9813482536491334), ('num__credit_amount', 0.9588436032923394)]","{'feature': 'credit_amount', 'from': 8335, 'to': 4167.5, 'pd_before': 0.26881125889943025, 'pd_after': 0.18541474245618714, 'delta': -0.08339651644324311}"
0.3980893416121668,0.3523902048537425,6681.0,937.2292841852046,20000.0,0.15,36.0,8062.770715814796,credit,"[('num__duration', 1.3684797015616506), ('num__installment_commitment', 1.1486084009553927), ('num__credit_amount', 0.7685703795556232)]","{'feature': 'credit_amount', 'from': 6681, 'to': 3340.5, 'pd_before': 0.3980893416121668, 'pd_after': 0.3105139237738581, 'delta': -0.08757541783830869}"
0.0840041283977733,0.297987676254665,2375.0,59.45146316549612,20000.0,0.15,36.0,8940.548536834503,credit,"[('num__installment_commitment', 1.1486084009553927), ('cat__checking_status_no checking', -1.0176603432442761), ('num__duration', 0.6842398507808253)]","{'feature': 'credit_amount', 'from': 2375, 'to': 1187.5, 'pd_before': 0.08400412839777327, 'pd_after': 0.07407234843866531, 'delta': -0.009931779959107961}"
0.7922316553151724,0.295937401834981,1216.0,285.0923889140844,20000.0,0.15,36.0,8714.907611085915,cashflow,"[('num__installment_commitment', 1.1486084009553927), ('cat__other_payment_plans_none', -0.6248186604287902), ('cat__checking_status_<0', 0.5232774123312848)]","{'feature': 'credit_amount', 'from': 1216, 'to': 608.0, 'pd_before': 0.7922316553151724, 'pd_after': 0.7804836151346831, 'delta': -0.01174804018048925}"
0.9217046115075228,0.1863830570511684,11816.0,2029.8720956240488,,,,,credit,"[('num__credit_amount', 1.3592916636475443), ('num__duration', 1.2829497202140474), ('cat__personal_status_male single', -0.6625914811599087)]","{'feature': 'credit_amount', 'from': 11816, 'to': 5908.0, 'pd_before': 0.9217046115075229, 'pd_after': 0.8564472613105238, 'delta': -0.06525735019699908}"
0.1349054517724054,0.0474246478962661,5084.0,32.52663660613104,20000.0,0.15,36.0,8967.473363393869,credit,"[('num__duration', 0.6842398507808253), ('cat__other_payment_plans_none', -0.6248186604287902), ('cat__savings_status_no known savings', -0.6074598829357278)]","{'feature': 'credit_amount', 'from': 5084, 'to': 2542.0, 'pd_before': 0.1349054517724054, 'pd_after': 0.10426659502108325, 'delta': -0.03063885675132215}"
0.2693040321855768,0.4089624529892794,2327.0,256.2846979010579,20000.0,0.15,36.0,8743.715302098943,cashflow,"[('cat__other_payment_plans_none', -0.6248186604287902), ('num__installment_commitment', 0.5743042004776964), ('cat__savings_status_<100', 0.5049896871194027)]","{'feature': 'credit_amount', 'from': 2327, 'to': 1163.5, 'pd_before': 0.26930403218557686, 'pd_after': 0.24379155853826412, 'delta': -0.02551247364731274}"
0.8007850656890934,0.3923607270190532,1082.0,339.9607326256743,20000.0,0.15,36.0,8660.039267374326,credit,"[('num__installment_commitment', 1.1486084009553927), ('cat__personal_status_male single', -0.6625914811599087), ('cat__checking_status_<0', 0.5232774123312848)]","{'feature': 'credit_amount', 'from': 1082, 'to': 541.0, 'pd_before': 0.8007850656890934, 'pd_after': 0.7906706375526883, 'delta': -0.010114428136405063}"
0.0562657350055004,0.42012931305738,886.0,20.94405175252512,20000.0,0.15,36.0,8979.055948247475,credit,"[('num__installment_commitment', 1.1486084009553927), ('cat__checking_status_no checking', -1.0176603432442761), ('cat__other_payment_plans_none', -0.6248186604287902)]","{'feature': 'credit_amount', 'from': 886, 'to': 443.0, 'pd_before': 0.05626573500550043, 'pd_after': 0.05362006196879363, 'delta': -0.0026456730367067985}"
0.1768968586264776,0.0057330783297369,601.0,0.6095122916207879,20000.0,0.15,36.0,8999.390487708379,cashflow,"[('cat__checking_status_no checking', -1.0176603432442761), ('cat__other_payment_plans_none', -0.6248186604287902), ('cat__savings_status_<100', 0.5049896871194027)]","{'feature': 'credit_amount', 'from': 601, 'to': 300.5, 'pd_before': 0.17689685862647758, 'pd_after': 0.17191955238392415, 'delta': -0.0049773062425534365}"
0.1233295355114017,0.127844616041713,2957.0,46.62306960626941,20000.0,0.15,36.0,8953.37693039373,credit,"[('num__installment_commitment', 1.1486084009553927), ('cat__purpose_used car', -0.9813482536491334), ('cat__credit_history_critical/other existing credit', -0.9320508917489864)]","{'feature': 'credit_amount', 'from': 2957, 'to': 1478.5, 'pd_before': 0.12332953551140176, 'pd_after': 0.10608640087309434, 'delta': -0.017243134638307414}"
0.1472611376508112,0.2527553252446449,2611.0,97.18412693552186,20000.0,0.15,36.0,8902.815873064477,credit,"[('num__installment_commitment', 1.1486084009553927), ('cat__checking_status_no checking', -1.0176603432442761), ('cat__credit_history_critical/other existing credit', -0.9320508917489864)]","{'feature': 'credit_amount', 'from': 2611, 'to': 1305.5, 'pd_before': 0.1472611376508113, 'pd_after': 0.12938264544968453, 'delta': -0.017878492201126778}"
0.5495732639169382,0.2416613506549737,5179.0,687.8261866964714,20000.0,0.15,36.0,8312.173813303529,credit,"[('num__installment_commitment', 1.1486084009553927), ('num__duration', 1.026359776171238), ('cat__employment_4<=X<7', -0.6656808424310587)]","{'feature': 'credit_amount', 'from': 5179, 'to': 2589.5, 'pd_before': 0.5495732639169384, 'pd_after': 0.47528395466556317, 'delta': -0.07428930925137522}"
0.0965753291606056,0.3874583205564453,2993.0,111.99481212735616,20000.0,0.15,36.0,8888.005187872644,credit,"[('cat__checking_status_no checking', -1.0176603432442761), ('cat__purpose_used car', -0.9813482536491334), ('num__installment_commitment', 0.8614563007165446)]","{'feature': 'credit_amount', 'from': 2993, 'to': 1496.5, 'pd_before': 0.0965753291606056, 'pd_after': 0.08256286034382385, 'delta': -0.014012468816781753}"
0.3578188810062154,0.2120965570238047,1943.0,147.45845269518438,20000.0,0.15,36.0,8852.541547304816,cashflow,"[('num__installment_commitment', 1.1486084009553927), ('cat__checking_status_no checking', -1.0176603432442761), ('cat__other_payment_plans_none', -0.6248186604287902)]","{'feature': 'credit_amount', 'from': 1943, 'to': 971.5, 'pd_before': 0.35781888100621545, 'pd_after': 0.33256579927320945, 'delta': -0.025253081733006}"
0.1522332787178493,0.1200348160834436,1559.0,28.48806474216292,20000.0,0.15,36.0,8971.511935257837,credit,"[('num__installment_commitment', 1.1486084009553927), ('cat__checking_status_no checking', -1.0176603432442761), ('num__duration', 0.6842398507808253)]","{'feature': 'credit_amount', 'from': 1559, 'to': 779.5, 'pd_before': 0.15223327871784934, 'pd_after': 0.14101759987878798, 'delta': -0.011215678839061355}"
0.3523974438209325,0.5475617438071155,3422.0,660.3069259907222,20000.0,0.15,36.0,8339.693074009278,credit,"[('num__installment_commitment', 1.1486084009553927), ('cat__checking_status_no checking', -1.0176603432442761), ('cat__personal_status_male single', -0.6625914811599087)]","{'feature': 'credit_amount', 'from': 3422, 'to': 1711.0, 'pd_before': 0.3523974438209325, 'pd_after': 0.3088827083404316, 'delta': -0.04351473548050094}"
0.0530297430093651,0.4431881479356844,3976.0,93.44456267314747,20000.0,0.15,36.0,8906.555437326853,credit,"[('cat__employment_4<=X<7', -0.6656808424310587), ('cat__personal_status_male single', -0.6625914811599087), ('cat__other_payment_plans_none', -0.6248186604287902)]","{'feature': 'credit_amount', 'from': 3976, 'to': 1988.0, 'pd_before': 0.05302974300936514, 'pd_after': 0.042651267656475755, 'delta': -0.010378475352889382}"
0.1097812749774866,0.1665013603107794,6761.0,123.58250448554648,20000.0,0.15,36.0,8876.417495514454,credit,"[('cat__checking_status_no checking', -1.0176603432442761), ('num__credit_amount', 0.7777734375356337), ('cat__personal_status_male single', -0.6625914811599087)]","{'feature': 'credit_amount', 'from': 6761, 'to': 3380.5, 'pd_before': 0.10978127497748673, 'pd_after': 0.07713940615032071, 'delta': -0.03264186882716602}"
0.3581174217631854,0.4606326671302714,1249.0,206.0357683326079,20000.0,0.15,36.0,8793.964231667393,cashflow,"[('num__installment_commitment', 1.1486084009553927), ('cat__checking_status_no checking', -1.0176603432442761), ('num__duration', 0.6842398507808253)]","{'feature': 'credit_amount', 'from': 1249, 'to': 624.5, 'pd_before': 0.35811742176318573, 'pd_after': 0.3417768807862295, 'delta': -0.016340540976956253}"
0.1186092273810695,0.4047323301682273,1364.0,65.4788049651646,20000.0,0.15,36.0,8934.521195034835,credit,"[('num__installment_commitment', 0.8614563007165446), ('cat__employment_4<=X<7', -0.6656808424310587), ('cat__personal_status_male single', -0.6625914811599087)]","{'feature': 'credit_amount', 'from': 1364, 'to': 682.0, 'pd_before': 0.11860922738106963, 'pd_after': 0.11064959906985355, 'delta': -0.007959628311216077}"
0.3580270684569887,0.0556774804895575,709.0,14.133237989191947,20000.0,0.15,36.0,8985.866762010808,credit,"[('num__installment_commitment', 1.1486084009553927), ('cat__personal_status_male single', -0.6625914811599087), ('num__age', -0.5262992825922933)]","{'feature': 'credit_amount', 'from': 709, 'to': 354.5, 'pd_before': 0.3580270684569887, 'pd_after': 0.34870904233975875, 'delta': -0.009318026117229927}"
0.5003280238568627,0.1753536286168347,2235.0,196.08623756725012,20000.0,0.15,36.0,8803.91376243275,credit,"[('num__installment_commitment', 1.1486084009553927), ('cat__credit_history_critical/other existing credit', -0.9320508917489864), ('cat__foreign_worker_no', -0.8004849231861298)]","{'feature': 'credit_amount', 'from': 2235, 'to': 1117.5, 'pd_before': 0.5003280238568626, 'pd_after': 0.4682320706827402, 'delta': -0.032095953174122394}"
0.0056837786290363,0.2113471178701141,4042.0,4.855453437172384,20000.0,0.15,36.0,8995.144546562828,credit,"[('cat__checking_status_no checking', -1.0176603432442761), ('cat__purpose_used car', -0.9813482536491334), ('cat__credit_history_critical/other existing credit', -0.9320508917489864)]","{'feature': 'credit_amount', 'from': 4042, 'to': 2021.0, 'pd_before': 0.005683778629036345, 'pd_after': 0.004510029853832426, 'delta': -0.001173748775203919}"
0.0539497330070387,0.4086047981952608,1471.0,32.42690017877106,20000.0,0.15,36.0,8967.57309982123,credit,"[('num__installment_commitment', 1.1486084009553927), ('cat__checking_status_no checking', -1.0176603432442761), ('cat__credit_history_critical/other existing credit', -0.9320508917489864)]","{'feature': 'credit_amount', 'from': 1471, 'to': 735.5, 'pd_before': 0.05394973300703877, 'pd_after': 0.04979072275736122, 'delta': -0.004159010249677554}"
0.6857485702807928,0.2680936471530687,1442.0,265.1042524111488,20000.0,0.15,36.0,8734.895747588851,credit,"[('num__installment_commitment', 1.1486084009553927), ('cat__employment_4<=X<7', -0.6656808424310587), ('cat__personal_status_male single', -0.6625914811599087)]","{'feature': 'credit_amount', 'from': 1442, 'to': 721.0, 'pd_before': 0.685748570280793, 'pd_after': 0.6676055386305482, 'delta': -0.01814303165024478}"
0.4275788432537105,0.1854870094956766,10875.0,862.4997404264217,20000.0,0.15,36.0,8137.500259573579,credit,"[('num__credit_amount', 1.2510406941576715), ('num__duration', 1.026359776171238), ('cat__checking_status_no checking', -1.0176603432442761)]","{'feature': 'credit_amount', 'from': 10875, 'to': 5437.5, 'pd_before': 0.42757884325371065, 'pd_after': 0.28551719924984725, 'delta': -0.1420616440038634}"
0.2184631754189724,0.1807378162128061,1474.0,58.20023738375877,20000.0,0.15,36.0,8941.799762616241,cashflow,"[('num__installment_commitment', 1.1486084009553927), ('cat__checking_status_no checking', -1.0176603432442761), ('num__duration', 0.6842398507808253)]","{'feature': 'credit_amount', 'from': 1474, 'to': 737.0, 'pd_before': 0.21846317541897264, 'pd_after': 0.20433328722625158, 'delta': -0.014129888192721068}"
0.0256865916300848,0.3438108967164037,894.0,7.89520911112322,20000.0,0.15,36.0,8992.104790888878,credit,"[('num__installment_commitment', 1.1486084009553927), ('cat__checking_status_no checking', -1.0176603432442761), ('cat__employment_4<=X<7', -0.6656808424310587)]","{'feature': 'credit_amount', 'from': 894, 'to': 447.0, 'pd_before': 0.025686591630084868, 'pd_after': 0.024430573116621643, 'delta': -0.0012560185134632244}"
0.0743178953939645,0.1903758401888029,3343.0,47.2978731294732,20000.0,0.15,36.0,8952.702126870527,credit,"[('num__installment_commitment', 1.1486084009553927), ('cat__checking_status_no checking', -1.0176603432442761), ('cat__credit_history_critical/other existing credit', -0.9320508917489864)]","{'feature': 'credit_amount', 'from': 3343, 'to': 1671.5, 'pd_before': 0.07431789539396456, 'pd_after': 0.06212515735048633, 'delta': -0.012192738043478236}"
0.5682986886851019,0.5450890308639817,3959.0,1226.3928171868135,20000.0,0.15,36.0,7773.607182813186,credit,"[('num__installment_commitment', 0.8614563007165446), ('cat__other_payment_plans_none', -0.6248186604287902), ('cat__checking_status_<0', 0.5232774123312848)]","{'feature': 'credit_amount', 'from': 3959, 'to': 1979.5, 'pd_before': 0.5682986886851019, 'pd_after': 0.5117965691835957, 'delta': -0.05650211950150619}"
0.0333974762674541,0.4814227097653356,3577.0,57.51209170535251,20000.0,0.15,36.0,8942.487908294648,credit,"[('cat__checking_status_no checking', -1.0176603432442761), ('cat__foreign_worker_no', -0.8004849231861298), ('cat__personal_status_male single', -0.6625914811599087)]","{'feature': 'credit_amount', 'from': 3577, 'to': 1788.5, 'pd_before': 0.033397476267454144, 'pd_after': 0.027356781058070448, 'delta': -0.006040695209383697}"
0.0193591258716561,0.345379274456526,5804.0,38.806941879848594,20000.0,0.15,36.0,8961.193058120152,credit,"[('num__installment_commitment', 1.1486084009553927), ('cat__checking_status_no checking', -1.0176603432442761), ('cat__purpose_used car', -0.9813482536491334)]","{'feature': 'credit_amount', 'from': 5804, 'to': 2902.0, 'pd_before': 0.019359125871656144, 'pd_after': 0.013940982706642258, 'delta': -0.0054181431650138865}"
0.138752875325727,0.3962390962160618,2169.0,119.25013188477136,20000.0,0.15,36.0,8880.749868115228,credit,"[('num__installment_commitment', 1.1486084009553927), ('cat__checking_status_no checking', -1.0176603432442761), ('cat__other_payment_plans_none', -0.6248186604287902)]","{'feature': 'credit_amount', 'from': 2169, 'to': 1084.5, 'pd_before': 0.13875287532572705, 'pd_after': 0.12450473860025893, 'delta': -0.014248136725468125}"
0.5235660774652836,0.3219993424931282,2439.0,411.1859678443917,20000.0,0.15,36.0,8588.814032155607,cashflow,"[('num__installment_commitment', 1.1486084009553927), ('num__duration', 0.6842398507808253), ('cat__other_payment_plans_none', -0.6248186604287902)]","{'feature': 'credit_amount', 'from': 2439, 'to': 1219.5, 'pd_before': 0.5235660774652836, 'pd_after': 0.4885132936488609, 'delta': -0.035052783816422683}"
0.0906246347326619,0.4325652453904434,4526.0,177.4240308783899,20000.0,0.15,36.0,8822.57596912161,cashflow,"[('num__installment_commitment', 1.1486084009553927), ('cat__checking_status_no checking', -1.0176603432442761), ('cat__credit_history_critical/other existing credit', -0.9320508917489864)]","{'feature': 'credit_amount', 'from': 4526, 'to': 2263.0, 'pd_before': 0.09062463473266198, 'pd_after': 0.07133484156601393, 'delta': -0.019289793166648056}"
0.2070259938221731,0.2237988992123238,2210.0,102.39413885188472,20000.0,0.15,36.0,8897.605861148115,credit,"[('cat__checking_status_no checking', -1.0176603432442761), ('cat__personal_status_male single', -0.6625914811599087), ('num__installment_commitment', 0.5743042004776964)]","{'feature': 'credit_amount', 'from': 2210, 'to': 1105.0, 'pd_before': 0.2070259938221731, 'pd_after': 0.18693298968642252, 'delta': -0.020093004135750575}"
0.1344818906123008,0.6737597836713772,2221.0,201.24145523871545,20000.0,0.15,36.0,8798.758544761284,credit,"[('cat__checking_status_no checking', -1.0176603432442761), ('cat__other_payment_plans_none', -0.6248186604287902), ('num__installment_commitment', 0.5743042004776964)]","{'feature': 'credit_amount', 'from': 2221, 'to': 1110.5, 'pd_before': 0.1344818906123009, 'pd_after': 0.12029403337776988, 'delta': -0.014187857234531018}"
0.7310764172092318,0.5973881930689063,2389.0,1043.3633070739995,20000.0,0.15,36.0,7956.636692926,cashflow,"[('num__installment_commitment', 1.1486084009553927), ('cat__checking_status_<0', 0.5232774123312848), ('num__duration', 0.513179888085619)]","{'feature': 'credit_amount', 'from': 2389, 'to': 1194.5, 'pd_before': 0.7310764172092319, 'pd_after': 0.7032197722083093, 'delta': -0.027856645000922553}"
0.0652673136958166,0.0193950899410976,3331.0,4.216597711835511,20000.0,0.15,36.0,8995.783402288165,credit,"[('cat__checking_status_no checking', -1.0176603432442761), ('cat__credit_history_critical/other existing credit', -0.9320508917489864), ('cat__personal_status_male single', -0.6625914811599087)]","{'feature': 'credit_amount', 'from': 3331, 'to': 1665.5, 'pd_before': 0.0652673136958166, 'pd_after': 0.05450761591306263, 'delta': -0.010759697782753978}"
0.1250453704016803,0.1342717124136889,7409.0,124.39752500207764,20000.0,0.15,36.0,8875.602474997922,credit,"[('num__duration', 1.026359776171238), ('cat__checking_status_no checking', -1.0176603432442761), ('num__installment_commitment', 0.8614563007165446)]","{'feature': 'credit_amount', 'from': 7409, 'to': 3704.5, 'pd_before': 0.12504537040168037, 'pd_after': 0.0853598779075572, 'delta': -0.039685492494123176}"
0.6685307706485164,0.3229230693911672,652.0,140.7563735030504,20000.0,0.15,36.0,8859.24362649695,credit,"[('num__installment_commitment', 1.1486084009553927), ('cat__other_payment_plans_none', -0.6248186604287902), ('cat__checking_status_<0', 0.5232774123312848)]","{'feature': 'credit_amount', 'from': 652, 'to': 326.0, 'pd_before': 0.6685307706485164, 'pd_after': 0.6601684510525222, 'delta': -0.008362319595994205}"
0.1221700756995824,0.4158738286119622,7678.0,390.0987344303832,20000.0,0.15,36.0,8609.901265569617,credit,"[('num__duration', 1.026359776171238), ('cat__checking_status_no checking', -1.0176603432442761), ('num__credit_amount', 0.8832634896315036)]","{'feature': 'credit_amount', 'from': 7678, 'to': 3839.0, 'pd_before': 0.12217007569958245, 'pd_after': 0.08213617693525747, 'delta': -0.04003389876432498}"
0.0345741951569107,0.134856272737624,1343.0,6.261800744239317,20000.0,0.15,36.0,8993.73819925576,credit,"[('cat__credit_history_critical/other existing credit', -0.9320508917489864), ('cat__foreign_worker_no', -0.8004849231861298), ('cat__personal_status_male single', -0.6625914811599087)]","{'feature': 'credit_amount', 'from': 1343, 'to': 671.5, 'pd_before': 0.03457419515691075, 'pd_after': 0.03208642302455262, 'delta': -0.0024877721323581306}"
0.1042720651430283,0.4429156500963341,1382.0,63.825914196241584,20000.0,0.15,36.0,8936.17408580376,credit,"[('num__installment_commitment', 1.1486084009553927), ('cat__credit_history_critical/other existing credit', -0.9320508917489864), ('num__duration', 0.6842398507808253)]","{'feature': 'credit_amount', 'from': 1382, 'to': 691.0, 'pd_before': 0.10427206514302834, 'pd_after': 0.0970777151397031, 'delta': -0.007194350003325231}"
0.0946465063605551,0.1816473683822826,874.0,15.026060417293376,20000.0,0.15,36.0,8984.973939582707,cashflow,"[('num__installment_commitment', 1.1486084009553927), ('cat__checking_status_no checking', -1.0176603432442761), ('cat__other_payment_plans_none', -0.6248186604287902)]","{'feature': 'credit_amount', 'from': 874, 'to': 437.0, 'pd_before': 0.0946465063605552, 'pd_after': 0.09042569689964731, 'delta': -0.004220809460907887}"
0.4786932662853688,0.3053493329520507,3590.0,524.7455236804641,20000.0,0.15,36.0,8475.254476319536,credit,"[('cat__personal_status_male single', -0.6625914811599087), ('cat__other_payment_plans_none', -0.6248186604287902), ('num__installment_commitment', 0.5743042004776964)]","{'feature': 'credit_amount', 'from': 3590, 'to': 1795.0, 'pd_before': 0.47869326628536885, 'pd_after': 0.4275700604303667, 'delta': -0.05112320585500213}"
0.150459688899396,0.2970037239290446,1322.0,59.07633020951917,20000.0,0.15,36.0,8940.923669790482,credit,"[('num__installment_commitment', 1.1486084009553927), ('cat__credit_history_critical/other existing credit', -0.9320508917489864), ('cat__other_payment_plans_none', -0.6248186604287902)]","{'feature': 'credit_amount', 'from': 1322, 'to': 661.0, 'pd_before': 0.1504596888993961, 'pd_after': 0.14099619361060536, 'delta': -0.00946349528879073}"
0.7045869006479203,0.1520091537590963,1940.0,207.7810975234356,20000.0,0.15,36.0,8792.218902476565,cashflow,"[('num__installment_commitment', 0.8614563007165446), ('cat__personal_status_male single', -0.6625914811599087), ('cat__housing_for free', -0.6370784452339096)]","{'feature': 'credit_amount', 'from': 1940, 'to': 970.0, 'pd_before': 0.7045869006479204, 'pd_after': 0.6808432806240007, 'delta': -0.02374362002391972}"
0.2344159962610983,0.3300118495915785,3595.0,278.1094031174195,20000.0,0.15,36.0,8721.89059688258,credit,"[('num__installment_commitment', 1.1486084009553927), ('num__duration', 1.026359776171238), ('cat__checking_status_no checking', -1.0176603432442761)]","{'feature': 'credit_amount', 'from': 3595, 'to': 1797.5, 'pd_before': 0.23441599626109835, 'pd_after': 0.1993562196749366, 'delta': -0.035059776586161745}"
0.4698155934654477,0.1816043956910079,1422.0,121.325860405132,20000.0,0.15,36.0,8878.674139594868,cashflow,"[('num__installment_commitment', 0.8614563007165446), ('cat__personal_status_male single', -0.6625914811599087), ('cat__housing_for free', -0.6370784452339096)]","{'feature': 'credit_amount', 'from': 1422, 'to': 711.0, 'pd_before': 0.46981559346544777, 'pd_after': 0.44950353975887475, 'delta': -0.02031205370657302}"
0.0193757034771129,0.1174589559992288,6742.0,15.343780040445749,20000.0,0.15,36.0,8984.656219959554,credit,"[('cat__checking_status_no checking', -1.0176603432442761), ('cat__credit_history_critical/other existing credit', -0.9320508917489864), ('num__duration', 0.8552998134760316)]","{'feature': 'credit_amount', 'from': 6742, 'to': 3371.0, 'pd_before': 0.01937570347711295, 'pd_after': 0.013229825405339004, 'delta': -0.006145878071773947}"
0.0433886119788223,0.0392331868955543,7814.0,13.301565307970472,20000.0,0.15,36.0,8986.698434692029,credit,"[('cat__checking_status_no checking', -1.0176603432442761), ('cat__purpose_used car', -0.9813482536491334), ('num__credit_amount', 0.8989086881975213)]","{'feature': 'credit_amount', 'from': 7814, 'to': 3907.0, 'pd_before': 0.0433886119788223, 'pd_after': 0.028122642943141603, 'delta': -0.015265969035680699}"
0.0755073961857272,0.4090559561081838,9277.0,286.53638104870646,20000.0,0.15,36.0,8713.463618951293,credit,"[('num__credit_amount', 1.0672096110069624), ('cat__checking_status_no checking', -1.0176603432442761), ('cat__purpose_used car', -0.9813482536491334)]","{'feature': 'credit_amount', 'from': 9277, 'to': 4638.5, 'pd_before': 0.0755073961857272, 'pd_after': 0.04571136421965398, 'delta': -0.029796031966073222}"
0.1583844280949676,0.3198706950305542,2181.0,110.4949934080208,20000.0,0.15,36.0,8889.505006591979,credit,"[('num__installment_commitment', 1.1486084009553927), ('cat__credit_history_critical/other existing credit', -0.9320508917489864), ('num__duration', 0.8552998134760316)]","{'feature': 'credit_amount', 'from': 2181, 'to': 1090.5, 'pd_before': 0.15838442809496772, 'pd_after': 0.14236952464372205, 'delta': -0.016014903451245677}"
0.109722608173283,0.3050518978664666,1098.0,36.75125666860631,20000.0,0.15,36.0,8963.248743331395,cashflow,"[('num__installment_commitment', 1.1486084009553927), ('cat__checking_status_no checking', -1.0176603432442761), ('cat__credit_history_critical/other existing credit', -0.9320508917489864)]","{'feature': 'credit_amount', 'from': 1098, 'to': 549.0, 'pd_before': 0.10972260817328308, 'pd_after': 0.103703664402924, 'delta': -0.006018943770359081}"
0.398812532444712,0.1292742593366579,4057.0,209.1634820843882,20000.0,0.15,36.0,8790.836517915612,credit,"[('num__installment_commitment', 0.8614563007165446), ('num__duration', 0.6842398507808253), ('cat__employment_4<=X<7', -0.6656808424310587)]","{'feature': 'credit_amount', 'from': 4057, 'to': 2028.5, 'pd_before': 0.39881253244471204, 'pd_after': 0.3443947360837141, 'delta': -0.054417796360997917}"
0.756664016985532,0.2107112304542136,795.0,126.75289681726234,20000.0,0.15,36.0,8873.247103182737,cashflow,"[('num__installment_commitment', 1.1486084009553927), ('cat__purpose_education', 0.8570681585031974), ('cat__other_payment_plans_none', -0.6248186604287902)]","{'feature': 'credit_amount', 'from': 795, 'to': 397.5, 'pd_before': 0.756664016985532, 'pd_after': 0.7481459810837329, 'delta': -0.008518035901799115}"
0.1042754569500601,0.3272065313518545,2825.0,96.38789987086868,20000.0,0.15,36.0,8903.612100129132,credit,"[('num__installment_commitment', 1.1486084009553927), ('cat__credit_history_critical/other existing credit', -0.9320508917489864), ('num__duration', 0.6842398507808253)]","{'feature': 'credit_amount', 'from': 2825, 'to': 1412.5, 'pd_before': 0.10427545695006014, 'pd_after': 0.09004477025467524, 'delta': -0.014230686695384909}"
0.6791190713231559,0.1891132104578652,15672.0,2012.7610385589387,,,,,credit,"[('num__credit_amount', 1.8028790582840484), ('num__duration', 1.3684797015616506), ('cat__personal_status_male single', -0.6625914811599087)]","{'feature': 'credit_amount', 'from': 15672, 'to': 7836.0, 'pd_before': 0.6791190713231559, 'pd_after': 0.4621442897583865, 'delta': -0.21697478156476935}"
0.2245303615373276,0.5316399327434104,6614.0,789.5085919115777,20000.0,0.15,36.0,8210.491408088423,credit,"[('num__installment_commitment', 1.1486084009553927), ('num__duration', 1.026359776171238), ('cat__checking_status_no checking', -1.0176603432442761)]","{'feature': 'credit_amount', 'from': 6614, 'to': 3307.0, 'pd_before': 0.22453036153732758, 'pd_after': 0.16522013744050548, 'delta': -0.0593102240968221}"
0.1477273749305883,0.3942413863745236,7824.0,455.67167764756726,20000.0,0.15,36.0,8544.328322352432,cashflow,"[('cat__checking_status_no checking', -1.0176603432442761), ('cat__purpose_used car', -0.9813482536491334), ('num__credit_amount', 0.9000590704450226)]","{'feature': 'credit_amount', 'from': 7824, 'to': 3912.0, 'pd_before': 0.1477273749305884, 'pd_after': 0.09952016542670789, 'delta': -0.04820720950388052}"
0.4898424056275386,0.2708659382625261,2442.0,324.0085228802279,20000.0,0.15,36.0,8675.991477119773,credit,"[('num__installment_commitment', 1.1486084009553927), ('cat__credit_history_critical/other existing credit', -0.9320508917489864), ('num__duration', 0.7697698321284284)]","{'feature': 'credit_amount', 'from': 2442, 'to': 1221.0, 'pd_before': 0.48984240562753883, 'pd_after': 0.454848921643296, 'delta': -0.034993483984242846}"
0.0434573079190924,0.3230578781798187,1829.0,25.67774378289296,20000.0,0.15,36.0,8974.322256217107,credit,"[('num__installment_commitment', 1.1486084009553927), ('cat__checking_status_no checking', -1.0176603432442761), ('cat__credit_history_critical/other existing credit', -0.9320508917489864)]","{'feature': 'credit_amount', 'from': 1829, 'to': 914.5, 'pd_before': 0.0434573079190924, 'pd_after': 0.03928825283058302, 'delta': -0.004169055088509378}"
0.3216252683035504,0.4513102252129496,2171.0,315.12666860305626,20000.0,0.15,36.0,8684.873331396944,credit,"[('num__installment_commitment', 1.1486084009553927), ('cat__credit_history_critical/other existing credit', -0.9320508917489864), ('cat__foreign_worker_no', -0.8004849231861298)]","{'feature': 'credit_amount', 'from': 2171, 'to': 1085.5, 'pd_before': 0.3216252683035505, 'pd_after': 0.29500742922209444, 'delta': -0.02661783908145604}"
0.1324758905083621,0.5685185601117889,5800.0,436.82701462377815,20000.0,0.15,36.0,8563.172985376223,credit,"[('num__duration', 1.026359776171238), ('cat__purpose_used car', -0.9813482536491334), ('cat__credit_history_critical/other existing credit', -0.9320508917489864)]","{'feature': 'credit_amount', 'from': 5800, 'to': 2900.0, 'pd_before': 0.13247589050836217, 'pd_after': 0.09860216544209405, 'delta': -0.03387372506626812}"
0.0150525598759818,0.5357500134321826,1169.0,9.427294303067058,20000.0,0.15,36.0,8990.572705696934,credit,"[('num__installment_commitment', 1.1486084009553927), ('cat__checking_status_no checking', -1.0176603432442761), ('cat__credit_history_critical/other existing credit', -0.9320508917489864)]","{'feature': 'credit_amount', 'from': 1169, 'to': 584.5, 'pd_before': 0.01505255987598183, 'pd_after': 0.014087495489243774, 'delta': -0.0009650643867380564}"
0.0493955781985064,0.1137451549564204,8947.0,50.26878835925328,20000.0,0.15,36.0,8949.731211640747,credit,"[('num__credit_amount', 1.0292469968394193), ('num__duration', 1.026359776171238), ('cat__checking_status_no checking', -1.0176603432442761)]","{'feature': 'credit_amount', 'from': 8947, 'to': 4473.5, 'pd_before': 0.04939557819850649, 'pd_after': 0.030123574256278814, 'delta': -0.019272003942227677}"
0.6688721956650444,0.1574316842818725,2606.0,274.4161685234388,20000.0,0.15,36.0,8725.58383147656,cashflow,"[('num__installment_commitment', 1.1486084009553927), ('cat__other_payment_plans_none', -0.6248186604287902), ('num__duration', 0.5987098694332221)]","{'feature': 'credit_amount', 'from': 2606, 'to': 1303.0, 'pd_before': 0.6688721956650445, 'pd_after': 0.6348762545656296, 'delta': -0.03399594109941495}"
0.006164521955502,0.1097281080067314,1592.0,1.07686275886157,20000.0,0.15,36.0,8998.923137241138,credit,"[('cat__checking_status_no checking', -1.0176603432442761), ('cat__credit_history_critical/other existing credit', -0.9320508917489864), ('num__installment_commitment', 0.8614563007165446)]","{'feature': 'credit_amount', 'from': 1592, 'to': 796.0, 'pd_before': 0.006164521955502058, 'pd_after': 0.005628143995151567, 'delta': -0.0005363779603504912}"
0.071706489696121,0.3958714782035534,2186.0,62.05300720312182,20000.0,0.15,36.0,8937.946992796878,credit,"[('cat__checking_status_no checking', -1.0176603432442761), ('cat__employment_4<=X<7', -0.6656808424310587), ('cat__savings_status_no known savings', -0.6074598829357278)]","{'feature': 'credit_amount', 'from': 2186, 'to': 1093.0, 'pd_before': 0.0717064896961211, 'pd_after': 0.06377446731350644, 'delta': -0.007932022382614659}"
0.4310925139143474,0.4881638927590539,4153.0,873.9731002858101,20000.0,0.15,36.0,8126.02689971419,credit,"[('cat__personal_status_male single', -0.6625914811599087), ('cat__other_payment_plans_none', -0.6248186604287902), ('num__installment_commitment', 0.5743042004776964)]","{'feature': 'credit_amount', 'from': 4153, 'to': 2076.5, 'pd_before': 0.43109251391434744, 'pd_after': 0.37372438003816344, 'delta': -0.057368133876184}"
0.3613032825051559,0.1872985112458412,2625.0,177.63786316880967,20000.0,0.15,36.0,8822.36213683119,credit,"[('cat__credit_history_critical/other existing credit', -0.9320508917489864), ('cat__personal_status_male single', -0.6625914811599087), ('cat__other_parties_guarantor', -0.6376122101131426)]","{'feature': 'credit_amount', 'from': 2625, 'to': 1312.5, 'pd_before': 0.3613032825051559, 'pd_after': 0.32723892992106374, 'delta': -0.034064352584092183}"
0.0698053702994259,0.2136583905901419,3485.0,51.97704320844401,20000.0,0.15,36.0,8948.022956791556,cashflow,"[('cat__checking_status_no checking', -1.0176603432442761), ('cat__credit_history_critical/other existing credit', -0.9320508917489864), ('cat__other_payment_plans_none', -0.6248186604287902)]","{'feature': 'credit_amount', 'from': 3485, 'to': 1742.5, 'pd_before': 0.06980537029942602, 'pd_after': 0.05785948644319142, 'delta': -0.011945883856234595}"
0.0417714049344785,0.181913249490653,10477.0,79.61233432174865,20000.0,0.15,36.0,8920.387665678252,credit,"[('num__credit_amount', 1.2052554807071194), ('num__duration', 1.026359776171238), ('cat__checking_status_no checking', -1.0176603432442761)]","{'feature': 'credit_amount', 'from': 10477, 'to': 5238.5, 'pd_before': 0.04177140493447856, 'pd_after': 0.02330510014004006, 'delta': -0.0184663047944385}"
0.0487463222202767,0.1180241423914523,1386.0,7.973994624452783,20000.0,0.15,36.0,8992.026005375546,credit,"[('num__installment_commitment', 1.1486084009553927), ('cat__checking_status_no checking', -1.0176603432442761), ('cat__other_payment_plans_none', -0.6248186604287902)]","{'feature': 'credit_amount', 'from': 1386, 'to': 693.0, 'pd_before': 0.04874632222027673, 'pd_after': 0.04517981958465879, 'delta': -0.0035665026356179394}"
0.0740101697388857,0.6666911149449901,1278.0,63.0589770578607,20000.0,0.15,36.0,8936.94102294214,credit,"[('num__installment_commitment', 1.1486084009553927), ('cat__checking_status_no checking', -1.0176603432442761), ('num__duration', 0.6842398507808253)]","{'feature': 'credit_amount', 'from': 1278, 'to': 639.0, 'pd_before': 0.07401016973888579, 'pd_after': 0.06912746961008041, 'delta': -0.004882700128805373}"
0.2460618216592182,0.2529554795004154,1107.0,68.90265349560046,20000.0,0.15,36.0,8931.097346504399,credit,"[('cat__personal_status_male single', -0.6625914811599087), ('cat__other_payment_plans_none', -0.6248186604287902), ('num__installment_commitment', 0.5743042004776964)]","{'feature': 'credit_amount', 'from': 1107, 'to': 553.5, 'pd_before': 0.24606182165921825, 'pd_after': 0.2344411992777022, 'delta': -0.011620622381516038}"
0.0947707914992651,0.3861467523376394,3763.0,137.70861571075878,20000.0,0.15,36.0,8862.291384289241,credit,"[('cat__foreign_worker_no', -0.8004849231861298), ('cat__employment_4<=X<7', -0.6656808424310587), ('cat__personal_status_male single', -0.6625914811599087)]","{'feature': 'credit_amount', 'from': 3763, 'to': 1881.5, 'pd_before': 0.09477079149926515, 'pd_after': 0.07776050112712204, 'delta': -0.017010290372143105}"
0.4378588793591085,0.6360197808691825,3711.0,1033.46491744946,20000.0,0.15,36.0,7966.53508255054,credit,"[('num__duration', 1.026359776171238), ('cat__purpose_education', 0.8570681585031974), ('cat__other_payment_plans_none', -0.6248186604287902)]","{'feature': 'credit_amount', 'from': 3711, 'to': 1855.5, 'pd_before': 0.43785887935910855, 'pd_after': 0.3862009692176066, 'delta': -0.05165791014150195}"
0.0825118454845851,0.588753628865732,3594.0,174.59345954172818,20000.0,0.15,36.0,8825.406540458273,cashflow,"[('cat__checking_status_no checking', -1.0176603432442761), ('cat__purpose_used car', -0.9813482536491334), ('cat__other_payment_plans_none', -0.6248186604287902)]","{'feature': 'credit_amount', 'from': 3594, 'to': 1797.0, 'pd_before': 0.08251184548458512, 'pd_after': 0.06815248977436782, 'delta': -0.014359355710217306}"
0.1274556452197839,0.0925407595258645,3195.0,37.6845208753209,20000.0,0.15,36.0,8962.31547912468,credit,"[('cat__other_payment_plans_none', -0.6248186604287902), ('cat__savings_status_no known savings', -0.6074598829357278), ('cat__property_magnitude_real estate', -0.4704380927634033)]","{'feature': 'credit_amount', 'from': 3195, 'to': 1597.5, 'pd_before': 0.12745564521978398, 'pd_after': 0.10837785792837233, 'delta': -0.019077787291411644}"
0.3193840864656306,0.2485411286985488,4454.0,353.5588822817804,20000.0,0.15,36.0,8646.44111771822,credit,"[('num__installment_commitment', 1.1486084009553927), ('num__duration', 1.026359776171238), ('cat__checking_status_no checking', -1.0176603432442761)]","{'feature': 'credit_amount', 'from': 4454, 'to': 2227.0, 'pd_before': 0.3193840864656307, 'pd_after': 0.26643344421259585, 'delta': -0.05295064225303486}"
0.5713751584760055,0.3372472939297104,4736.0,912.6022224055828,20000.0,0.15,36.0,8087.397777594417,cashflow,"[('cat__credit_history_critical/other existing credit', -0.9320508917489864), ('num__duration', 0.6842398507808253), ('num__installment_commitment', 0.5743042004776964)]","{'feature': 'credit_amount', 'from': 4736, 'to': 2368.0, 'pd_before': 0.5713751584760055, 'pd_after': 0.5037632931223641, 'delta': -0.06761186535364139}"
0.1938227677452626,0.5433630361092776,2991.0,315.0005374995653,20000.0,0.15,36.0,8684.999462500435,credit,"[('num__duration', 0.8552998134760316), ('cat__other_payment_plans_none', -0.6248186604287902), ('cat__savings_status_no known savings', -0.6074598829357278)]","{'feature': 'credit_amount', 'from': 2991, 'to': 1495.5, 'pd_before': 0.19382276774526266, 'pd_after': 0.16834544029168605, 'delta': -0.025477327453576615}"
0.0321819766012563,0.2941492475290517,2142.0,20.276823599092708,20000.0,0.15,36.0,8979.723176400907,credit,"[('cat__checking_status_no checking', -1.0176603432442761), ('cat__other_payment_plans_none', -0.6248186604287902), ('cat__savings_status_>=1000', -0.5917619242751514)]","{'feature': 'credit_amount', 'from': 2142, 'to': 1071.0, 'pd_before': 0.03218197660125634, 'pd_after': 0.02855802789618377, 'delta': -0.003623948705072568}"
0.5928934189931514,0.1144219544875706,3161.0,214.4423152444898,20000.0,0.15,36.0,8785.55768475551,credit,"[('num__installment_commitment', 1.1486084009553927), ('num__duration', 0.6842398507808253), ('cat__personal_status_male single', -0.6625914811599087)]","{'feature': 'credit_amount', 'from': 3161, 'to': 1580.5, 'pd_before': 0.5928934189931514, 'pd_after': 0.548378602400345, 'delta': -0.04451481659280643}"
0.8241316217271305,0.2386962524990934,18424.0,3624.3163970818377,,,,,credit,"[('num__credit_amount', 2.119464252796408), ('num__duration', 1.3684797015616506), ('cat__foreign_worker_no', -0.8004849231861298)]","{'feature': 'credit_amount', 'from': 18424, 'to': 9212.0, 'pd_before': 0.8241316217271305, 'pd_after': 0.6188953677523061, 'delta': -0.20523625397482437}"
0.0281556910464783,0.0198300253446453,2848.0,1.5901183349517642,20000.0,0.15,36.0,8998.409881665048,credit,"[('cat__checking_status_no checking', -1.0176603432442761), ('cat__purpose_used car', -0.9813482536491334), ('cat__personal_status_male single', -0.6625914811599087)]","{'feature': 'credit_amount', 'from': 2848, 'to': 1424.0, 'pd_before': 0.028155691046478314, 'pd_after': 0.0240034719424426, 'delta': -0.004152219104035713}"
0.7813886775570971,0.3482087575010623,14896.0,4052.9987244874183,,,,,credit,"[('num__credit_amount', 1.713609395877947), ('cat__personal_status_male single', -0.6625914811599087), ('num__age', -0.6278658108118587)]","{'feature': 'credit_amount', 'from': 14896, 'to': 7448.0, 'pd_before': 0.7813886775570971, 'pd_after': 0.6027585991437506, 'delta': -0.17863007841334644}"
0.553764713043324,0.3992984099604405,2359.0,521.615874439131,20000.0,0.15,36.0,8478.38412556087,cashflow,"[('num__duration', 0.6842398507808253), ('cat__other_payment_plans_none', -0.6248186604287902), ('cat__checking_status_<0', 0.5232774123312848)]","{'feature': 'credit_amount', 'from': 2359, 'to': 1179.5, 'pd_before': 0.553764713043324, 'pd_after': 0.5200407433041458, 'delta': -0.03372396973917813}"
0.5498875510286556,0.2648928609659287,3345.0,487.2370036821136,20000.0,0.15,36.0,8512.762996317886,credit,"[('num__installment_commitment', 1.1486084009553927), ('num__duration', 0.6842398507808253), ('cat__personal_status_male single', -0.6625914811599087)]","{'feature': 'credit_amount', 'from': 3345, 'to': 1672.5, 'pd_before': 0.5498875510286555, 'pd_after': 0.5019537239572986, 'delta': -0.04793382707135685}"
0.2371937180089653,0.4768919184591067,1817.0,205.5313490528106,20000.0,0.15,36.0,8794.46865094719,credit,"[('num__installment_commitment', 1.1486084009553927), ('cat__checking_status_no checking', -1.0176603432442761), ('cat__credit_history_critical/other existing credit', -0.9320508917489864)]","{'feature': 'credit_amount', 'from': 1817, 'to': 908.5, 'pd_before': 0.2371937180089655, 'pd_after': 0.21880580728042628, 'delta': -0.01838791072853921}"
0.1767605241039698,0.1309323474894111,12749.0,295.0586534756263,20000.0,0.15,36.0,8704.941346524374,credit,"[('num__credit_amount', 1.4666223273394163), ('num__duration', 1.3684797015616506), ('num__installment_commitment', 1.1486084009553927)]","{'feature': 'credit_amount', 'from': 12749, 'to': 6374.5, 'pd_before': 0.17676052410396986, 'pd_after': 0.09348873952231297, 'delta': -0.08327178458165689}"
0.6112063908958052,0.3702358356139075,1366.0,309.1128351107771,20000.0,0.15,36.0,8690.887164889224,cashflow,"[('num__installment_commitment', 0.8614563007165446), ('cat__other_payment_plans_none', -0.6248186604287902), ('cat__checking_status_<0', 0.5232774123312848)]","{'feature': 'credit_amount', 'from': 1366, 'to': 683.0, 'pd_before': 0.6112063908958052, 'pd_after': 0.5923804826050136, 'delta': -0.01882590829079156}"
0.340278054374992,0.19323605400053,2002.0,131.6394849577833,20000.0,0.15,36.0,8868.360515042217,credit,"[('num__installment_commitment', 0.8614563007165446), ('cat__employment_4<=X<7', -0.6656808424310587), ('cat__personal_status_male single', -0.6625914811599087)]","{'feature': 'credit_amount', 'from': 2002, 'to': 1001.0, 'pd_before': 0.340278054374992, 'pd_after': 0.31492180300929273, 'delta': -0.025356251365699245}"
0.8624983291435123,0.185522025134874,6872.0,1099.6054649896837,20000.0,0.15,36.0,7900.394535010317,cashflow,"[('num__credit_amount', 0.7905426804828982), ('num__duration', 0.6842398507808253), ('num__installment_commitment', 0.5743042004776964)]","{'feature': 'credit_amount', 'from': 6872, 'to': 3436.0, 'pd_before': 0.8624983291435123, 'pd_after': 0.808597976353604, 'delta': -0.053900352789908346}"
0.7392491862763975,0.1754222283898584,697.0,90.38747549562063,20000.0,0.15,36.0,8909.612524504379,cashflow,"[('num__installment_commitment', 1.1486084009553927), ('cat__personal_status_male single', -0.6625914811599087), ('cat__checking_status_<0', 0.5232774123312848)]","{'feature': 'credit_amount', 'from': 697, 'to': 348.5, 'pd_before': 0.7392491862763975, 'pd_after': 0.7314475000188981, 'delta': -0.0078016862574993295}"
0.6074699348806957,0.3681077655997122,1049.0,234.57150601743444,20000.0,0.15,36.0,8765.428493982565,cashflow,"[('num__installment_commitment', 1.1486084009553927), ('cat__credit_history_critical/other existing credit', -0.9320508917489864), ('cat__other_payment_plans_none', -0.6248186604287902)]","{'feature': 'credit_amount', 'from': 1049, 'to': 524.5, 'pd_before': 0.6074699348806957, 'pd_after': 0.5929929497141546, 'delta': -0.014476985166541056}"
0.7697411179337666,0.3035094313269627,10297.0,2405.6231253555784,,,,,credit,"[('num__duration', 1.3684797015616506), ('num__credit_amount', 1.1845486002520957), ('num__installment_commitment', 1.1486084009553927)]","{'feature': 'credit_amount', 'from': 10297, 'to': 5148.5, 'pd_before': 0.7697411179337666, 'pd_after': 0.6489838726484028, 'delta': -0.1207572452853638}"
0.0360520489504513,0.2832839462024958,1867.0,19.067608820254677,20000.0,0.15,36.0,8980.932391179746,credit,"[('num__installment_commitment', 1.1486084009553927), ('cat__checking_status_no checking', -1.0176603432442761), ('num__duration', 0.8552998134760316)]","{'feature': 'credit_amount', 'from': 1867, 'to': 933.5, 'pd_before': 0.03605204895045133, 'pd_after': 0.03250042608956851, 'delta': -0.0035516228608828207}"
0.5337150060566096,0.4035650621715543,1344.0,289.4824525839149,20000.0,0.15,36.0,8710.517547416086,credit,"[('num__installment_commitment', 1.1486084009553927), ('cat__personal_status_male single', -0.6625914811599087), ('cat__other_payment_plans_none', -0.6248186604287902)]","{'feature': 'credit_amount', 'from': 1344, 'to': 672.0, 'pd_before': 0.5337150060566097, 'pd_after': 0.5144358095954887, 'delta': -0.019279196461120973}"
0.4609440136622545,0.2400491681024439,1747.0,193.3041996064308,20000.0,0.15,36.0,8806.695800393569,cashflow,"[('num__installment_commitment', 1.1486084009553927), ('cat__foreign_worker_no', -0.8004849231861298), ('num__duration', 0.6842398507808253)]","{'feature': 'credit_amount', 'from': 1747, 'to': 873.5, 'pd_before': 0.46094401366225457, 'pd_after': 0.43609425061601725, 'delta': -0.024849763046237316}"
0.3675617486901571,0.2458348666346274,1670.0,150.90035409362278,20000.0,0.15,36.0,8849.099645906377,cashflow,"[('num__installment_commitment', 1.1486084009553927), ('cat__other_payment_plans_none', -0.6248186604287902), ('cat__savings_status_<100', 0.5049896871194027)]","{'feature': 'credit_amount', 'from': 1670, 'to': 835.0, 'pd_before': 0.3675617486901571, 'pd_after': 0.34552957004996676, 'delta': -0.02203217864019036}"
0.0600916011067858,0.55108838852732,1224.0,40.53371914838932,20000.0,0.15,36.0,8959.466280851611,credit,"[('cat__checking_status_no checking', -1.0176603432442761), ('cat__credit_history_critical/other existing credit', -0.9320508917489864), ('num__installment_commitment', 0.8614563007165446)]","{'feature': 'credit_amount', 'from': 1224, 'to': 612.0, 'pd_before': 0.06009160110678588, 'pd_after': 0.05623617412022619, 'delta': -0.00385542698655969}"
0.0251461421659495,0.1232804301145221,522.0,1.6182142098522552,20000.0,0.15,36.0,8998.381785790149,credit,"[('num__installment_commitment', 1.1486084009553927), ('cat__checking_status_no checking', -1.0176603432442761), ('cat__credit_history_critical/other existing credit', -0.9320508917489864)]","{'feature': 'credit_amount', 'from': 522, 'to': 261.0, 'pd_before': 0.02514614216594961, 'pd_after': 0.024420515596981995, 'delta': -0.0007256265689676161}"
0.6591668521177967,0.1521129355553741,1498.0,150.20117173485696,20000.0,0.15,36.0,8849.798828265142,credit,"[('num__installment_commitment', 1.1486084009553927), ('cat__checking_status_<0', 0.5232774123312848), ('cat__savings_status_<100', 0.5049896871194027)]","{'feature': 'credit_amount', 'from': 1498, 'to': 749.0, 'pd_before': 0.6591668521177967, 'pd_after': 0.6395519487809527, 'delta': -0.019614903336844014}"
0.6644569108444668,0.5364367950795209,1919.0,684.00670145022,20000.0,0.15,36.0,8315.99329854978,cashflow,"[('num__installment_commitment', 1.1486084009553927), ('num__duration', 0.8552998134760316), ('cat__personal_status_male single', -0.6625914811599087)]","{'feature': 'credit_amount', 'from': 1919, 'to': 959.5, 'pd_before': 0.6644569108444667, 'pd_after': 0.6394183410487276, 'delta': -0.02503856979573904}"
0.1825804536052691,0.4367646792331663,745.0,59.40979647359778,20000.0,0.15,36.0,8940.590203526403,credit,"[('num__installment_commitment', 0.8614563007165446), ('cat__other_payment_plans_none', -0.6248186604287902), ('cat__savings_status_<100', 0.5049896871194027)]","{'feature': 'credit_amount', 'from': 745, 'to': 372.5, 'pd_before': 0.18258045360526917, 'pd_after': 0.17627182820380902, 'delta': -0.006308625401460155}"
0.4120194623803646,0.2104315855930667,2063.0,178.866037779932,20000.0,0.15,36.0,8821.133962220068,cashflow,"[('num__installment_commitment', 1.1486084009553927), ('cat__other_payment_plans_none', -0.6248186604287902), ('cat__savings_status_<100', 0.5049896871194027)]","{'feature': 'credit_amount', 'from': 2063, 'to': 1031.5, 'pd_before': 0.4120194623803646, 'pd_after': 0.3836024994238133, 'delta': -0.028416962956551273}"
0.8967061778926433,0.1776848148372529,6288.0,1001.873775594146,20000.0,0.15,36.0,7998.126224405854,credit,"[('num__duration', 1.7105996269520631), ('num__installment_commitment', 1.1486084009553927), ('cat__purpose_education', 0.8570681585031974)]","{'feature': 'credit_amount', 'from': 6288, 'to': 3144.0, 'pd_before': 0.8967061778926434, 'pd_after': 0.8580844671798532, 'delta': -0.03862171071279019}"
0.0100260170213686,0.1853410985990859,6842.0,12.71403024972371,20000.0,0.15,36.0,8987.285969750277,credit,"[('cat__checking_status_no checking', -1.0176603432442761), ('cat__purpose_used car', -0.9813482536491334), ('cat__credit_history_critical/other existing credit', -0.9320508917489864)]","{'feature': 'credit_amount', 'from': 6842, 'to': 3421.0, 'pd_before': 0.010026017021368693, 'pd_after': 0.006786292990253125, 'delta': -0.003239724031115568}"
0.049440586949496,0.4563964964404994,3527.0,79.5850291179658,20000.0,0.15,36.0,8920.414970882035,cashflow,"[('cat__checking_status_no checking', -1.0176603432442761), ('cat__personal_status_male single', -0.6625914811599087), ('cat__other_payment_plans_none', -0.6248186604287902)]","{'feature': 'credit_amount', 'from': 3527, 'to': 1763.5, 'pd_before': 0.04944058694949606, 'pd_after': 0.040732296090018806, 'delta': -0.008708290859477254}"
0.0596337788300296,0.2337867289787179,1546.0,21.553692094077807,20000.0,0.15,36.0,8978.446307905922,credit,"[('cat__checking_status_no checking', -1.0176603432442761), ('num__installment_commitment', 0.8614563007165446), ('cat__foreign_worker_no', -0.8004849231861298)]","{'feature': 'credit_amount', 'from': 1546, 'to': 773.0, 'pd_before': 0.05963377883002961, 'pd_after': 0.05483806143917958, 'delta': -0.004795717390850031}"
0.0401901166924115,0.142293848061266,929.0,5.312771106762744,20000.0,0.15,36.0,8994.687228893237,credit,"[('num__installment_commitment', 1.1486084009553927), ('cat__checking_status_no checking', -1.0176603432442761), ('num__duration', 0.6842398507808253)]","{'feature': 'credit_amount', 'from': 929, 'to': 464.5, 'pd_before': 0.04019011669241148, 'pd_after': 0.03817875640538236, 'delta': -0.0020113602870291195}"
0.0389825446163052,0.4306210070311896,1455.0,24.42465231109844,20000.0,0.15,36.0,8975.575347688902,credit,"[('cat__checking_status_no checking', -1.0176603432442761), ('cat__credit_history_critical/other existing credit', -0.9320508917489864), ('cat__employment_4<=X<7', -0.6656808424310587)]","{'feature': 'credit_amount', 'from': 1455, 'to': 727.5, 'pd_before': 0.03898254461630524, 'pd_after': 0.035965431614428355, 'delta': -0.0030171130018768824}"
0.6334248565137761,0.1166280990698022,1845.0,136.29962761511953,20000.0,0.15,36.0,8863.700372384881,cashflow,"[('num__installment_commitment', 1.1486084009553927), ('cat__other_parties_guarantor', -0.6376122101131426), ('cat__other_payment_plans_none', -0.6248186604287902)]","{'feature': 'credit_amount', 'from': 1845, 'to': 922.5, 'pd_before': 0.6334248565137761, 'pd_after': 0.6084532317318104, 'delta': -0.024971624781965684}"
0.8436189860685538,0.2235495702343372,8358.0,1576.2407511334409,20000.0,0.15,36.0,7423.75924886656,cashflow,"[('num__duration', 1.3684797015616506), ('num__credit_amount', 0.9614894824615924), ('cat__other_payment_plans_none', -0.6248186604287902)]","{'feature': 'credit_amount', 'from': 8358, 'to': 4179.0, 'pd_before': 0.8436189860685538, 'pd_after': 0.7693528736553258, 'delta': -0.074266112413228}"
0.5887133226523824,0.4873001584478451,3349.0,960.7614395242832,20000.0,0.15,36.0,8039.238560475716,cashflow,"[('num__installment_commitment', 1.1486084009553927), ('num__duration', 0.6842398507808253), ('cat__personal_status_male single', -0.6625914811599087)]","{'feature': 'credit_amount', 'from': 3349, 'to': 1674.5, 'pd_before': 0.5887133226523824, 'pd_after': 0.5414092732621527, 'delta': -0.0473040493902297}"
0.1251960514929211,0.3317653121571396,2859.0,118.75058661145192,20000.0,0.15,36.0,8881.249413388548,cashflow,"[('num__installment_commitment', 1.1486084009553927), ('cat__checking_status_no checking', -1.0176603432442761), ('cat__personal_status_male single', -0.6625914811599087)]","{'feature': 'credit_amount', 'from': 2859, 'to': 1429.5, 'pd_before': 0.12519605149292112, 'pd_after': 0.10826703262015852, 'delta': -0.016929018872762602}"
0.3975588762921719,0.6798164146743195,1533.0,414.319387501139,20000.0,0.15,36.0,8585.680612498862,cashflow,"[('num__installment_commitment', 1.1486084009553927), ('cat__checking_status_no checking', -1.0176603432442761), ('cat__other_payment_plans_none', -0.6248186604287902)]","{'feature': 'credit_amount', 'from': 1533, 'to': 766.5, 'pd_before': 0.3975588762921719, 'pd_after': 0.37664250669252636, 'delta': -0.020916369599645546}"
0.0937161507372242,0.2516193933947072,3621.0,85.38608042022986,20000.0,0.15,36.0,8914.61391957977,credit,"[('cat__checking_status_no checking', -1.0176603432442761), ('num__duration', 0.6842398507808253), ('cat__personal_status_male single', -0.6625914811599087)]","{'feature': 'credit_amount', 'from': 3621, 'to': 1810.5, 'pd_before': 0.09371615073722431, 'pd_after': 0.07746073889049679, 'delta': -0.01625541184672752}"
0.335303014143076,0.2387166431948093,3590.0,287.3522518617191,20000.0,0.15,36.0,8712.64774813828,cashflow,"[('cat__credit_history_critical/other existing credit', -0.9320508917489864), ('num__installment_commitment', 0.8614563007165446), ('cat__other_payment_plans_none', -0.6248186604287902)]","{'feature': 'credit_amount', 'from': 3590, 'to': 1795.0, 'pd_before': 0.3353030141430761, 'pd_after': 0.29094677510838135, 'delta': -0.04435623903469477}"
0.2703690078155626,0.2061795378284286,2145.0,119.57207492489584,20000.0,0.15,36.0,8880.427925075104,credit,"[('num__duration', 1.026359776171238), ('cat__employment_4<=X<7', -0.6656808424310587), ('cat__personal_status_male single', -0.6625914811599087)]","{'feature': 'credit_amount', 'from': 2145, 'to': 1072.5, 'pd_before': 0.2703690078155626, 'pd_after': 0.24672989169246698, 'delta': -0.023639116123095633}"
0.3681295315943668,0.3946132506252582,4113.0,597.4905378502648,20000.0,0.15,36.0,8402.509462149736,cashflow,"[('cat__purpose_used car', -0.9813482536491334), ('num__installment_commitment', 0.8614563007165446), ('num__duration', 0.6842398507808253)]","{'feature': 'credit_amount', 'from': 4113, 'to': 2056.5, 'pd_before': 0.36812953159436684, 'pd_after': 0.3150044312618844, 'delta': -0.05312510033248247}"
0.6163298624948451,0.2843289319142035,10974.0,1923.0882759106,20000.0,0.15,36.0,7076.9117240894,cashflow,"[('num__credit_amount', 1.2624294784079344), ('num__installment_commitment', 1.1486084009553927), ('num__duration', 1.026359776171238)]","{'feature': 'credit_amount', 'from': 10974, 'to': 5487.0, 'pd_before': 0.6163298624948451, 'pd_after': 0.4607768571579663, 'delta': -0.15555300533687882}"
0.451082276042582,0.3684974516119727,1893.0,314.65951277481463,20000.0,0.15,36.0,8685.340487225185,credit,"[('num__installment_commitment', 1.1486084009553927), ('cat__other_parties_guarantor', -0.6376122101131426), ('cat__other_payment_plans_none', -0.6248186604287902)]","{'feature': 'credit_amount', 'from': 1893, 'to': 946.5, 'pd_before': 0.451082276042582, 'pd_after': 0.424291071453784, 'delta': -0.026791204588798023}"
0.1682979452111533,0.1408295029719603,1231.0,29.17631996558068,20000.0,0.15,36.0,8970.823680034418,credit,"[('num__installment_commitment', 1.1486084009553927), ('cat__credit_history_critical/other existing credit', -0.9320508917489864), ('num__duration', 0.6842398507808253)]","{'feature': 'credit_amount', 'from': 1231, 'to': 615.5, 'pd_before': 0.16829794521115332, 'pd_after': 0.15861834397976876, 'delta': -0.00967960123138456}"
0.1275241054192069,0.4151718054271485,3656.0,193.56477422915987,20000.0,0.15,36.0,8806.43522577084,credit,"[('num__installment_commitment', 1.1486084009553927), ('cat__credit_history_critical/other existing credit', -0.9320508917489864), ('num__duration', 0.8552998134760316)]","{'feature': 'credit_amount', 'from': 3656, 'to': 1828.0, 'pd_before': 0.12752410541920697, 'pd_after': 0.10590027282842238, 'delta': -0.021623832590784597}"
0.0886470666082707,0.3618707774144651,1154.0,37.01891547704,20000.0,0.15,36.0,8962.98108452296,credit,"[('cat__credit_history_critical/other existing credit', -0.9320508917489864), ('cat__personal_status_male single', -0.6625914811599087), ('cat__other_payment_plans_none', -0.6248186604287902)]","{'feature': 'credit_amount', 'from': 1154, 'to': 577.0, 'pd_before': 0.0886470666082707, 'pd_after': 0.08342893985535747, 'delta': -0.005218126752913221}"
0.5905970277794986,0.2998100995025023,4006.0,709.3302163798012,20000.0,0.15,36.0,8290.669783620198,credit,"[('num__installment_commitment', 0.8614563007165446), ('num__duration', 0.7982798259109628), ('cat__personal_status_male single', -0.6625914811599087)]","{'feature': 'credit_amount', 'from': 4006, 'to': 2003.0, 'pd_before': 0.5905970277794986, 'pd_after': 0.5339507869362109, 'delta': -0.05664624084328773}"
0.4329698554485919,0.185467670107658,3069.0,246.44656276256555,20000.0,0.15,36.0,8753.553437237435,credit,"[('num__installment_commitment', 1.1486084009553927), ('num__duration', 0.6842398507808253), ('cat__personal_status_male single', -0.6625914811599087)]","{'feature': 'credit_amount', 'from': 3069, 'to': 1534.5, 'pd_before': 0.43296985544859196, 'pd_after': 0.39024784941076707, 'delta': -0.04272200603782489}"
0.0648549577487929,0.5248502072402792,1740.0,59.2281001461235,20000.0,0.15,36.0,8940.771899853877,credit,"[('cat__checking_status_no checking', -1.0176603432442761), ('cat__credit_history_critical/other existing credit', -0.9320508917489864), ('cat__other_payment_plans_none', -0.6248186604287902)]","{'feature': 'credit_amount', 'from': 1740, 'to': 870.0, 'pd_before': 0.06485495774879291, 'pd_after': 0.059042994977180366, 'delta': -0.005811962771612542}"
0.5271701827539148,0.4075778930798726,2353.0,505.5724328333683,20000.0,0.15,36.0,8494.427567166631,credit,"[('cat__other_payment_plans_none', -0.6248186604287902), ('num__duration', 0.5987098694332221), ('cat__savings_status_<100', 0.5049896871194027)]","{'feature': 'credit_amount', 'from': 2353, 'to': 1176.5, 'pd_before': 0.5271701827539148, 'pd_after': 0.4933617458421475, 'delta': -0.033808436911767326}"
0.1252074850377142,0.3227699538963616,3556.0,143.7093895995522,20000.0,0.15,36.0,8856.290610400449,credit,"[('cat__checking_status_no checking', -1.0176603432442761), ('num__installment_commitment', 0.8614563007165446), ('cat__personal_status_male single', -0.6625914811599087)]","{'feature': 'credit_amount', 'from': 3556, 'to': 1778.0, 'pd_before': 0.1252074850377143, 'pd_after': 0.10446656826211839, 'delta': -0.02074091677559592}"
0.1169499422413161,0.0902016697679325,2397.0,25.28614492642368,20000.0,0.15,36.0,8974.713855073576,credit,"[('cat__checking_status_no checking', -1.0176603432442761), ('num__installment_commitment', 0.8614563007165446), ('num__duration', 0.6842398507808253)]","{'feature': 'credit_amount', 'from': 2397, 'to': 1198.5, 'pd_before': 0.11694994224131619, 'pd_after': 0.10344596153823683, 'delta': -0.013503980703079357}"
0.4649951911877762,0.3093600152005096,454.0,65.30831741396253,20000.0,0.15,36.0,8934.691682586037,cashflow,"[('num__installment_commitment', 0.8614563007165446), ('cat__other_payment_plans_none', -0.6248186604287902), ('cat__savings_status_<100', 0.5049896871194027)]","{'feature': 'credit_amount', 'from': 454, 'to': 227.0, 'pd_before': 0.46499519118777627, 'pd_after': 0.4585050714345623, 'delta': -0.006490119753213952}"
0.2405364804933605,0.3151424066735618,1715.0,130.002565784624,20000.0,0.15,36.0,8869.997434215376,credit,"[('num__installment_commitment', 1.1486084009553927), ('num__duration', 0.8552998134760316), ('cat__other_payment_plans_none', -0.6248186604287902)]","{'feature': 'credit_amount', 'from': 1715, 'to': 857.5, 'pd_before': 0.24053648049336057, 'pd_after': 0.22297968925021844, 'delta': -0.017556791243142134}"
0.1541159800205707,0.1817805817032714,2520.0,70.59853709473094,20000.0,0.15,36.0,8929.401462905269,credit,"[('num__installment_commitment', 1.1486084009553927), ('cat__credit_history_critical/other existing credit', -0.9320508917489864), ('num__duration', 0.7697698321284284)]","{'feature': 'credit_amount', 'from': 2520, 'to': 1260.0, 'pd_before': 0.15411598002057075, 'pd_after': 0.1361519921808014, 'delta': -0.017963987839769352}"
0.3477168854207956,0.1981843482723996,3568.0,245.8781741352908,20000.0,0.15,36.0,8754.12182586471,credit,"[('num__installment_commitment', 1.1486084009553927), ('cat__checking_status_no checking', -1.0176603432442761), ('cat__savings_status_<100', 0.5049896871194027)]","{'feature': 'credit_amount', 'from': 3568, 'to': 1784.0, 'pd_before': 0.34771688542079554, 'pd_after': 0.3027327666171958, 'delta': -0.04498411880359976}"
0.0953787759239658,0.444060588284827,7166.0,303.5084440143303,20000.0,0.15,36.0,8696.49155598567,credit,"[('num__duration', 1.1974197388664443), ('cat__checking_status_no checking', -1.0176603432442761), ('num__credit_amount', 0.8243639185594366)]","{'feature': 'credit_amount', 'from': 7166, 'to': 3583.0, 'pd_before': 0.09537877592396593, 'pd_after': 0.06526286255255961, 'delta': -0.030115913371406317}"
0.2328001363422926,0.2665750118187612,3939.0,244.4492157425153,20000.0,0.15,36.0,8755.550784257484,credit,"[('cat__credit_history_critical/other existing credit', -0.9320508917489864), ('cat__personal_status_male single', -0.6625914811599087), ('cat__other_payment_plans_none', -0.6248186604287902)]","{'feature': 'credit_amount', 'from': 3939, 'to': 1969.5, 'pd_before': 0.23280013634229266, 'pd_after': 0.19479725110017282, 'delta': -0.03800288524211984}"
0.2107302489341897,0.134927444296202,1514.0,43.04800700183329,20000.0,0.15,36.0,8956.951992998167,credit,"[('num__installment_commitment', 1.1486084009553927), ('cat__personal_status_male single', -0.6625914811599087), ('cat__other_parties_guarantor', -0.6376122101131426)]","{'feature': 'credit_amount', 'from': 1514, 'to': 757.0, 'pd_before': 0.21073024893418987, 'pd_after': 0.19661078815682292, 'delta': -0.014119460777366949}"
0.2307784835843931,0.2529925478660952,7393.0,431.6420538488192,20000.0,0.15,36.0,8568.357946151182,credit,"[('cat__checking_status_no checking', -1.0176603432442761), ('num__credit_amount', 0.8504775955777163), ('num__duration', 0.6842398507808253)]","{'feature': 'credit_amount', 'from': 7393, 'to': 3696.5, 'pd_before': 0.23077848358439326, 'pd_after': 0.1639455367576007, 'delta': -0.06683294682679256}"
0.924087623774168,0.1020258488924367,1193.0,112.47702334999911,20000.0,0.15,36.0,8887.522976650002,cashflow,"[('num__duration', 0.6842398507808253), ('cat__other_payment_plans_none', -0.6248186604287902), ('cat__checking_status_<0', 0.5232774123312848)]","{'feature': 'credit_amount', 'from': 1193, 'to': 596.5, 'pd_before': 0.924087623774168, 'pd_after': 0.9191316518151014, 'delta': -0.004955971959066607}"
0.9581994132230204,0.2335703065565748,7297.0,1633.119173236399,20000.0,0.15,36.0,7366.8808267636,credit,"[('num__duration', 1.7105996269520631), ('num__installment_commitment', 1.1486084009553927), ('num__credit_amount', 0.8394339260017037)]","{'feature': 'credit_amount', 'from': 7297, 'to': 3648.5, 'pd_before': 0.9581994132230203, 'pd_after': 0.9377560542742547, 'delta': -0.02044335894876559}"
0.0994740358629943,0.7523691317255372,2831.0,211.8754201898685,20000.0,0.15,36.0,8788.124579810132,credit,"[('num__installment_commitment', 1.1486084009553927), ('cat__checking_status_no checking', -1.0176603432442761), ('cat__credit_history_critical/other existing credit', -0.9320508917489864)]","{'feature': 'credit_amount', 'from': 2831, 'to': 1415.5, 'pd_before': 0.09947403586299444, 'pd_after': 0.08580873993155279, 'delta': -0.013665295931441654}"
0.1543627125067335,0.2875756600341645,1258.0,55.84382633870515,20000.0,0.15,36.0,8944.156173661295,credit,"[('num__installment_commitment', 0.8614563007165446), ('num__duration', 0.6842398507808253), ('cat__other_payment_plans_none', -0.6248186604287902)]","{'feature': 'credit_amount', 'from': 1258, 'to': 629.0, 'pd_before': 0.15436271250673356, 'pd_after': 0.14515171986991104, 'delta': -0.009210992636822513}"
0.0842390575716061,0.3570659270153314,753.0,22.649409578575675,20000.0,0.15,36.0,8977.350590421423,credit,"[('cat__other_parties_guarantor', -0.6376122101131426), ('cat__other_payment_plans_none', -0.6248186604287902), ('num__age', -0.5909325278229258)]","{'feature': 'credit_amount', 'from': 753, 'to': 376.5, 'pd_before': 0.08423905757160614, 'pd_after': 0.08095746127914619, 'delta': -0.0032815962924599568}"
0.155208294364474,0.2810867279137377,2427.0,105.88270863257286,20000.0,0.15,36.0,8894.117291367427,credit,"[('num__installment_commitment', 1.1486084009553927), ('cat__personal_status_male single', -0.6625914811599087), ('cat__other_payment_plans_none', -0.6248186604287902)]","{'feature': 'credit_amount', 'from': 2427, 'to': 1213.5, 'pd_before': 0.15520829436447414, 'pd_after': 0.13777184092040634, 'delta': -0.0174364534440678}"
0.3478933228656915,0.1160823972928451,2538.0,102.4953303560342,20000.0,0.15,36.0,8897.504669643966,credit,"[('num__installment_commitment', 1.1486084009553927), ('cat__checking_status_no checking', -1.0176603432442761), ('num__duration', 0.6842398507808253)]","{'feature': 'credit_amount', 'from': 2538, 'to': 1269.0, 'pd_before': 0.3478933228656917, 'pd_after': 0.3155505758660982, 'delta': -0.0323427469995935}"
0.5005487305652465,0.2758436209032353,1264.0,174.5244922869313,20000.0,0.15,36.0,8825.475507713069,credit,"[('cat__other_payment_plans_none', -0.6248186604287902), ('num__installment_commitment', 0.5743042004776964), ('num__duration', 0.4276499067380158)]","{'feature': 'credit_amount', 'from': 1264, 'to': 632.0, 'pd_before': 0.5005487305652465, 'pd_after': 0.4823799905699641, 'delta': -0.0181687399952824}"
0.1721457241261771,0.2531039231891923,8386.0,365.38437773335846,20000.0,0.15,36.0,8634.615622266641,credit,"[('num__credit_amount', 0.964710552754596), ('cat__credit_history_critical/other existing credit', -0.9320508917489864), ('num__duration', 0.8552998134760316)]","{'feature': 'credit_amount', 'from': 8386, 'to': 4193.0, 'pd_before': 0.1721457241261772, 'pd_after': 0.1137646135116129, 'delta': -0.0583811106145643}"
0.5524295244028734,0.5214415763087134,4844.0,1395.3612933878949,20000.0,0.15,36.0,7604.638706612105,cashflow,"[('num__duration', 1.3684797015616506), ('cat__checking_status_no checking', -1.0176603432442761), ('num__installment_commitment', 0.8614563007165446)]","{'feature': 'credit_amount', 'from': 4844, 'to': 2422.0, 'pd_before': 0.5524295244028735, 'pd_after': 0.4829739041086938, 'delta': -0.06945562029417973}"
0.3421731548559958,0.1971316904950678,2923.0,197.16562309705216,20000.0,0.15,36.0,8802.834376902947,credit,"[('num__duration', 0.5987098694332221), ('cat__own_telephone_yes', -0.48588636629150395), ('cat__purpose_new car', 0.3676157332092113)]","{'feature': 'credit_amount', 'from': 2923, 'to': 1461.5, 'pd_before': 0.3421731548559958, 'pd_after': 0.3053916311461166, 'delta': -0.036781523709879194}"
0.4519827433865682,0.4673020878357817,8229.0,1738.0674950422176,20000.0,0.15,36.0,7261.932504957783,credit,"[('num__duration', 1.026359776171238), ('cat__purpose_used car', -0.9813482536491334), ('num__credit_amount', 0.9466495514688256)]","{'feature': 'credit_amount', 'from': 8229, 'to': 4114.5, 'pd_before': 0.4519827433865684, 'pd_after': 0.33939587650960207, 'delta': -0.11258686687696634}"
0.0404605665464446,0.1648588595425525,2028.0,13.52733363458901,20000.0,0.15,36.0,8986.472666365411,credit,"[('cat__checking_status_no checking', -1.0176603432442761), ('cat__credit_history_critical/other existing credit', -0.9320508917489864), ('num__duration', 0.6842398507808253)]","{'feature': 'credit_amount', 'from': 2028, 'to': 1014.0, 'pd_before': 0.040460566546444615, 'pd_after': 0.03616688162206747, 'delta': -0.004293684924377143}"
0.5326390073882962,0.3462789525694263,1433.0,264.3049239664627,20000.0,0.15,36.0,8735.695076033537,credit,"[('num__installment_commitment', 1.1486084009553927), ('cat__credit_history_critical/other existing credit', -0.9320508917489864), ('cat__other_payment_plans_none', -0.6248186604287902)]","{'feature': 'credit_amount', 'from': 1433, 'to': 716.5, 'pd_before': 0.5326390073882962, 'pd_after': 0.512076915518417, 'delta': -0.020562091869879118}"
0.8496974218457898,0.1078051715849849,6289.0,576.0835715117182,20000.0,0.15,36.0,8423.916428488283,cashflow,"[('num__duration', 1.1974197388664443), ('num__credit_amount', 0.723475395453572), ('cat__other_payment_plans_none', -0.6248186604287902)]","{'feature': 'credit_amount', 'from': 6289, 'to': 3144.5, 'pd_before': 0.8496974218457898, 'pd_after': 0.7974596584430974, 'delta': -0.05223776340269237}"
0.0640118282365956,0.3680081560886745,1409.0,33.19163670199526,20000.0,0.15,36.0,8966.808363298005,cashflow,"[('cat__checking_status_no checking', -1.0176603432442761), ('cat__other_payment_plans_none', -0.6248186604287902), ('num__age', -0.5909325278229258)]","{'feature': 'credit_amount', 'from': 1409, 'to': 704.5, 'pd_before': 0.06401182823659571, 'pd_after': 0.05932430322136631, 'delta': -0.004687525015229399}"
0.4597611045527556,0.1652727251493435,6579.0,499.9117010188916,20000.0,0.15,36.0,8500.088298981109,cashflow,"[('num__installment_commitment', 1.1486084009553927), ('cat__purpose_used car', -0.9813482536491334), ('num__credit_amount', 0.7568364806311099)]","{'feature': 'credit_amount', 'from': 6579, 'to': 3289.5, 'pd_before': 0.4597611045527556, 'pd_after': 0.36825209995810976, 'delta': -0.09150900459464584}"
0.205234683286606,0.0637110002260764,1743.0,22.79095721955253,20000.0,0.15,36.0,8977.209042780447,credit,"[('num__installment_commitment', 1.1486084009553927), ('cat__credit_history_critical/other existing credit', -0.9320508917489864), ('num__duration', 0.6842398507808253)]","{'feature': 'credit_amount', 'from': 1743, 'to': 871.5, 'pd_before': 0.20523468328660605, 'pd_after': 0.18936391895291663, 'delta': -0.01587076433368942}"
0.0786247982798102,0.1494063759434158,3565.0,41.8782195970074,20000.0,0.15,36.0,8958.121780402993,cashflow,"[('cat__checking_status_no checking', -1.0176603432442761), ('cat__credit_history_critical/other existing credit', -0.9320508917489864), ('cat__purpose_education', 0.8570681585031974)]","{'feature': 'credit_amount', 'from': 3565, 'to': 1782.5, 'pd_before': 0.07862479827981025, 'pd_after': 0.06499534690199196, 'delta': -0.013629451377818291}"
0.263698981015174,0.3429645254280969,1569.0,141.89941213531506,20000.0,0.15,36.0,8858.100587864685,credit,"[('num__installment_commitment', 1.1486084009553927), ('cat__checking_status_no checking', -1.0176603432442761), ('cat__personal_status_male single', -0.6625914811599087)]","{'feature': 'credit_amount', 'from': 1569, 'to': 784.5, 'pd_before': 0.26369898101517414, 'pd_after': 0.24655363349726428, 'delta': -0.01714534751790986}"
0.2058814532399842,0.2845906657609479,1936.0,113.4339955406916,20000.0,0.15,36.0,8886.566004459308,credit,"[('cat__employment_4<=X<7', -0.6656808424310587), ('cat__other_payment_plans_none', -0.6248186604287902), ('cat__savings_status_no known savings', -0.6074598829357278)]","{'feature': 'credit_amount', 'from': 1936, 'to': 968.0, 'pd_before': 0.2058814532399842, 'pd_after': 0.18827022134561977, 'delta': -0.01761123189436442}"
0.6089228698147922,0.0713392661152981,3959.0,171.97939807684426,20000.0,0.15,36.0,8828.020601923155,cashflow,"[('num__installment_commitment', 1.1486084009553927), ('num__duration', 1.026359776171238), ('cat__personal_status_male single', -0.6625914811599087)]","{'feature': 'credit_amount', 'from': 3959, 'to': 1979.5, 'pd_before': 0.6089228698147922, 'pd_after': 0.5535608660081391, 'delta': -0.055362003806653015}"
0.0495409073390898,0.3377921428904973,2390.0,39.99552490943765,20000.0,0.15,36.0,8960.004475090562,credit,"[('num__installment_commitment', 1.1486084009553927), ('cat__checking_status_no checking', -1.0176603432442761), ('cat__personal_status_male single', -0.6625914811599087)]","{'feature': 'credit_amount', 'from': 2390, 'to': 1195.0, 'pd_before': 0.049540907339089876, 'pd_after': 0.04345437034051758, 'delta': -0.006086536998572298}"
0.0904231537769997,0.262808837457445,1736.0,41.254310810968704,20000.0,0.15,36.0,8958.74568918903,credit,"[('cat__checking_status_no checking', -1.0176603432442761), ('num__installment_commitment', 0.8614563007165446), ('cat__employment_4<=X<7', -0.6656808424310587)]","{'feature': 'credit_amount', 'from': 1736, 'to': 868.0, 'pd_before': 0.09042315377699976, 'pd_after': 0.08253951929165516, 'delta': -0.007883634485344598}"
0.4786643952453559,0.155069275312111,3857.0,286.29022540658667,20000.0,0.15,36.0,8713.709774593413,credit,"[('num__installment_commitment', 1.1486084009553927), ('cat__purpose_used car', -0.9813482536491334), ('num__duration', 0.8552998134760316)]","{'feature': 'credit_amount', 'from': 3857, 'to': 1928.5, 'pd_before': 0.47866439524535603, 'pd_after': 0.42378722546320075, 'delta': -0.05487716978215529}"
0.0928966036507613,0.1941726973899359,804.0,14.502539223822602,20000.0,0.15,36.0,8985.497460776178,credit,"[('num__installment_commitment', 1.1486084009553927), ('cat__checking_status_no checking', -1.0176603432442761), ('cat__personal_status_male single', -0.6625914811599087)]","{'feature': 'credit_amount', 'from': 804, 'to': 402.0, 'pd_before': 0.09289660365076134, 'pd_after': 0.08907233319252886, 'delta': -0.0038242704582324843}"
0.5701638296617447,0.2949918217709224,1845.0,310.31731528253835,20000.0,0.15,36.0,8689.682684717462,credit,"[('num__duration', 1.2829497202140474), ('num__installment_commitment', 1.1486084009553927), ('cat__personal_status_male single', -0.6625914811599087)]","{'feature': 'credit_amount', 'from': 1845, 'to': 922.5, 'pd_before': 0.5701638296617447, 'pd_after': 0.5439852162004979, 'delta': -0.026178613461246836}"
0.1924548585228366,0.2565291585377786,4576.0,225.91841461158347,20000.0,0.15,36.0,8774.081585388416,cashflow,"[('num__duration', 1.2829497202140474), ('cat__purpose_used car', -0.9813482536491334), ('cat__credit_history_critical/other existing credit', -0.9320508917489864)]","{'feature': 'credit_amount', 'from': 4576, 'to': 2288.0, 'pd_before': 0.19245485852283664, 'pd_after': 0.15481236909051926, 'delta': -0.03764248943231738}"
