age,credit_amount,treatment,default,pd_baseline
51,17706,0,0,0.08275322338436047
27,9956,0,0,0.08573313995506678
40,1393,1,0,0.13364704652725015
44,19054,1,0,0.0990137943525051
55,18195,0,0,0.14029306357825638
55,7913,0,0,0.1755326244939989
60,3178,1,0,0.10216391058022221
48,10786,1,0,0.046112104041642024
62,16132,0,0,0.08582109217025245
57,9355,0,0,0.15909430615192735
29,910,1,0,0.044791072323003944
52,9415,1,0,0.11830450364218394
24,10539,0,0,0.12964427478306412
54,18395,1,0,0.0576572829043916
30,16248,1,0,0.05617444280149568
34,14045,1,0,0.07579891124154517
46,8390,1,0,0.05027566358096725
37,18941,0,0,0.030711723866295903
49,5015,0,0,0.09433361750994808
43,6925,1,0,0.10715229221279646
48,17001,1,0,0.07721271112627166
46,19880,0,0,0.04916384786215776
30,16386,0,0,0.13062210069805463
51,14299,0,0,0.02042644283797917
63,18785,0,0,0.11037779840041854
45,3060,1,0,0.07314777025996548
47,13547,0,0,0.029422717601890944
52,8552,1,1,0.11793775942110105
24,12162,0,0,0.0783661693071223
27,5349,0,0,0.2333349332248167
45,10033,1,0,0.07691692646929728
38,5091,1,0,0.20444497957280033
51,13047,0,0,0.05087097306504308
61,18626,1,0,0.018507036081436924
55,1646,1,0,0.2120223734491455
30,19219,1,0,0.009214211336679837
34,13356,0,0,0.038590102772212864
27,776,0,0,0.10065545898514221
25,11793,1,0,0.07314966981833576
53,3191,0,0,0.06560604947552179
51,16151,1,0,0.20791736569502675
29,5917,0,0,0.14356995200743095
52,1620,1,0,0.051206681474916395
41,17030,0,0,0.017883311297538413
59,10964,0,0,0.055077824012929905
52,12416,1,0,0.0521662421616171
32,16716,0,0,0.11879737020075186
42,11525,0,0,0.21823263425115363
31,16028,0,0,0.026091603223727545
60,12166,0,0,0.07261206926826627
43,1042,0,0,0.13048502971878947
59,19036,1,0,0.04743148653447642
43,19209,0,0,0.1372665970241047
43,5877,0,0,0.11538123591898387
29,13184,1,0,0.11478604789931635
63,2904,1,0,0.0637885725785468
50,6055,0,0,0.0512359795691762
33,12352,1,0,0.053907821261076745
57,7283,1,0,0.11264506349496425
31,19392,1,0,0.009531166768482998
25,2029,1,1,0.2872799905767733
50,14345,0,0,0.008766411955514095
53,12449,0,0,0.016965861341472883
46,17896,0,0,0.04171374216632532
52,16276,0,0,0.059477190546486716
32,17975,1,0,0.07450942575865063
33,15979,0,1,0.08333039801819482
37,4775,1,0,0.08611509757125843
30,8781,0,0,0.04459165025060579
31,13869,1,0,0.2195744325154937
23,19980,0,0,0.07381033758814548
31,17313,1,0,0.08950809231666662
45,13168,0,0,0.028179007548339928
37,2476,0,0,0.06623340138553734
39,8706,0,0,0.1902948729418662
61,13203,1,0,0.13915545922547437
21,15549,0,1,0.17502539033973086
57,5804,0,0,0.08020246779719849
22,9613,0,0,0.0909521139236882
43,16522,0,0,0.17741616310898434
26,16759,1,0,0.06709291591344585
42,4852,0,0,0.12653308785036593
60,5447,1,0,0.10939762240568099
22,7781,1,0,0.0830805845404158
43,13054,1,0,0.14514800211868567
41,13696,1,0,0.024873189003648172
40,15304,1,0,0.10929165235232241
48,11338,1,0,0.16003698912616013
35,18396,1,0,0.0864532732368924
55,2839,1,0,0.11373659553531937
31,10731,0,0,0.08680558840127862
36,4893,1,0,0.06477673294832972
41,11010,0,0,0.023143816696115423
61,17773,1,0,0.03329023201630945
44,17762,0,0,0.14589846229526418
57,19781,1,1,0.3620297702592456
27,10049,0,0,0.04200541101807181
24,14032,0,0,0.0306354671891221
43,9798,0,1,0.14798358374616932
60,690,1,0,0.07390950854359678
31,6025,1,0,0.08210150127779856
30,14996,1,0,0.04250793639926897
27,1551,1,0,0.06127335048724912
61,13035,0,1,0.1710362656567488
25,9441,0,0,0.004494192352471097
48,8530,0,0,0.06887840365360157
37,14843,0,0,0.04268206701063742
39,4946,0,0,0.09445153190380477
52,5550,1,0,0.0315089168172478
40,3731,0,0,0.02797580921483113
22,2614,0,0,0.05875970052790845
45,2128,1,0,0.05942379752787196
22,2526,0,0,0.06303765632272926
58,12965,1,0,0.0484481305169676
62,6348,0,0,0.15714745004871133
57,7076,1,0,0.22100498782688344
39,15183,0,0,0.14104187762598736
39,10601,1,0,0.1355709800062291
46,2006,1,0,0.0316021515566524
58,10741,1,0,0.14283985192715304
54,13391,1,0,0.05554892075167871
41,12342,1,0,0.14913130366719804
56,17431,0,0,0.08942609484944915
39,12093,1,0,0.08856518172035764
54,16343,0,0,0.03396087978812602
31,10621,0,0,0.15952693604935728
40,12913,1,0,0.09338756024187142
57,3524,0,0,0.007205521229602831
31,19850,1,0,0.026959815673767637
48,1027,0,0,0.07163556694929239
33,19380,0,0,0.07140924729776824
39,11735,1,0,0.1009746294246113
35,7080,1,0,0.026080421233536193
50,8752,0,0,0.13568704541527127
54,1993,0,0,0.10049328875551115
58,8497,1,0,0.07858389339510595
36,1885,0,0,0.08929724206665711
29,8886,1,0,0.014222837474751254
61,3159,0,0,0.06200118238993673
38,2714,1,0,0.11397376768416098
49,14393,0,0,0.09733844255741736
37,3995,0,0,0.056116476962437906
57,7035,1,0,0.05319771655241051
24,13412,1,0,0.06753673968348374
22,10341,0,1,0.062060848522108296
35,10518,1,0,0.019239338419011695
39,9116,0,0,0.06839229870385062
54,12388,1,0,0.11196378023443136
41,13228,0,0,0.05408126089678161
32,3022,1,0,0.02641418199185142
24,19280,0,0,0.01815094561734973
56,16375,0,0,0.07501305311974883
43,8770,0,0,0.04949350161265962
63,7766,1,0,0.08566749760415432
35,14653,1,0,0.04015198909958435
30,12454,0,0,0.019091089110670128
32,16156,0,0,0.025204615185999153
39,9580,0,1,0.13956828364481796
27,9103,0,0,0.05262570095829883
26,9632,0,0,0.11614873168738968
55,6264,0,0,0.02298418321395855
51,15682,0,0,0.061292531309246466
43,16027,1,0,0.060263980231500175
42,2651,0,0,0.01260320228882627
42,2321,0,0,0.05329723966694425
46,1958,0,0,0.02417548670664072
33,6921,1,0,0.16081592085918806
55,2470,0,0,0.1368258940924822
21,11608,0,0,0.22392630623411755
55,19908,0,0,0.037490046462505366
55,14244,0,0,0.018571418341660623
43,18579,1,0,0.14816411210110955
33,3397,1,0,0.08501318845237649
59,14160,1,0,0.08622458310904017
57,14706,0,0,0.17826749068841571
62,9227,1,0,0.1411949067619375
21,15039,1,0,0.0800604032038491
48,2158,1,0,0.06827799592487559
21,12502,1,0,0.028809134786076933
22,16507,1,0,0.025977883332058152
23,8166,0,0,0.038353859053156206
55,4194,0,0,0.09658963474328162
52,699,1,0,0.09441725064024943
60,5820,1,0,0.061151777426209454
48,16514,1,0,0.007252978542705995
45,16895,0,1,0.1204646900702518
28,12529,1,0,0.09439555608735288
51,5518,0,0,0.08087763803562689
61,5568,0,0,0.013242069240266602
36,16969,1,0,0.03204689458237398
51,11880,1,0,0.22455982335015895
43,15825,0,0,0.09786741433528356
43,7722,0,0,0.2468095883854646
56,16827,0,0,0.09288730804095276
33,9679,0,0,0.11717899726887354
59,13648,1,0,0.10904056667770858
64,17099,1,0,0.19500368585547267
26,7366,1,0,0.09961749148439554
43,15863,1,0,0.08240433551002713
21,13236,0,0,0.20967274344454784
35,10196,1,0,0.10160992015914161
37,16667,1,0,0.038302656455644644
50,9077,1,0,0.01055491414462938
38,15113,1,0,0.17274187820090284
36,1989,0,0,0.07659965393386328
55,17309,1,0,0.07589470356375076
54,19308,0,0,0.06384319825605711
21,19678,0,0,0.05181545266648416
35,16962,1,0,0.10404385084823732
54,13957,1,0,0.04368626659835293
25,14953,0,0,0.06260518630888516
44,18598,1,0,0.12894072905928636
42,14738,1,0,0.0455597349771659
51,5799,1,0,0.15383949020221216
50,3612,0,0,0.20148686250377246
43,19482,0,1,0.3760305724023425
39,3212,0,0,0.04924099596584605
55,18251,1,0,0.08829153001319882
37,18750,1,0,0.034482758791421486
40,1304,0,0,0.06059725871768918
39,16242,0,0,0.046465346647325524
36,12013,1,0,0.18338039658363686
48,8096,1,0,0.07912863676687817
49,10307,1,0,0.1154084084856351
60,8855,0,0,0.023395258247256488
40,16404,1,0,0.04306096234606224
54,8525,0,0,0.07153114072272512
34,2963,0,0,0.09930450548032611
63,8238,1,0,0.08011040527818596
61,10788,0,0,0.06514771565689159
47,9282,0,0,0.03775210559175027
52,10274,1,0,0.10964439235531262
46,19747,1,0,0.1838153528782652
29,8213,1,0,0.08790904298637771
62,16450,1,0,0.07244707658052188
53,19847,1,0,0.06207451261456499
39,16695,1,0,0.12282526901792204
32,11021,0,0,0.13430908315896703
50,19794,0,0,0.102042924554859
39,8558,0,0,0.09081336768691055
57,5947,1,0,0.012865796038421038
30,17199,0,0,0.04896517220270338
43,18417,1,0,0.05658976445294813
25,3211,1,0,0.033616955142297324
52,6728,0,0,0.05342207215318385
38,6107,0,0,0.06034374292743955
29,16488,1,0,0.02651641223096415
45,5938,0,0,0.019131374979520884
46,13433,0,0,0.08481401079343022
34,18707,0,0,0.02297612436941555
62,18243,0,0,0.0962688632900539
24,17666,1,0,0.06166208828329681
35,10821,0,0,0.08666246321153966
31,12330,1,0,0.056875378221583416
61,14645,0,0,0.10384355695830691
31,6732,0,0,0.029175302082853165
30,10271,1,0,0.03157603953699847
46,9628,1,0,0.05642650965359274
32,16111,0,1,0.1612658871146623
33,11637,1,0,0.007033409708921067
31,9185,1,0,0.17498455672289415
44,11031,0,0,0.042199623037665876
53,3856,1,0,0.15739731097501836
41,5490,0,1,0.1426322410120204
60,16112,1,0,0.06339659544307683
32,3044,0,0,0.025272363725672535
58,13811,0,0,0.021455072680809838
53,18198,1,0,0.08762828910992836
24,13830,0,0,0.0632467131119723
50,12996,0,0,0.022986860221234907
64,14489,0,0,0.07093170630170173
50,3329,1,0,0.027703746632966732
32,3171,0,0,0.046740977512769843
40,19801,1,0,0.10199685062828176
59,8822,0,0,0.01879100339399639
34,8519,1,0,0.041344688600200685
41,3588,1,0,0.06723181405386978
46,14792,1,1,0.14566043883619287
57,1163,0,1,0.0958362831597925
63,3945,0,0,0.0342015972927728
52,4877,1,0,0.06713407838100618
40,18688,1,0,0.08907840057259435
39,19026,0,0,0.033798024228989684
50,2044,0,0,0.06945928969901838
24,3219,0,1,0.11602245914899859
40,19138,0,0,0.048542582247457174
36,12869,0,0,0.1659069143459883
62,14678,1,0,0.1311991055452701
58,11567,1,0,0.044228922605755866
32,4931,0,0,0.04718689250063584
49,14742,0,0,0.15805474995672855
41,4027,1,0,0.06305431782297079
57,1068,1,0,0.022924070814220276
42,16823,1,0,0.023059964751763133
49,7907,1,0,0.22461332561657898
53,1278,1,0,0.013788610445612106
57,8971,0,0,0.01629455427086681
52,2728,1,0,0.08724199339220497
34,9684,1,0,0.15624609886956842
53,13620,1,0,0.1028738308571939
34,7093,1,0,0.12575921574404458
53,2008,0,0,0.2644860933881342
62,17860,1,0,0.03509678993060944
41,11054,1,0,0.08374910226878317
60,950,1,0,0.03532435852598352
27,11694,0,0,0.0625202139913613
39,18513,1,0,0.037994179578909784
59,848,0,1,0.1343376363298779
53,15840,1,0,0.11589612375507223
35,7854,0,0,0.04407570544182109
43,14297,0,0,0.028900193034798415
25,1056,0,0,0.03623189699416611
56,18185,1,0,0.22750325922050452
26,19354,0,0,0.050895136322574246
45,11222,1,0,0.01833635999669942
42,4698,1,0,0.1759553248097275
48,3448,1,0,0.04785281890811388
39,13949,1,0,0.05270467425213975
24,15972,1,0,0.056786754857217986
50,13638,1,0,0.10663343709182696
60,10120,0,1,0.16834453933706434
47,15558,1,0,0.05760628394345351
22,14879,1,0,0.10836221968473639
25,7038,1,0,0.12309917480009117
33,15647,1,0,0.06498094681849757
34,4095,1,0,0.0906392077928737
26,16495,1,0,0.1515182045185895
60,10844,1,0,0.05641479338324287
53,15069,0,0,0.21157337157957892
54,14039,0,0,0.173705885306192
63,2371,0,0,0.12008951934567423
59,15228,0,0,0.199798744009624
28,15785,1,0,0.17728177211022603
21,1453,0,0,0.014359301848024258
53,4905,1,0,0.014555833876676076
61,15176,0,0,0.029212183806824773
51,7537,1,0,0.19208336637900145
58,2692,1,0,0.06103071163479379
47,17162,0,0,0.032706978014963264
40,10730,1,0,0.04427176029571248
26,8186,1,0,0.10527895889633739
50,11330,1,0,0.1181000575364071
33,8294,0,0,0.05358650738488162
32,2977,0,1,0.12465614414134216
59,11454,1,0,0.14280296891458705
49,19297,1,0,0.18236664049423484
40,19057,0,0,0.0963940243382299
56,12941,0,1,0.3159028678947535
53,3670,1,0,0.06788817583724119
42,4865,0,0,0.03761750795513527
64,6651,1,1,0.16782371582992003
22,1492,1,0,0.22290503554163402
42,3230,0,0,0.02293533703811175
39,15612,0,0,0.046174156169934914
26,8866,1,0,0.10764288189874364
52,16905,1,0,0.2017120985832675
25,1702,1,0,0.031369087605290245
51,2267,0,0,0.08325846113084011
54,13950,1,0,0.20935675427034428
42,5519,1,0,0.12009193388241235
31,4906,1,0,0.05228365958516229
64,13026,1,0,0.14433401103543128
52,18307,1,0,0.14358870172260976
26,8670,1,0,0.17006806719167336
53,15370,1,0,0.20750708165800927
27,7178,1,0,0.11851381359619916
48,16862,0,0,0.07054883066345545
32,8776,1,0,0.1155420246752634
48,3457,1,0,0.10520597902704741
56,10353,1,0,0.03427715347120141
55,6203,1,0,0.24151230075296223
54,4100,1,0,0.09544190994411228
52,4084,1,0,0.18277741747427675
55,8067,1,0,0.11562714352555067
60,691,0,0,0.021428692253883667
59,1861,0,0,0.09675854802739706
54,11996,0,0,0.03903480984067057
40,618,1,0,0.031810961034171935
33,15557,1,0,0.08842769689922775
35,19516,0,0,0.07368644234083076
47,4082,0,0,0.17037744593937115
47,1568,0,0,0.06967867616753572
39,4604,0,1,0.05459822199124738
39,1347,1,0,0.060703279418357424
52,5749,0,0,0.12317962540588319
44,17854,1,0,0.051408179813323525
21,16485,0,0,0.15968704666898734
27,19532,1,0,0.07609151501926216
35,16327,0,0,0.037209277323168456
38,16968,1,0,0.047169120490252084
53,12047,1,0,0.04037601596049078
41,3221,0,0,0.06820390997737037
39,15491,1,0,0.033091478068750506
24,12970,1,0,0.12303145357539128
23,19260,0,0,0.06657257510256138
64,14090,1,0,0.02033448706302211
58,11138,1,0,0.10184594008333042
22,15547,0,0,0.06420605519033643
40,13294,1,1,0.15316610963291105
61,2701,1,0,0.02516485885989831
52,12422,1,0,0.10066089725928169
24,8119,0,0,0.02458636532580828
39,3673,1,0,0.015796835610450383
58,5883,1,0,0.09685036362728311
34,16776,1,0,0.06368998582034419
45,13263,0,1,0.16087020305140798
35,1633,1,0,0.04172263401792774
29,7200,0,0,0.12809628046624574
58,13868,0,1,0.1584715902745073
31,10422,1,0,0.039597961740839634
46,15634,1,0,0.12571418849678373
36,12715,0,0,0.06056309029038123
47,1223,0,0,0.07647017668521877
55,17383,0,0,0.0743784858501419
45,11623,0,0,0.047100845647120915
27,18457,0,0,0.06045915378290364
33,4796,1,0,0.08084341301170846
31,14022,1,0,0.057001376517560154
51,1072,1,0,0.08608826939814776
51,3549,0,0,0.07119918582780059
27,17715,1,0,0.05392861676424858
48,17833,1,0,0.06112214680668936
41,19107,1,0,0.059032692687990045
39,4488,0,0,0.052899978158801535
58,17894,0,0,0.05321705162357943
23,1537,1,1,0.04731882155108094
52,8312,1,0,0.25366545286326486
45,9026,1,0,0.09107472777250394
32,15953,1,0,0.20963652945248434
31,13850,1,0,0.11557070915636455
28,7502,0,0,0.07007893662113139
47,3412,0,0,0.0697787411219961
49,7622,0,0,0.014541573060913242
33,6337,0,0,0.09349858890230398
37,13566,0,0,0.08074901355252107
64,2061,1,0,0.016877989554580367
52,8518,0,0,0.06638160579591433
46,12555,0,0,0.23375088646017173
26,13104,0,0,0.03888348007575178
46,14310,0,0,0.1540954366353999
38,6081,1,0,0.04392810209521587
57,10633,1,1,0.2495092752341294
29,2420,0,0,0.052547524527487295
64,9166,0,0,0.05918249888823953
62,19649,1,0,0.31849080107874644
55,17030,0,0,0.05870134571093166
43,12640,0,0,0.09165180372468265
47,8674,0,0,0.1782041996517008
60,18065,1,0,0.026375381013468802
58,9114,0,0,0.01369350460097672
56,15385,0,0,0.08274441063763788
28,11757,1,0,0.06308849216234569
38,916,0,0,0.05065824402734463
54,14225,0,0,0.0882111195917962
26,17920,1,0,0.06430148844793554
50,15652,0,0,0.009909022092175798
36,12487,0,0,0.04510772366369698
45,1295,0,0,0.05489415987053106
61,952,1,0,0.10391285537717043
59,17097,0,0,0.06526754013653374
37,9761,0,0,0.1013090473327508
52,9300,1,0,0.07833433495356108
21,12998,0,0,0.10896133084934909
52,18164,1,0,0.011598407090883067
27,9016,0,0,0.11437343842577925
61,10958,1,0,0.13850096707657575
34,11395,0,0,0.19474874933978292
51,9778,1,0,0.024692057937260547
50,13303,0,0,0.07600244906849989
32,4310,0,0,0.10325910865519967
57,7775,1,0,0.041856398797879335
29,9657,0,0,0.2834875563530581
60,10628,1,0,0.1747075942091505
43,10112,1,0,0.09005424459908881
41,8660,0,0,0.13095219296025865
31,17942,1,0,0.008372378029285974
21,16114,0,0,0.13201007870661055
51,17798,0,0,0.1536817324473674
53,12097,1,0,0.027382828270898066
58,9985,1,0,0.09438266547140667
63,8902,1,0,0.19573021832202697
33,17417,1,0,0.11848136781232992
45,13483,1,0,0.03444147574995398
61,17160,1,0,0.13516266067219693
45,17074,0,0,0.1250848241706494
53,18993,1,0,0.0338384592440793
52,11133,0,0,0.13487103820500523
64,7551,1,0,0.015750499584222446
35,18217,1,0,0.21867231735036244
29,4638,0,0,0.058275083173425515
61,6798,1,0,0.030814604758335643
41,18906,0,0,0.049421296823019205
29,14422,0,0,0.10967811362001186
49,11904,1,0,0.1374025376534073
58,10842,0,0,0.17552255373817846
54,9599,1,0,0.08221932788503272
35,17978,0,0,0.053168721224422136
61,8523,1,0,0.07424138207372488
22,9848,0,0,0.02010321966336565
60,2152,0,0,0.1315076259754382
29,2734,1,0,0.04734956532628051
31,4479,0,0,0.0435079412113465
34,6342,1,1,0.19110025329356908
39,6185,1,0,0.08355611333850878
23,13503,1,0,0.07504097515657525
52,11250,0,0,0.04170853601897782
26,582,0,0,0.0416190367607326
26,10575,1,0,0.03734695711953268
21,2101,0,0,0.06008882497703854
63,11085,0,0,0.04953921426561103
23,1477,0,0,0.1362394524601368
53,1990,1,0,0.13958735511184578
48,16609,0,0,0.030223647811209287
57,690,0,0,0.03895437446786985
40,19463,0,0,0.3052618180672425
60,9531,1,0,0.060804850769703905
41,16610,0,0,0.019220391635701217
28,4272,0,0,0.05080910039210191
60,9602,0,0,0.11871114984965324
39,17887,1,0,0.009709821379113404
21,2003,0,1,0.12297946342096192
49,8902,0,0,0.13055971514878054
35,2895,0,0,0.14883990432406566
57,7363,1,0,0.045487521284468174
27,19427,1,0,0.08402261783368715
53,11108,1,0,0.1944381502143608
57,7010,0,0,0.10811307706830413
26,12757,0,0,0.04772957227501552
46,5991,0,1,0.03742749092909839
49,2098,0,0,0.1253650400807034
61,11522,1,0,0.07812943681248707
33,14956,1,0,0.13261801225659667
42,3985,1,0,0.049725222414619186
38,3182,1,0,0.10159307313036374
37,12158,1,0,0.06975475027591624
64,8041,0,0,0.08688121174933403
49,18743,1,0,0.0432047139004149
27,7458,0,0,0.05395401246262693
59,8150,0,0,0.06007743042440029
25,11598,1,0,0.03702732670489963
59,19570,0,0,0.08548990427937811
39,13944,1,0,0.03985150766249322
50,13491,1,0,0.06862405305606474
59,16115,1,0,0.05193650259230521
59,16410,1,0,0.058178760083256134
28,10779,0,0,0.09536115037397051
38,6086,0,0,0.33061817126758436
24,3530,0,0,0.014333414827416912
49,11561,1,0,0.20214695305172783
39,14071,0,0,0.032233340668519045
64,7643,1,0,0.07161054289950142
48,9836,0,0,0.05028006957318809
40,9185,0,0,0.1645135960907313
27,11984,1,0,0.09958191984128636
33,16465,1,0,0.19739945972586054
56,9152,0,0,0.09035740923290045
27,10625,0,1,0.08192428296943519
58,8617,0,0,0.029202197754371332
47,6386,1,1,0.22564765929548627
43,14176,0,0,0.030356116693391316
41,12527,0,0,0.0921385760681803
22,10720,0,0,0.21263868689422005
30,6247,1,0,0.15067751841702556
43,17422,1,0,0.09385704340064759
42,16192,1,0,0.09880917353738253
30,14997,1,0,0.07896623243204767
56,16402,0,0,0.004709701908258669
40,9788,1,0,0.09505703783650878
38,12745,1,0,0.09105319342137008
54,4677,0,0,0.11220593817390284
27,15768,0,0,0.03951264167408451
23,842,1,1,0.13981873799804215
35,10416,0,0,0.1013184772597454
21,4505,1,0,0.08315054569071911
37,12114,1,0,0.09889932887753543
26,5984,1,0,0.058594048121908916
50,19304,1,0,0.06899185456311636
22,2803,0,0,0.14358544308576945
30,16537,0,1,0.1584195115183395
32,13547,0,0,0.040469553335355825
47,19920,0,0,0.08269382595166483
38,6858,1,0,0.008267471122602057
54,14248,1,0,0.10631271818683832
55,1089,1,0,0.10342920096532
37,13699,1,0,0.25380243643253186
22,9019,0,0,0.270078005159921
63,14665,1,0,0.1350272250447977
36,15794,1,0,0.16405977647003697
44,9987,1,0,0.0982184006281292
61,7125,1,0,0.06817701355867002
49,14403,1,0,0.2031552229019091
46,18095,1,0,0.2312353300181964
35,7508,0,0,0.04808484082887205
57,17129,0,0,0.07746617905669775
29,9153,1,0,0.10809120784711733
42,17842,1,0,0.0894202186119018
36,13154,0,0,0.16889049205438145
25,13521,1,0,0.2269051712966127
33,13920,0,0,0.019079188066534195
29,16228,0,0,0.06400459762425222
24,17294,1,0,0.052255661946529454
54,8085,1,0,0.0358412933873245
52,15044,1,0,0.006048854308916979
59,14017,0,0,0.011588254816884797
22,12036,0,0,0.03751317762970444
41,4866,0,0,0.008461856788113821
50,9577,1,0,0.05562243124582965
42,4492,1,0,0.10748927854103016
22,3164,1,0,0.03461986512857043
40,18900,0,0,0.027571496532367692
26,14616,0,0,0.10094491981346447
21,11201,0,0,0.14107883316302186
53,9116,0,0,0.1416540537367881
25,1897,1,0,0.12113538465877922
34,7346,0,0,0.20843597973984765
64,4347,1,0,0.026263636033202167
62,10994,0,0,0.04890424933815164
22,9496,1,0,0.13136506414427732
38,19285,0,1,0.11790483921291066
36,16994,0,0,0.007646943182568769
48,12219,0,0,0.20376331794301628
51,17971,1,0,0.07103698506809909
24,6923,0,0,0.16708130135820526
39,2712,0,0,0.11275595258378146
33,11430,0,0,0.15497550097838356
64,1709,0,0,0.0453021941768555
33,18886,0,0,0.11542721589259297
22,2872,0,0,0.1582351903003078
48,17199,1,0,0.046407767651199874
59,13592,1,0,0.08500365703619164
57,5311,0,0,0.11740403840561861
26,10890,1,0,0.04575767802483036
53,11106,0,0,0.05966610925159086
30,14888,0,0,0.14882872117377302
27,8823,0,1,0.08287516618983988
44,12070,1,0,0.014272571638572719
56,8604,1,0,0.08783725377831744
59,2369,1,0,0.03572485404992826
48,14360,1,0,0.1111075057153191
39,5523,0,0,0.009013180748808374
46,5938,0,0,0.09993208295015214
33,6965,1,0,0.05787448105979816
26,11548,1,0,0.032258172348041535
38,14300,1,0,0.09398927046268202
28,16386,0,0,0.08207939637394059
25,12138,1,0,0.02605752963462544
53,8257,1,0,0.13302368272007206
57,18963,0,1,0.11058592895884757
53,9762,1,0,0.0779223163424013
61,3337,1,0,0.1455840291005713
42,16131,1,0,0.07733202726934413
50,18803,0,0,0.17054598134758686
29,6169,1,0,0.03863080090103704
40,4792,1,0,0.01961950016347938
25,7364,1,0,0.06715257429088442
48,7197,0,0,0.1020688933193857
40,4253,0,0,0.04320958336549476
45,1174,0,1,0.05193765188380651
58,4159,0,0,0.09363103605363197
23,6282,1,0,0.06153777702880662
40,4173,0,0,0.07560381893627724
38,4394,0,0,0.09004681817179973
53,18894,1,0,0.07772539654952686
49,4736,1,0,0.36280708184307997
52,16521,1,0,0.04507104724711446
58,11657,1,0,0.03190200593112849
34,9004,1,0,0.0614911169792674
36,15725,0,0,0.08983618711580146
36,830,1,0,0.03448635760631954
57,15026,1,0,0.10017212526105068
41,8613,0,0,0.09987908111503163
54,16668,0,0,0.07691252371328106
31,19265,0,0,0.09061603772122379
61,14761,1,0,0.013868393855101606
42,2731,0,0,0.04863772837830534
64,19541,0,0,0.10373379145283541
40,15317,1,0,0.023210389699459145
22,860,0,0,0.13224454994226584
32,4210,0,0,0.06224292506685802
40,19763,1,0,0.028486765883871987
26,16814,0,0,0.11009617692282882
55,8491,1,0,0.16166247848877383
36,19151,1,0,0.0611423017785843
57,9817,0,0,0.03406476580350454
63,17412,1,0,0.059678869047041075
24,11758,0,0,0.049521718775131826
33,13373,0,0,0.1716013789054825
47,666,1,0,0.1716166504585119
59,19418,1,0,0.1362133020724462
60,4043,0,0,0.10927399070500925
29,4658,1,0,0.08225157804084281
30,9196,1,0,0.01360740348121508
29,15227,0,0,0.03131651261483665
36,15505,0,0,0.11390340987107722
47,12718,1,0,0.04149629119912607
38,17466,0,1,0.06826271704507544
52,14024,1,0,0.03694072052428639
38,3380,0,0,0.08447458495850761
46,15779,1,0,0.056593136556357296
45,5628,0,0,0.045394135461179576
32,10632,1,0,0.07407128350479614
23,12343,1,0,0.17254564088459748
30,8146,1,0,0.1280104981051314
55,7539,1,0,0.024088107830765232
53,5724,0,0,0.05787783517332533
26,6309,0,0,0.10889464483768621
37,19728,0,0,0.11888587398973012
56,7974,0,0,0.049039523308425044
56,9720,1,0,0.23322369459314526
21,14181,0,0,0.03438056964297951
55,5348,0,0,0.0901754655918603
55,4372,1,0,0.13225902441155207
26,4596,1,0,0.036671341114438934
36,1707,1,0,0.10906371176971728
23,9300,1,0,0.06780021775457752
49,567,0,0,0.10300584275952486
58,7883,0,0,0.0669189664199032
28,10770,1,0,0.01848527380819071
36,5532,1,0,0.1303485075034151
44,5375,1,0,0.01926247725937943
24,12212,1,0,0.047239710207807935
34,11451,1,0,0.10987975399076168
30,15880,0,0,0.0933361987641101
21,17679,1,0,0.05567532466125009
50,5341,1,0,0.06034819965940962
52,6226,0,0,0.07012248630431103
24,10727,0,0,0.02417012636396787
26,4079,0,0,0.08010767943983879
24,14699,1,0,0.07784588003899039
62,530,1,0,0.004239307846745159
46,7666,1,0,0.18158512433535864
44,19636,0,0,0.10430770546451597
24,14811,0,1,0.12966217912859898
21,10578,0,0,0.0516749549023477
61,572,1,1,0.25867932451415343
62,16140,1,0,0.20491412665183995
44,9193,0,1,0.17462479281499108
26,17232,1,0,0.0838700601737409
22,15783,1,0,0.136793849164438
57,19906,1,0,0.09878952882474615
44,2798,0,0,0.10680667844330746
35,17262,1,0,0.02349881968697524
21,14377,0,0,0.06017596800464546
45,6234,0,1,0.19366195744596376
59,16967,1,0,0.07455408985824424
57,11505,1,0,0.047152311769426844
53,13366,1,0,0.07628104671221254
23,19273,1,0,0.017555155666965472
54,11671,1,0,0.14992067984493812
50,12850,0,0,0.12882366492354916
57,17376,1,0,0.026236779759272907
27,15496,0,0,0.052652403403515
58,13000,1,0,0.019983377591587893
52,18179,1,0,0.12960506639198627
54,18253,0,0,0.058323693951896426
28,12466,0,0,0.04022909140214176
58,2419,1,1,0.21276396373738543
21,14003,0,0,0.10576050369013235
30,6986,1,0,0.0839351161756984
27,11971,0,0,0.09019114694366184
31,7853,0,0,0.07398513093981962
48,7103,1,0,0.07953799528214513
61,19506,0,0,0.05275090629771669
64,5351,1,1,0.2123890435699395
25,3630,0,0,0.09457278255347391
63,12853,1,0,0.057968924630178914
25,13065,0,0,0.08660482101400462
53,19631,0,0,0.07165931049255811
29,1620,1,0,0.037208977516956725
57,18364,0,0,0.1513751233251907
36,16872,0,0,0.011378802569704987
59,4592,1,0,0.03357680400116462
44,16464,0,1,0.15026094505020313
44,16933,0,0,0.16190764465252852
40,2741,0,0,0.05317259292178531
31,911,1,0,0.040865039030045056
43,13385,0,0,0.04184372865768392
50,11994,1,0,0.0784729048475211
27,17332,0,0,0.031152936321785927
27,18641,1,0,0.11083653997845808
39,2528,1,0,0.091661469241632
57,19207,0,0,0.07955406116630151
36,17137,0,0,0.10368486669253076
39,12259,0,0,0.11510332852410805
63,7539,0,0,0.061240712761279514
32,12800,1,0,0.10399745904350623
37,11511,0,0,0.31205111920598383
58,8103,1,0,0.10275946397948747
43,2024,0,0,0.1114477538556886
25,14610,0,0,0.08368135958430867
30,6459,0,0,0.07462417632412392
63,5291,1,0,0.09789703135449787
56,7815,1,1,0.11182199578598213
62,1160,1,0,0.02368418916523672
42,8137,0,0,0.11797225471464134
47,16788,0,0,0.0817773488662854
27,14761,1,0,0.0169563880611398
52,1677,1,0,0.02640160772900318
46,6936,1,0,0.027201035621139485
22,13461,1,0,0.022127359397466892
58,18657,1,0,0.07333187503414212
40,9020,0,0,0.12793848564274524
64,19772,1,0,0.05638227880962655
59,1343,0,0,0.05155429382041497
39,18251,1,0,0.0294867664247303
21,3616,0,0,0.1333900867880499
27,14722,1,0,0.12400302268590836
33,2464,0,0,0.049663613924290764
34,19793,1,0,0.034034181971092384
36,4680,1,0,0.158357536353618
63,7677,0,0,0.09662941924467777
50,12887,0,0,0.03462196977612466
29,1478,0,0,0.0871067154297562
52,11627,0,0,0.021981969573184434
23,6197,1,0,0.06219540719060695
23,8942,1,0,0.0715027857029665
49,6993,0,0,0.07694584186250956
30,16939,0,0,0.18064460832117957
40,9402,1,0,0.0904692505506176
57,15185,1,0,0.06624804699487667
38,1311,1,0,0.04800894665930484
29,13812,1,0,0.04910770099703987
64,7976,1,0,0.13984970795651058
33,12177,1,0,0.18348467332342647
49,17008,0,0,0.08447859013672374
28,14074,0,0,0.11830229377252822
28,7393,0,0,0.05812979553676007
54,4918,0,0,0.12920346484212225
60,17803,1,0,0.13409351258498117
22,5566,1,0,0.11555127701449647
63,1189,1,1,0.15322928867919852
34,6313,0,0,0.13585743774227851
64,708,1,1,0.12113249338100145
44,14950,1,1,0.08632729489437663
54,17848,1,0,0.08286159438789052
21,8929,0,0,0.05719250373053964
27,12469,1,0,0.01376624796291202
62,19210,1,0,0.13430528884821552
28,18539,1,0,0.10723148017960997
59,1283,0,0,0.12221876655584071
26,1846,1,0,0.0017740154722126807
49,7971,0,0,0.033182076882115163
37,5940,0,0,0.08217053261065342
40,3517,0,0,0.07498465715506132
52,3448,0,0,0.08952303827371613
27,16418,1,0,0.06835169565076284
36,4280,0,0,0.03298021951829024
45,9852,0,0,0.22007152886340628
36,1377,0,0,0.10765913161226859
31,12590,0,0,0.03707341055179266
22,14955,1,0,0.137545377979344
49,12160,1,0,0.11829291391315092
23,6056,1,0,0.016086819374807482
27,2041,1,0,0.05336565392178743
31,8306,1,0,0.03061753669638349
52,15782,1,0,0.10820943995531133
26,2834,0,0,0.08234793758614314
35,16528,0,0,0.0633999660767018
24,18308,1,0,0.07026075513729191
43,12345,0,0,0.0800831820975304
28,16960,0,0,0.04946425203479837
28,5978,0,0,0.22399173703647487
35,12614,0,0,0.16548806889170656
32,14619,1,0,0.07327554508123595
23,14441,1,1,0.17333271170548661
40,14162,0,0,0.09633676593882838
43,4286,1,0,0.11125168100111547
41,18294,0,0,0.08300506495329718
40,13798,1,0,0.23866567108641076
64,2788,0,0,0.1962226355834681
33,12969,0,0,0.005925575481919284
35,18241,1,0,0.0433571500202545
43,965,1,0,0.11729435201975462
24,17797,0,0,0.10784884734515024
64,6939,1,0,0.047273161575010055
44,6301,1,0,0.15132232481815314
51,10008,1,0,0.05716308653685445
35,14465,0,0,0.09076132449319305
51,2508,1,0,0.1010570628102488
59,5642,1,0,0.04410667904180005
46,16246,1,0,0.10492802064210191
30,5084,1,0,0.04649092005525288
51,7314,1,0,0.033319924489785505
58,13009,0,0,0.013098718725687152
51,5386,0,0,0.1544398098977257
50,1475,1,0,0.11853915140045652
41,10787,0,0,0.09120052824179611
29,2381,1,0,0.046367274538098725
52,8032,1,0,0.04964498292449396
38,13372,0,0,0.12342866376282109
31,14920,0,0,0.0592516089622059
42,19061,1,0,0.1596864705534884
21,17497,0,0,0.15308547480306833
43,1163,1,0,0.09367006317761471
45,9987,0,1,0.10074485635073925
38,946,1,0,0.11821225194769622
51,16123,0,0,0.2355172415999747
46,1958,1,0,0.22303108042025852
37,15656,0,0,0.03863194075123233
52,532,1,0,0.06569140609014416
26,2664,1,0,0.03746755295942836
43,18602,0,0,0.1563094326541951
27,4129,1,0,0.18315557936646826
47,9743,1,0,0.04642573954738715
21,10647,0,1,0.07207480622649733
58,13996,0,0,0.04711306887008311
22,18734,0,0,0.03817041755355812
42,8619,1,0,0.2706424495569157
50,12267,1,1,0.09342173974122185
39,19946,0,0,0.09430522549720825
30,2610,0,1,0.22118095940333715
31,9858,1,0,0.2234373503114628
58,6417,1,0,0.02147383332260105
26,18815,1,0,0.0768677268768563
52,12491,1,0,0.11561501422531541
33,13167,0,1,0.22036013275210964
21,4151,0,0,0.0960702680479512
38,18980,1,0,0.022223515972803302
25,1813,1,0,0.07724476898015399
54,10155,1,0,0.006988677490594739
54,14139,0,0,0.11439051285425958
30,17638,0,0,0.12356613310809592
55,5830,0,0,0.0860838778068968
51,7010,0,1,0.17486906527300425
50,1240,0,0,0.0282642776164119
24,13393,0,0,0.09037938176843098
26,4340,0,0,0.04430232745922433
27,12535,0,0,0.05812962948913263
56,2155,0,0,0.05526413082248863
35,9993,1,0,0.09924329427973806
44,9831,0,0,0.09934520262722847
41,10278,0,0,0.1024055514016798
64,6519,1,0,0.15589330968044254
28,3817,1,0,0.08041326507863415
55,15628,0,0,0.06470056875440001
25,18167,0,0,0.20546925263622248
64,5898,0,0,0.036957885434347734
45,9357,0,0,0.04913214889763022
32,2625,0,0,0.18934983609487482
39,3453,1,0,0.1396909878505054
53,7374,0,0,0.06472795286106896
39,14234,0,0,0.052101263119905115
23,13620,0,0,0.061774575158908454
34,14679,1,0,0.15145604245234387
61,2235,0,0,0.08353085939760463
37,1379,0,0,0.03725929243972878
42,5864,1,0,0.12242489451740453
29,6989,1,0,0.04262712224710223
22,10523,1,0,0.058603697071639975
32,11893,1,0,0.14497040416848467
59,4166,1,0,0.0884078687975515
44,16520,1,0,0.17021692441601954
37,15059,1,0,0.08039921723894479
43,6556,1,0,0.06548626596446971
56,13093,0,0,0.05723725274512218
60,6343,0,0,0.1595895448550061
34,1681,0,0,0.07996948071441753
57,14863,1,0,0.12755481967313775
56,2180,1,0,0.035915973634916
21,4774,1,1,0.16079004095478258
60,6406,1,0,0.08344215045275472
31,17971,1,0,0.09393872167913049
54,11928,0,0,0.06116521724032102
60,15913,0,0,0.1518672815150789
46,18207,1,0,0.10649828699999489
34,17914,0,0,0.07481465710276991
58,12379,0,0,0.04116227704294528
42,7398,0,0,0.09697656367628432
54,8371,1,1,0.08770890543473107
50,3731,0,0,0.02717806937131517
35,11978,0,0,0.09142525203644508
44,11908,0,0,0.14123219457235275
29,19459,0,0,0.08865433288254332
21,4204,0,0,0.05987628279554651
51,15258,0,0,0.045671614819085736
30,5689,0,0,0.08510030638951675
43,2033,1,0,0.04073727536506262
25,8311,0,0,0.04493890684211466
49,19294,0,0,0.33245045068016454
28,9523,0,0,0.07496382077867911
31,4124,0,0,0.10866175658340382
27,6787,1,0,0.10100652031340192
61,14048,1,0,0.024964551027571412
48,6052,1,0,0.10231165742243083
50,5014,1,0,0.08205279103926298
38,5311,0,0,0.1934830843103907
58,2098,1,0,0.07008079140398295
23,13957,0,0,0.17041222794106534
39,6751,0,0,0.04407331808806614
24,6464,0,0,0.09350055381025393
51,6904,1,0,0.03621608061538238
62,14040,1,0,0.11529972193161163
54,17545,1,0,0.038569505058170486
27,14986,1,0,0.016760815899749086
55,11570,1,0,0.042857579570918805
32,14427,0,0,0.11777523640478664
36,4926,0,0,0.07101491130892902
46,18331,0,0,0.02286919583877436
40,12444,1,0,0.10095567816303161
29,19112,0,1,0.09495318049762996
44,5723,0,0,0.044131640999379516
29,3363,0,1,0.07111047324939818
52,14437,0,0,0.07378404777624113
24,6751,0,0,0.08695798799759966
56,4552,1,0,0.06532776231068307
64,15859,1,0,0.05889069401468497
53,10892,0,0,0.02779745208441346
47,15745,0,0,0.04856016336154557
40,5251,1,0,0.023257979685131863
44,1883,0,0,0.027967250753219753
43,8490,0,0,0.04392146036218743
60,19259,1,0,0.09387911741845001
26,11922,0,0,0.07184126146099538
47,17195,1,0,0.1260225776804513
45,16939,1,0,0.09587449447258908
32,18034,0,0,0.10926191861184553
39,9448,1,0,0.04470993058737548
41,4485,1,0,0.04052047283039961
22,18045,1,0,0.0686992313151307
42,10267,0,0,0.050086540992604595
28,6740,1,0,0.046032059584519995
38,9090,0,0,0.06715102264854309
33,15759,0,0,0.043985376373606576
54,7525,0,0,0.2883716530173161
63,16715,1,0,0.10065144517898875
25,4933,0,0,0.0934148698279363
32,6695,0,0,0.04476294698579984
28,3222,0,0,0.0032669809071083824
42,17488,0,0,0.12839486972778827
37,17474,1,0,0.03184249134596662
41,4538,1,0,0.05103001222577979
24,10843,1,0,0.028527119791276173
59,15934,1,0,0.15132433067438453
64,12216,0,0,0.13630181186320126
61,13084,1,0,0.02374350852512113
42,5601,0,0,0.03420558867691306
50,1069,1,0,0.07248223723953519
23,18733,0,0,0.007984446101623145
47,18307,0,1,0.010359202792283783
47,18759,0,0,0.044299856653959864
53,1341,0,0,0.15724633674930436
55,13593,1,0,0.03205052354640333
21,5392,1,0,0.11910228326840346
38,6750,0,0,0.09663454204485378
42,8549,0,0,0.047757405931337926
42,5040,1,0,0.11553036164838487
45,12099,0,0,0.05232908778624821
51,12107,1,0,0.10907738499556728
46,18599,1,0,0.20793625101616822
31,16741,1,0,0.04026497942799312
50,14195,1,0,0.014916369069993298
47,19356,0,0,0.0062192444001085605
29,8850,1,0,0.05375198428545605
48,1829,0,0,0.056583898284131615
43,17643,1,0,0.0701442666655297
56,7016,0,0,0.11739496286138887
38,9204,0,0,0.11129036570058261
60,8127,1,1,0.04131394139104103
44,18266,1,0,0.03599531209462151
62,7695,1,0,0.026888397883653346
25,13837,0,0,0.09145147399661072
26,13521,1,0,0.10156383086144385
30,11341,0,0,0.03032549506334662
56,11170,0,1,0.10332014461872259
43,1908,1,0,0.05787610092846735
50,17881,0,0,0.06104414044271378
21,7003,0,0,0.17582351595400697
37,4839,1,0,0.06308571495453486
36,4779,1,0,0.0319240464063288
61,8286,0,1,0.022992508664654375
25,12664,0,0,0.08741416232147375
58,11052,1,0,0.044010500019353076
37,16785,1,0,0.140376049140443
55,16427,1,0,0.04521745413232077
33,7043,1,0,0.06725392661621188
23,16553,0,0,0.08697091243918803
50,13795,0,0,0.21639472865124257
28,17257,1,0,0.04353479587074476
27,506,1,0,0.08719796612720308
61,10623,0,1,0.09663238001042844
30,12696,1,0,0.06751246101206052
64,5211,1,0,0.041325962133133685
36,13280,0,0,0.023798000694395895
33,14661,1,0,0.13273958795716342
40,3209,0,1,0.1638497199714383
33,19116,0,0,0.11053983626283083
61,18942,1,0,0.12491295750437058
47,6063,1,0,0.08298196631163539
53,4394,0,0,0.034039156428262204
24,4368,0,0,0.06618347837357585
31,1212,1,0,0.027193616053621857
47,938,0,0,0.051406704513246027
42,6591,1,0,0.09704727984487883
63,13496,0,0,0.1082824499219785
52,13781,1,0,0.023205894960751625
34,11127,0,1,0.1832882406107125
40,13176,1,0,0.03669723861366798
53,3126,0,0,0.09281263277176174
39,19900,1,0,0.09077745050925194
44,4390,1,0,0.11133435687690799
56,7653,0,0,0.0278420130638153
33,13413,0,0,0.03331398750863389
25,2983,1,0,0.04591508908173154
39,9002,1,0,0.05215513313081779
30,18712,1,0,0.15576702839959314
45,5048,0,0,0.053906121585394984
58,12582,0,0,0.07969548030904103
54,12313,1,0,0.02646768356897713
53,2002,1,0,0.09146499717055032
44,1526,1,0,0.06745241016395793
60,3354,0,0,0.07469756461954737
61,815,1,0,0.15870158400829526
54,10866,1,0,0.00925733800969053
26,5587,1,0,0.030745950106214042
34,12168,1,0,0.08266372433719887
63,6145,1,0,0.064183729159673
24,7327,1,0,0.06119711587689678
45,2535,1,0,0.08570229112312097
49,16006,1,0,0.11860857938918606
38,2739,1,0,0.04721164048902475
51,18299,0,1,0.12314623876771622
24,3772,0,0,0.048147951576206466
30,19816,1,0,0.07229008957541477
34,14629,0,0,0.05929166205043813
28,16555,1,0,0.07474148930638919
40,16220,1,0,0.04715614687322855
41,9188,0,0,0.008267226844997672
62,4041,1,0,0.12995710057130852
42,13692,1,0,0.23264058052249253
54,13307,1,0,0.11984763523621098
24,16240,1,0,0.03487660661591516
23,5056,1,0,0.10209477980460138
38,16471,1,0,0.12077106171623289
35,17661,1,0,0.10619861075806081
61,14756,1,0,0.06711020035981964
42,5744,0,1,0.13092684122765832
42,5313,0,0,0.09414694918746426
58,3030,0,0,0.11540646272967962
59,16674,0,0,0.034408988493372976
55,9063,0,0,0.06043616370601583
40,6479,0,1,0.16482452856280375
30,3507,0,0,0.1957441439935412
22,10133,1,0,0.11384147445283596
23,4368,0,0,0.08770624475736288
56,16799,0,0,0.000647854134502435
26,7111,1,0,0.03781406797907106
39,9194,0,0,0.07850361679235765
43,13384,1,0,0.041094705873506096
45,14134,1,0,0.05796301670249461
24,2778,1,0,0.05636361164805445
44,1988,1,0,0.015214102766451902
31,6040,1,0,0.1988069616442493
35,15063,1,0,0.08403921086516716
57,17238,0,0,0.06778856250661099
41,19459,0,0,0.07194220979459576
38,5838,1,0,0.06889601504012804
21,15389,1,0,0.03763796050203417
64,3784,1,0,0.03271306324904593
47,4190,1,0,0.029387767622802798
54,10905,1,0,0.0638212373631672
40,2405,1,0,0.0867707402204503
32,1149,0,0,0.04636820241729581
33,19906,0,0,0.036532738322541454
21,16177,1,0,0.03659367514978844
60,13678,0,0,0.04828133660997707
44,4838,0,0,0.04656222317953486
36,1989,1,0,0.053522867452380246
52,3090,0,0,0.05636033770982223
26,8718,0,0,0.10038426902550195
41,16259,1,0,0.06922149421154203
40,12075,0,0,0.11666085089396228
60,16933,1,0,0.04203127156412114
56,18227,0,0,0.10662911091518856
54,14827,0,1,0.12280377621409018
32,2448,1,0,0.21771297327528696
43,5074,0,0,0.06214214836429756
64,7077,1,0,0.05401849038301116
21,10776,1,0,0.0960502038818506
49,15961,0,0,0.10037710485492132
35,19396,1,0,0.18694448234850888
53,19673,1,0,0.11437296675047255
42,9816,0,0,0.03684573357442967
51,19835,1,0,0.17109573137690043
32,19017,1,0,0.12728443106371348
59,3749,1,0,0.002109850324529475
57,13689,1,0,0.0989311126825451
49,9058,1,0,0.10055539529833082
39,16977,0,0,0.26714467135426573
27,17427,1,0,0.03482839629074846
29,4251,1,0,0.0652698923844908
38,12273,1,0,0.058272428991954395
55,18571,0,0,0.02642236116406653
62,13513,1,0,0.07742086692540298
47,17140,1,0,0.10819500838161693
62,14603,0,0,0.08320526668913301
29,15808,0,0,0.19415271976776685
53,17022,0,0,0.01834095947220315
44,18853,1,0,0.19052063877033507
27,4363,0,0,0.16112480081571737
51,15883,1,0,0.062475747584248086
60,7985,1,0,0.13452747012772742
40,11746,0,0,0.06999634584378363
32,13315,1,0,0.08801692342503274
34,13149,1,0,0.14459571355025622
47,4338,0,0,0.10303871878470636
51,16507,0,0,0.03680069374220042
30,14444,1,0,0.049294461480784674
51,15108,0,0,0.07441295131967775
53,12521,0,0,0.19643720195048445
21,12039,1,0,0.04025425975337055
37,5911,1,0,0.13847956450654098
31,12162,1,0,0.21470046918180813
55,5974,0,0,0.04441269960126051
49,17665,1,0,0.007171789397731575
44,1478,1,0,0.12365843767305806
30,693,1,0,0.06305409763065564
42,14711,0,0,0.046153541085002574
63,14500,0,0,0.24107581457985233
64,11411,0,0,0.022462590543176852
28,11530,1,0,0.01465563179103881
42,1178,1,0,0.04645379191483898
53,16846,1,0,0.29708733331512016
34,17020,1,0,0.02898614185540403
64,4506,1,0,0.12633206115222953
41,803,1,0,0.058711305775296214
36,10744,0,0,0.10021056546834649
62,5428,1,0,0.061351606139693926
47,2989,0,0,0.03649209744765057
23,2698,1,0,0.10959337140764504
25,13357,1,0,0.05269490229578582
64,7503,0,0,0.1422872404237472
48,15393,0,0,0.03850374558576496
59,6629,1,0,0.22398280990801142
64,12658,1,0,0.10149324906151046
53,5806,0,1,0.12034772583849473
63,11318,0,1,0.12127746453283511
62,14129,0,0,0.0872673223443828
39,7195,1,0,0.05518611408162165
49,17815,0,0,0.11381828958907118
57,12975,0,0,0.06638046163534671
62,4428,1,0,0.17578221163971677
57,18040,1,0,0.15675461614868696
56,10223,1,0,0.15158611033916877
35,14567,1,0,0.13277850276571967
39,7242,0,1,0.10650461540683716
57,947,1,0,0.06137713597021325
26,11483,0,0,0.05601675073649345
28,10420,1,0,0.053723612598644124
55,14615,0,0,0.13806563451449178
64,14860,0,0,0.020342508372020906
39,13921,1,0,0.11238121886041035
59,10331,0,0,0.020131876806428178
36,618,0,0,0.11157986294400285
43,12031,1,0,0.08540489790327221
63,19020,0,0,0.04247436463418753
37,18275,0,0,0.01896583241526764
59,2086,1,0,0.17071444440647734
62,17542,0,0,0.08529169972789782
53,3316,1,0,0.04373226047428257
24,2085,1,0,0.18587930630630584
63,1015,0,0,0.10487832118302473
42,10455,0,1,0.13242628506503673
33,3946,1,0,0.02360382953353199
42,12635,1,0,0.03540850391966089
40,9604,0,0,0.009474082331753689
37,17114,0,0,0.03314367839008443
50,4605,1,0,0.08339413192570876
25,5677,0,0,0.08456335878325437
48,10593,1,0,0.10285188937991062
32,3227,0,0,0.036536251065521295
55,9435,1,0,0.009121060823588344
64,12144,0,0,0.03673422087132587
41,12536,0,0,0.15087660582039797
56,9618,1,0,0.16196412667721635
35,2469,1,0,0.07256935782233424
57,5525,0,0,0.047594052547257834
44,1892,0,0,0.12759534590047156
43,18887,1,0,0.08860744024747733
25,11836,1,0,0.04291842593436473
50,6692,0,0,0.14662440313571723
55,6387,1,0,0.143280219030702
43,1578,0,0,0.0678777052751164
28,9721,0,0,0.1706241748053085
50,1646,1,0,0.042618757462019846
48,14185,1,0,0.06809913551796275
58,4421,0,1,0.10187874115456101
63,2454,1,0,0.035517069226801846
31,2776,1,0,0.046977771355386916
33,1053,1,0,0.05143393878337538
62,8196,1,0,0.07843765786478203
26,1646,0,0,0.19165722401010746
61,2069,0,0,0.19367439754473653
27,4769,0,0,0.13641055027129698
39,11442,1,0,0.04818923127437868
27,4793,1,0,0.22962943649785666
63,8463,1,0,0.009046415825200002
43,8871,0,0,0.13547537731538253
59,12159,0,0,0.1636335524272618
22,1409,1,0,0.016239447657839353
22,19790,1,0,0.06908466343726094
44,2304,0,0,0.09150211080796986
22,19842,0,0,0.028624872957497816
44,6059,1,0,0.09447042917067645
52,8632,1,0,0.029337282568817877
42,1805,1,0,0.07024626809678702
55,7657,0,0,0.0815628953886165
25,18028,1,0,0.019848329046097464
31,13790,0,1,0.06526504566299737
28,12652,0,0,0.14268969937103135
42,7669,0,0,0.009026411432213577
38,18556,1,0,0.10721273423567955
44,15676,1,0,0.0879502183834515
27,5416,0,0,0.24195942535853618
40,12232,0,1,0.10188324165418612
54,8231,0,0,0.03751083361004676
24,4390,1,0,0.09040290885220723
55,13287,1,0,0.09934862991145096
30,8589,0,1,0.17605850824841962
59,2408,1,0,0.14717070034784333
56,17341,1,0,0.09992821562254871
40,12320,0,0,0.04799587297108268
24,11290,1,0,0.10586490461818444
37,19990,0,0,0.05530969151095261
48,14343,1,0,0.09337056424885137
35,19593,1,0,0.023260873950602796
48,14342,1,0,0.11666502121424685
57,3801,0,0,0.12668660347941463
63,9902,1,0,0.0962655576043839
38,10428,1,0,0.03764853105182491
64,6262,1,0,0.03407387038722791
31,6531,1,0,0.18101950184454385
62,12128,0,0,0.20746802409043716
27,8527,0,0,0.10876544448095908
44,2704,1,0,0.1883769146993968
50,11834,0,0,0.13922635604606584
22,12148,1,0,0.0533574254283759
40,16426,0,0,0.102308607803286
33,2503,1,0,0.07724177330962662
56,9416,0,0,0.1215615094952885
41,18085,0,0,0.08682286462551655
25,5663,1,0,0.09528004722783733
22,15005,1,0,0.12230177880653385
22,7201,0,0,0.05644381126970056
22,4033,0,0,0.07708012091708266
42,14364,1,0,0.09200466977997651
35,15800,0,0,0.16723300377538325
30,18340,0,0,0.19764443344899602
38,14654,0,0,0.03950566244155438
40,6479,0,0,0.0502205859028179
46,14704,1,0,0.04230576123797924
42,1132,1,0,0.16378214239015168
62,7037,0,0,0.0875798648248027
37,4654,0,0,0.044223959456935996
38,10693,1,0,0.09311850509041285
39,13958,1,0,0.01449940360057855
23,11922,1,0,0.022417847317136745
53,4031,1,0,0.022048330138487962
44,7851,1,0,0.14230139872782593
38,2263,1,0,0.1545031522388511
36,11427,1,0,0.053103372906830676
43,14989,1,0,0.059150838854648675
60,5258,0,0,0.03660147003478215
38,10793,0,0,0.024325311456310617
39,17560,1,0,0.04051530233775503
26,2728,1,0,0.09740911774202432
35,19226,0,0,0.09951226343105786
53,6972,1,0,0.012757996776502181
52,6871,0,0,0.047463238796674904
56,14426,1,0,0.06663820354548827
42,7176,0,0,0.10497688903537844
60,8420,0,0,0.03907508429232654
45,4716,0,0,0.12098730583082597
26,3132,0,0,0.05665091298835152
27,17363,0,0,0.11296352015799342
42,2398,0,1,0.11950045425818728
37,3685,0,0,0.06710003770449656
25,16585,0,0,0.262102980204329
23,16077,1,0,0.06755497159080101
48,4704,1,1,0.14472107886631835
54,16730,0,0,0.1369131297036259
30,14641,0,0,0.029973973948163278
31,6666,1,0,0.050540903751594396
44,2044,0,0,0.1415778793848028
26,15647,1,0,0.056342642862414104
57,13772,1,0,0.11443394974935849
46,9332,1,0,0.04181547892521532
36,5843,0,0,0.11076556523487925
46,7294,1,1,0.04417382587773004
28,5822,1,0,0.11975762859942829
34,17920,1,0,0.11012209691677517
44,4475,1,0,0.11714993562719554
63,9343,0,0,0.19095128896910654
58,12997,0,0,0.11092853482794043
48,1576,0,0,0.06536543090581082
35,10287,0,0,0.03558025210930768
61,12873,0,0,0.12341232937673863
26,10789,1,0,0.17538864641941415
34,13331,0,0,0.18415154241901344
39,10019,0,0,0.1426797563793067
45,12875,0,0,0.035799004498045475
50,19561,1,1,0.20461283480387749
39,7526,0,0,0.052253606128429504
62,7458,1,0,0.06778190037561559
39,13732,1,0,0.11028176711268897
48,2245,0,0,0.06843169647948427
23,6176,0,0,0.1198170885896883
27,3749,1,0,0.06346488512361506
30,9555,1,0,0.15845632006123175
21,2871,1,0,0.1301995093188337
59,4725,0,0,0.048940713073103805
48,8787,0,0,0.13205262149552768
58,12458,1,1,0.08441521824443463
35,8889,0,0,0.18255465151511516
25,16304,0,0,0.07084655529441175
35,16096,0,0,0.10866958733643563
21,2404,1,0,0.0980133980811668
34,14060,0,0,0.027277883994486357
25,1026,1,0,0.08721095299982087
30,3883,1,0,0.07940212073297682
49,15342,0,0,0.07265354108565905
63,11863,1,0,0.05225105001706244
31,6796,1,0,0.11084345887525528
64,3494,0,0,0.050274630687516676
54,6814,0,0,0.08806171286700637
26,15697,1,0,0.10232983672367034
21,11512,1,0,0.07277658377192765
25,3038,1,0,0.16793169998815172
52,9991,0,0,0.22169924518255443
50,4423,1,0,0.1138179127384558
60,2870,0,0,0.0511532991761935
44,2187,1,0,0.1414126321808212
22,15328,0,0,0.14081447562455698
64,3625,1,1,0.12487325835007217
59,3937,1,0,0.018954989142462277
52,17390,0,0,0.14296324302023872
61,16607,1,0,0.076626729034212
33,10295,1,0,0.011379114089655707
44,15404,1,0,0.005457038802248202
44,948,1,0,0.05516178031013367
33,3760,0,0,0.011153767460449951
64,7393,0,0,0.10319132583532484
45,15285,0,0,0.014777737801960301
61,2266,0,0,0.0814011290156328
34,13388,0,0,0.04581720855458581
42,1868,0,0,0.06132103264035989
62,19645,0,0,0.052662657096474094
28,4570,0,0,0.054806697949312755
44,14380,0,1,0.1619389492621172
56,12640,0,0,0.27247043408477795
56,8109,0,0,0.1779411470245577
54,15383,1,0,0.02792534718516655
47,12591,1,0,0.12893252506267366
21,9282,0,0,0.16789489627002618
33,13406,1,0,0.02124241419031753
55,6096,1,0,0.04606203618037026
43,15040,0,0,0.13032841220900168
36,14163,0,0,0.03936621159659843
59,9638,1,0,0.19764917831759254
36,13330,0,0,0.12086419050337083
37,16640,1,0,0.11316606971918668
38,13020,0,0,0.1304318376176042
36,6095,1,0,0.15304270599591596
43,5896,1,0,0.028584454951135842
63,19285,1,0,0.05685609108965913
64,16263,1,0,0.08621216143317433
35,6553,1,0,0.05814116758336045
37,14475,0,0,0.12694653291200705
58,1232,1,0,0.12828076957857243
46,14003,0,0,0.033123722925211464
28,4402,0,0,0.12402430152122801
45,6570,0,0,0.03571787646528264
55,18585,0,0,0.05144411711950561
38,3211,0,0,0.10242253345376949
48,15906,1,0,0.11605551678023235
55,8359,0,0,0.0406793788276644
26,9067,1,0,0.15612795691378287
63,9502,0,0,0.11942223339668531
23,18150,0,0,0.1166746482600892
26,10252,1,0,0.07073560715139318
34,5309,1,0,0.10329017972759216
21,641,1,0,0.04923030190413496
49,5054,1,0,0.07010910350468606
44,3590,1,0,0.17593998400125963
36,3014,0,1,0.10931203476771786
64,19862,1,0,0.1108766295820898
32,9127,1,0,0.3593694289849395
59,19981,1,0,0.06418556386209559
46,10525,1,0,0.1162435793348688
51,4775,0,0,0.022271397882614948
62,3330,1,1,0.13736363391504278
32,15316,0,0,0.09465534980784404
26,2734,1,0,0.10863663636403656
55,1512,0,0,0.013280974804250844
49,8113,0,0,0.050810093677431376
29,6650,0,0,0.04137567306828434
61,5036,1,1,0.2533091233699954
52,10522,0,0,0.077783608859232
44,11698,0,1,0.05177441069329879
26,8964,0,0,0.06517576913872503
63,10724,1,0,0.044479968719883724
44,13531,0,0,0.004084153350579208
47,3668,1,0,0.14071922284762958
22,7707,0,0,0.11311166278859923
50,758,1,0,0.08746664643225852
57,19391,1,0,0.07674797214947547
55,13073,1,0,0.034724977242176304
37,16155,0,0,0.013539423512264066
29,15571,1,0,0.030714089047062503
40,618,0,0,0.15213705430429292
45,10021,0,0,0.09394675321973213
32,17461,1,0,0.06999817444166077
48,11722,1,0,0.07452253961163467
61,12158,0,1,0.06646604710079408
26,19253,1,0,0.026200095175440898
31,15115,1,0,0.01950509556024839
41,15470,0,0,0.11531701683863496
28,16076,0,0,0.05656189430743321
54,7009,0,0,0.0641280485878857
23,19480,0,0,0.05403635900783466
22,17080,0,0,0.05039610099675696
36,1142,0,1,0.06017438347909615
39,11195,1,0,0.1499891879841823
52,5325,1,0,0.025900645945089954
27,10677,1,0,0.05529734626173661
55,16263,1,0,0.26821207890771154
28,13991,1,0,0.12480680715127702
62,16094,1,0,0.09092231682123597
43,8874,0,0,0.09737821144482058
54,2009,0,0,0.08755395927602322
22,17675,1,0,0.1536966685595264
52,2041,1,0,0.0471960079467976
39,3762,1,0,0.04930545537795561
43,14589,0,0,0.061767875262785425
22,8727,0,0,0.13773517435921773
48,9790,0,0,0.03599612973743447
61,1764,0,0,0.14826632610126947
64,3833,1,0,0.10035025520271856
59,14255,1,0,0.05870980749503061
52,11541,0,0,0.15480949788041
30,5770,1,0,0.05062271229030402
37,8301,1,0,0.19059180760414904
23,8795,0,0,0.08386396580412753
30,18497,0,0,0.061062522967060745
32,17784,1,0,0.28042434333485244
50,9859,0,0,0.03034955676105011
22,4132,1,0,0.05975079525074914
61,11567,1,0,0.1219126453624106
53,543,0,0,0.18046656580282175
50,13116,1,0,0.2328865650211383
46,11773,1,0,0.12273110287975313
32,18027,1,0,0.13891415831481546
44,9032,1,0,0.2092080723455857
49,11456,1,0,0.020968214495507696
58,1571,0,0,0.04612765911658098
51,16581,1,0,0.0313375116200773
56,6276,1,0,0.08758629645469773
41,15267,1,0,0.14689643178835446
38,5162,0,0,0.038691458365312535
55,7277,1,0,0.12697882932456667
47,5582,0,0,0.10375404589401954
38,18025,0,0,0.07888222145015526
40,15898,0,0,0.08801428948493287
45,14229,0,0,0.08035432020486347
48,6442,1,0,0.0722214758772079
36,14805,0,0,0.02536991137235434
27,10047,0,0,0.03916560599862539
60,14442,0,0,0.02665094103307288
34,5677,0,0,0.052061456688352506
28,11017,1,0,0.11619091998918624
32,19035,0,0,0.03369041950787805
59,2029,1,0,0.060646894230563846
28,15597,0,0,0.10572516669603083
51,14110,1,0,0.09024771822878093
39,8754,1,0,0.06135147012955484
47,18242,0,0,0.1279806129802298
52,14676,0,1,0.11067333614550773
30,10786,1,0,0.16033388002389123
38,6639,0,1,0.049849135682332804
55,13886,0,0,0.038293929009232584
64,2103,0,0,0.10659477295377208
58,5513,0,0,0.05346128820833666
34,8895,1,0,0.010344531624454183
31,4876,0,0,0.11144899646783937
62,11509,0,0,0.2091972793318182
51,17499,1,0,0.04948924827509517
29,7312,1,0,0.07928979065722737
49,8438,1,0,0.05817110664870478
35,8329,1,0,0.18792620178727593
27,14631,1,0,0.015106660298206617
28,14431,0,0,0.17219851015528512
37,5069,0,0,0.14304075598356755
31,17961,0,0,0.08734207337326078
55,13126,1,0,0.06791919481254768
27,17935,0,0,0.1636114678322312
29,17569,0,1,0.14587223268554192
48,11725,1,0,0.08610236237753481
40,14222,1,0,0.02385932219111506
29,12775,0,0,0.23387424157152542
24,12383,0,0,0.07518015763842785
24,10889,1,0,0.09077990515696488
33,5007,0,0,0.018288590253779016
32,7739,1,0,0.01733090348982083
46,14253,0,0,0.02164880107313533
50,14894,0,0,0.08543452619204482
28,9615,1,0,0.15040192040077593
39,2669,0,0,0.018439326453136475
41,3115,1,0,0.07463361179337008
27,17933,1,0,0.1673442323376134
42,2956,0,0,0.012672582242797558
23,6032,1,0,0.2197189504692206
34,1723,1,0,0.06201889650893088
53,4767,0,0,0.19429205567273375
31,16868,1,0,0.06266331776705383
51,5842,1,0,0.11789220226607683
25,16784,0,0,0.09134196929356493
41,16328,1,0,0.05800023321536546
60,14151,1,0,0.04666286033784761
44,5743,0,0,0.06160115290189621
56,19945,1,0,0.0924646244309006
31,12386,1,0,0.17604714252995954
29,15513,1,0,0.07200463501782883
42,7191,1,0,0.25228241217859787
31,13430,1,0,0.12745491491604866
53,13299,1,0,0.08471306236868593
36,12144,1,0,0.07163948289287292
54,12036,1,0,0.12140811580536469
22,14208,0,0,0.0338711231457914
35,19956,1,0,0.02956467946249497
31,17449,1,0,0.06914545406724984
50,6563,1,0,0.09963076845094962
30,17834,1,0,0.09836353190872692
42,7321,0,0,0.053839086215484215
36,5351,1,0,0.1552179571189985
53,4375,1,0,0.026236818956905508
37,14219,0,0,0.12221737502014973
51,9546,0,0,0.07513240236063587
24,16645,1,0,0.17502468379359928
54,16828,1,0,0.20746715081017933
49,10995,0,0,0.02944310533186042
28,4614,1,0,0.015338593782025794
25,2681,1,0,0.05639628134888832
35,19247,1,0,0.08279311837391164
64,6489,0,0,0.040511399953349084
32,756,1,0,0.05521298841456428
41,8239,0,0,0.08301210919177887
40,16200,0,0,0.16921438447768936
33,2282,1,0,0.03264009601161745
41,13986,1,0,0.048562253358345873
28,8609,0,0,0.026710293180011453
50,18152,0,0,0.09005430240943187
28,9251,0,0,0.15100529847828165
46,10675,0,1,0.08648355111157145
34,9407,1,0,0.050726152286866825
46,13778,0,0,0.027508407304376332
45,1882,1,0,0.10282333569637393
48,1463,0,0,0.06177242295209292
47,11853,1,0,0.0534910875090993
33,8189,1,0,0.06631057733929975
46,3762,1,0,0.05301059606088839
30,15528,1,0,0.03969383947439079
38,15113,0,0,0.047921878582633685
30,2625,0,0,0.054198005662980706
44,4090,1,0,0.05253537188132029
55,15756,0,1,0.1259533248655563
47,9822,1,1,0.0581924745235429
25,6511,0,0,0.029097584470876948
24,10820,0,0,0.03582907906415393
34,7383,0,0,0.046080191537228116
46,2325,0,0,0.36498963336289636
33,13123,1,0,0.047958741225000726
64,14078,0,0,0.07463988368453274
47,2024,0,0,0.018323166763606957
60,5361,1,0,0.06311881582300091
61,12680,1,0,0.151880467894247
25,15265,0,0,0.054028134795409175
59,18317,0,0,0.1925914354821366
23,12275,0,0,0.029250715130382327
25,2328,1,0,0.06743350879041642
44,7377,0,0,0.05555738333060271
44,5433,1,0,0.03665759848205601
49,19758,1,0,0.10330530380625295
22,766,0,0,0.10945617701233731
25,7824,1,0,0.08608836835036848
55,10600,1,0,0.2071575074996017
47,6336,0,0,0.08533612266056302
37,14753,1,0,0.18142429338856486
29,3060,0,0,0.05377998704361238
30,18564,0,1,0.23256150052826513
34,8304,0,0,0.026724080936639808
42,7676,0,0,0.1174627279301003
56,18504,0,0,0.06703927830102438
40,3400,1,0,0.04124364926874084
40,9646,0,0,0.03879935120564912
62,1067,1,0,0.14393636421825745
25,10475,0,0,0.041071278904894405
22,6837,1,0,0.18932489924625875
64,14935,0,1,0.10251921081965712
62,10488,0,0,0.055145294009676896
38,12692,0,0,0.1957698541626383
31,18065,1,0,0.08789556320664996
26,19033,1,0,0.017220980585028883
27,4720,1,0,0.09804245627090231
60,10290,0,0,0.08506896642626906
53,15735,1,0,0.05547909697879759
58,2983,1,0,0.09749354054277774
43,9877,0,0,0.11954071294717859
49,11364,1,0,0.07692031828396233
60,17416,1,0,0.049794409398189514
36,2221,1,0,0.04492935879818595
44,17329,1,0,0.14424523630559044
33,5138,1,0,0.060614752537150644
43,17225,1,0,0.1281692573147787
30,13267,0,0,0.07536626024271768
30,8326,0,1,0.1824691643566512
36,3110,0,0,0.06506290841169703
62,7251,0,0,0.1719819157123468
32,14929,1,0,0.08427969312516356
50,4542,0,0,0.021078252681001563
46,13558,0,0,0.05697843760860092
47,4954,1,0,0.07137097490462278
26,2083,0,0,0.09642886329601796
55,12516,1,1,0.16084146551217465
55,16343,0,0,0.13955528450918098
25,19257,1,0,0.08922478879657952
38,10286,1,0,0.056632173126016316
59,12316,0,0,0.026279504745959793
31,13786,1,0,0.04841714488701476
43,8540,1,0,0.04207889371490053
57,1208,1,0,0.041148104784176735
56,5227,1,0,0.05201203007389612
38,7894,1,0,0.0321901414766069
52,13213,0,0,0.10281786328744703
61,6445,1,0,0.017084233631664465
40,4613,0,0,0.04571346059915712
63,18151,1,0,0.06782929819122199
54,2320,1,0,0.02721169561802357
49,15869,0,0,0.021008348853816985
52,2324,1,0,0.20573873587510974
29,6749,1,0,0.0810888739277295
21,17083,0,0,0.048890875136981406
57,16914,1,0,0.17675277522480692
52,7953,1,0,0.1710476086987727
62,843,0,0,0.07213984291832198
43,18836,0,0,0.07579028801731251
37,17827,0,0,0.049460262392082024
57,10186,1,1,0.11770874517100005
62,1056,1,0,0.11563230562577849
56,13984,1,0,0.07750406663390108
57,15769,0,1,0.21033646577238377
28,16625,0,0,0.039340835045545884
59,14753,0,1,0.051666191325100426
21,17552,0,0,0.05499032973668561
54,10452,0,0,0.06090677180306297
29,3669,1,0,0.02361984162355002
22,13943,0,0,0.06072729210587151
53,4725,1,0,0.08384680665495395
35,12783,1,0,0.0557197143976586
59,3426,0,0,0.21237443236305475
33,1265,1,0,0.09665023229805447
51,9188,0,0,0.013953915581853304
49,12044,1,0,0.08081026581266013
57,3523,1,0,0.21515803307118397
58,15804,1,0,0.032158114084311004
46,13191,1,0,0.019161328965344383
36,16108,0,0,0.22418901386178564
43,7575,1,0,0.10252693423974922
47,13354,1,0,0.1471674552226371
63,19299,0,0,0.01449783770282583
28,4054,1,0,0.0921210170129856
24,16423,0,0,0.05906443750570737
41,12765,1,0,0.08509104311501424
39,14623,0,0,0.13389639830554376
60,12702,1,0,0.05659882494317224
33,13929,0,0,0.12495733938014815
27,15704,1,0,0.08395549202366574
26,1272,0,0,0.10961342062279905
60,1119,0,0,0.03946951195656232
47,2131,1,0,0.06993433289869067
63,18626,0,0,0.01882546497016276
32,8926,1,0,0.06578810830186956
24,19829,0,0,0.09300622339727158
41,18336,0,0,0.0910129296957247
28,7227,1,0,0.03980598914173177
27,2333,1,0,0.08162626290454744
59,16936,1,0,0.1294086619671336
38,8692,1,0,0.04973157481304565
24,6308,0,0,0.03444295582992936
29,15981,1,0,0.046165543861019946
37,9899,1,0,0.1114723294134612
60,6735,1,0,0.04951091669114507
49,8231,1,0,0.09248999437249598
43,18622,0,0,0.07233213203240679
46,6397,0,0,0.12099380386611408
56,18726,1,0,0.08496859047150988
29,11989,1,0,0.12355623313580648
42,1610,0,0,0.21254635877089495
37,2701,0,0,0.04031793409914783
22,12519,1,0,0.07115105058062984
45,3168,1,0,0.09335324798376655
51,3338,0,0,0.10064816322286632
50,9526,0,0,0.0632103457050335
23,9099,1,0,0.026532495894167455
38,18856,0,1,0.057341847254663875
38,18007,0,0,0.12338220291226099
27,18633,1,0,0.03407370662177551
45,1930,0,0,0.10233358270535134
44,16171,0,0,0.07907591162328054
55,18778,0,0,0.057406931109551876
54,12429,1,0,0.077431010604446
60,19891,1,0,0.07584273152230217
39,16156,1,0,0.11301274258267853
30,13569,0,1,0.035633640025628834
44,8411,1,0,0.08547442486005186
50,7447,0,0,0.061598136429319786
35,8202,1,0,0.097832030064162
41,5394,0,0,0.05868585438885621
61,11782,0,0,0.07743403331888497
54,8935,0,0,0.055196889244626283
47,6298,1,0,0.17191713958377428
62,4006,0,0,0.09160621406518449
21,10563,0,0,0.09353827993082722
44,891,1,0,0.11970828834437564
32,7784,1,0,0.05116222956027595
33,1723,0,0,0.05488821127288413
55,7043,1,0,0.0829920867741478
56,13439,1,0,0.17517440575327714
42,12934,1,0,0.09607878396861767
44,904,1,0,0.06415026218113193
47,14307,1,0,0.04996704999055695
59,6378,0,0,0.05410315853850232
21,9778,0,0,0.04566298849690529
45,13689,1,0,0.08861639697688406
23,1208,1,0,0.07314210595054674
62,3908,0,0,0.02454271134532017
31,3723,0,0,0.19069781913420153
21,6979,1,0,0.0992574073111405
56,809,1,0,0.1794542582529032
53,1113,0,0,0.04126055642570942
60,10490,1,0,0.11887303591499983
36,2692,0,0,0.012771826518745538
33,8992,1,0,0.11936998717060979
50,4905,1,1,0.10143433118866008
62,19909,0,0,0.051692493732107915
62,2960,0,0,0.044486869544187464
38,9862,0,0,0.07515695612970946
49,9705,1,0,0.10548086473679547
57,14903,1,0,0.04439733262870553
53,2975,0,0,0.012235385063584433
47,19306,0,0,0.04495925863805372
27,6451,0,0,0.06651740764629119
48,1180,0,0,0.07483559543591337
28,14609,0,0,0.10072075728446697
40,11075,1,0,0.13699335784141034
46,13250,0,0,0.2232189689565971
22,18273,0,0,0.07221555149401962
39,7968,1,0,0.11163972055329287
34,18204,1,0,0.028042210251395593
25,18656,0,0,0.026105306208953835
49,11179,1,0,0.12222857925555822
53,15850,0,0,0.049101025703280475
60,1158,1,0,0.14989714520406727
51,12339,0,0,0.006780622494329337
29,2068,0,0,0.17124055092081883
25,9017,1,0,0.023632544863279575
57,15122,0,0,0.1635270290116813
23,1670,0,0,0.042902246141599015
37,8426,0,0,0.11064250693678035
37,8550,0,0,0.07769991295853176
28,5143,1,0,0.05849330220641373
48,11132,1,0,0.055790914907228595
54,16259,1,1,0.10199127706423504
60,19824,1,0,0.19718660945625743
41,18170,0,1,0.1382839547150502
40,19056,1,0,0.052571570319280315
29,4469,0,0,0.08955800892775148
24,2688,0,0,0.032522075363538724
57,4064,1,0,0.04315668902970949
57,19595,0,0,0.057804970121856564
64,4760,0,0,0.0519078957502155
26,15215,0,0,0.05472690210661527
39,8410,0,0,0.0896634547843577
49,13797,1,0,0.09578725248619484
59,15183,1,0,0.09158824434994654
39,18119,0,0,0.17005968517151204
27,2193,0,1,0.2287677006457665
61,6838,0,0,0.174021648894926
24,2804,1,0,0.10139437990366065
52,8286,1,0,0.0656087265242723
37,7615,0,1,0.20044139116982979
21,17483,0,0,0.0932679101951806
44,14217,1,0,0.11652611432900276
37,2527,0,0,0.17421185299910363
40,9189,0,1,0.052105591047513916
28,14328,1,0,0.018989466807325717
50,14948,0,1,0.09903552050784466
33,16291,1,0,0.1098344442783036
27,4880,1,0,0.0771949985695649
38,17758,1,0,0.20042110846589367
29,18119,1,0,0.06799897081722805
44,4773,0,1,0.18556632579002894
44,13373,0,0,0.07559091089267528
56,13745,0,0,0.025246376705923043
64,17648,1,0,0.019576145604404096
24,2171,0,0,0.15920874618881956
22,5032,1,0,0.0840344487982966
40,17288,1,0,0.060204660433663654
23,1198,1,0,0.10165916232536426
58,9895,1,1,0.05978214142409837
56,6223,1,0,0.11326263877230548
40,12671,0,0,0.09407979297673022
63,9727,1,0,0.05433281435709074
43,17101,0,0,0.11424146907259727
45,2008,0,1,0.15773830595628505
55,10367,0,0,0.12585199119345977
45,10611,1,0,0.01629027364376251
52,10418,1,0,0.08370453407462365
31,2008,0,0,0.054266687217348855
43,9560,0,0,0.16280128932780516
56,17673,1,0,0.17186211071179763
63,12213,1,0,0.19574411750613005
29,2625,0,0,0.06451719694735387
22,14487,1,0,0.056087403279881834
47,18607,0,0,0.16398552785421033
23,16200,0,0,0.016728724514239634
51,2325,0,0,0.045562776673190086
39,1081,1,0,0.10442661442134595
56,3937,1,0,0.14009844027176474
27,7287,1,0,0.07057104302745992
23,18541,1,0,0.07381366795598544
30,8934,1,0,0.029586610055239826
23,19418,0,0,0.05765300989775984
27,2424,0,0,0.20215392333812518
54,15349,1,0,0.13794850235166245
51,15156,0,0,0.14942912813837791
48,19209,1,0,0.031545114625372316
39,10696,0,0,0.04294593203645584
30,12308,1,0,0.04969372921234533
57,536,0,0,0.10385002219101769
59,17689,0,0,0.05806839010202488
32,12811,0,0,0.026898092813878106
60,14167,1,0,0.08212278075609485
48,7110,1,0,0.1385014986263006
36,2013,0,0,0.03162540836364127
30,14673,0,0,0.10405783693444295
46,14789,1,0,0.08390379720935884
21,4004,0,1,0.18512707258856376
34,16580,0,0,0.02862290422497416
51,523,1,0,0.0714021534697149
42,13231,1,0,0.21840433931944556
27,2193,1,0,0.0843438099442972
28,15162,0,0,0.07457644827003684
51,9087,0,0,0.04490943327362786
57,6883,1,0,0.18698014941043872
51,15086,1,0,0.1241418397354794
27,16165,1,0,0.12227651719804081
50,12276,0,0,0.2200822619884027
33,14800,1,0,0.0241052755802536
47,791,1,0,0.10718494172228887
46,16519,0,0,0.08082258659768919
59,12036,0,1,0.036722897720566125
57,3563,0,0,0.14337264034551342
24,9902,1,0,0.1716906880473476
21,12726,0,0,0.005679436926888822
62,16032,1,0,0.13354282722005045
34,10602,0,0,0.09024066717918733
23,5504,1,0,0.017646883402270497
29,5459,0,0,0.06410735980832766
42,14519,0,0,0.0347234496540034
60,17315,1,0,0.08922392771513044
61,12819,1,0,0.07797112237826456
49,16081,1,0,0.04328909562470683
32,12648,1,0,0.09468816660225805
52,10079,1,0,0.10006305908202269
57,8408,1,0,0.027170643399750963
39,10039,1,0,0.1288207811284004
47,750,0,0,0.05732820312260777
42,11782,1,0,0.08826113270727981
58,4159,1,0,0.14735716297968315
47,18053,1,0,0.16708630190982726
23,16962,1,0,0.09362447856611342
59,10134,1,0,0.0526652693343787
45,12528,1,0,0.20982840429699817
39,1234,1,0,0.02223359079667116
29,11773,0,0,0.02899651943292082
51,17077,1,0,0.01892817311565159
21,10750,1,0,0.040130298813486724
28,17283,0,0,0.11486568074558896
51,2000,0,0,0.12221450459590182
32,19507,1,0,0.0623433266743018
53,7279,0,0,0.18581761253942858
32,1029,0,0,0.014325248789085105
53,12573,0,0,0.09482679885445688
50,12482,1,0,0.03754493435523713
52,2948,0,1,0.08641047250545217
53,7265,0,0,0.09314762595542135
56,18459,0,0,0.08088557330863189
37,4187,0,0,0.1034797348293142
41,1916,1,0,0.0374197378244764
24,16522,1,0,0.08034904545496188
36,13755,1,0,0.0437660491811487
41,10229,1,0,0.03269845167847755
54,6374,0,0,0.09714204435833301
60,17488,1,0,0.0722156965531262
50,17341,1,0,0.014024357342702545
26,516,1,0,0.022477846907956584
29,16623,0,0,0.02062956011520902
44,9721,0,1,0.1810808659023924
40,6997,1,0,0.022289967870412465
61,7293,0,0,0.0974471921246037
29,9511,1,0,0.08051907394427271
46,11688,0,0,0.1275582111590501
55,19202,1,0,0.015619592529244324
40,988,1,1,0.13419458800587547
31,12354,1,0,0.1224441231540144
26,1781,0,0,0.12240782214155185
48,617,1,0,0.10986932599886963
48,6409,1,0,0.12818093936866673
53,15656,0,0,0.03117572861908221
57,7239,1,0,0.060156032440743634
64,7545,1,0,0.15315321652769612
29,18098,1,0,0.1075071053131494
40,5878,1,0,0.11430298052442718
35,15472,1,0,0.04432445924620222
59,16726,0,0,0.06569401916370228
26,13132,1,0,0.026848782183627275
50,19366,0,0,0.09581936616756578
34,19682,1,0,0.035914931952752874
21,1709,1,0,0.053096783181648566
47,3818,1,0,0.011413417293445612
38,8111,0,0,0.03397669275229693
51,13488,0,0,0.04367739005156675
38,5954,1,0,0.025368832441965652
29,12928,1,0,0.1621514452686043
26,18006,0,0,0.014052593017269336
28,621,0,0,0.0471147591564466
40,17420,0,0,0.03025564523374465
32,9979,1,0,0.09047237637822812
26,18071,0,0,0.12385555693435829
34,13764,0,0,0.07526844343325635
57,1331,1,0,0.12208089774362177
57,18094,1,0,0.18529866553552712
36,1477,1,0,0.012438052313969793
43,5380,1,0,0.0643430060452539
29,11252,1,0,0.2463679849891899
39,18127,0,0,0.026360655835130555
47,3754,0,0,0.05522078430217366
21,10994,1,0,0.04720009999969112
58,2696,1,1,0.08422837024268193
60,7124,0,0,0.050260812006762294
62,5576,0,0,0.10640196777463852
30,8843,0,0,0.09100570614579796
60,14333,0,0,0.10895441558440776
26,14552,0,0,0.09064223586950754
59,13597,0,0,0.20637496678101352
26,1035,0,0,0.03633283852612953
36,15811,0,0,0.14985352364649462
62,13111,1,0,0.02525788195363635
43,1723,1,0,0.03135321203361895
30,18961,1,0,0.12296164577451066
37,15445,1,0,0.04145982156392938
35,13990,0,1,0.09580109596342919
61,10067,0,0,0.05170349218982493
39,15997,0,0,0.025449336602058416
25,6603,1,0,0.08298465674784146
28,14633,1,0,0.02693217375182768
45,12400,0,0,0.05136061817740091
21,12399,1,0,0.05976822294346792
31,16090,0,0,0.12465873487093455
47,3877,0,0,0.07503638334230826
58,2525,1,0,0.18241291456165834
25,11327,1,0,0.06408612471202488
35,16242,1,0,0.18742667951259018
38,5443,1,0,0.11390884319195435
59,11604,1,0,0.05061049801035556
55,19165,0,0,0.03841248564992642
61,12591,0,0,0.07413636042259787
48,2034,0,0,0.11762502111754981
28,17639,0,0,0.04164983708498362
62,19533,0,0,0.15112343947723908
54,14344,1,0,0.023805821131958085
50,12406,0,0,0.020028326140394792
36,11878,0,0,0.04369292942780106
55,12653,0,0,0.17929594946854815
38,7052,1,0,0.05277160348685172
35,13072,1,0,0.07741468920656225
33,10451,0,0,0.19100946438778849
50,15944,0,0,0.0749830583273231
48,16813,0,1,0.18585634239820162
30,14341,0,0,0.040452697721069436
36,19914,1,0,0.1285927286114447
30,9249,1,0,0.08031313063780764
53,15244,1,0,0.003257399567199535
36,7182,1,0,0.08874499508879573
55,15908,1,0,0.05251414484650772
31,5714,0,0,0.06432134265169435
38,14138,1,0,0.04091443348963659
22,778,0,0,0.15176120944697663
21,15455,1,0,0.2250048745120397
22,6165,1,0,0.03836358932330901
23,5242,1,0,0.14996008510402814
61,7013,0,0,0.055658303543335855
33,8764,0,0,0.052483410913088106
44,3002,0,0,0.10207457707604264
62,11341,1,0,0.08342767442206245
42,2916,1,0,0.0689207906261301
38,11214,1,0,0.15034812860126062
53,7690,0,0,0.09946631614464298
53,12146,1,0,0.13836673334338903
25,3451,1,0,0.09270821150618423
62,19483,0,0,0.05744141923850728
26,792,0,0,0.09581450086333718
36,17177,0,0,0.08302856378899008
62,7363,1,0,0.17335823066555428
45,16642,1,0,0.15945149682657633
46,12128,0,0,0.22628760514191826
58,16692,1,0,0.18283539338162547
40,11322,0,0,0.054429026143508696
48,15969,0,0,0.03340325857563026
45,13283,0,0,0.019782857003061774
25,13744,0,0,0.04091681551478004
34,11643,1,0,0.09656186241145309
54,5502,1,0,0.08637399532418474
35,17053,0,0,0.025860586658223685
60,17187,1,0,0.08783653439055822
63,14599,1,0,0.08272963784232326
54,5954,1,0,0.08601185099871679
21,8443,0,0,0.04650345866392659
54,14635,1,1,0.18232449900823886
64,4142,0,1,0.05459429657482281
54,2664,1,0,0.06327923402172418
49,8352,1,0,0.02997349522623867
47,11171,1,0,0.20757729981339074
42,17926,0,0,0.09359721118263661
31,6716,1,0,0.05707618726889523
42,4716,0,0,0.07832396231663634
61,14236,0,0,0.11207830177692112
24,17563,1,0,0.07842875627348206
26,17178,0,0,0.13715676856920153
59,12834,1,1,0.047657174696805873
57,802,0,0,0.05265766811421622
43,13230,0,0,0.0960147238926089
36,2729,1,0,0.18452926612505896
25,15855,1,0,0.05788952672527815
50,18547,0,0,0.07224938199728112
44,12409,1,0,0.10460458926445455
56,5165,1,0,0.04961001851188976
36,6323,0,0,0.018005821052728264
56,14750,0,0,0.27458757965221514
63,15319,1,0,0.03465876059789557
28,16344,1,0,0.10054819605850943
54,2482,0,0,0.041716426241773394
47,14940,0,1,0.0701242351876943
38,19228,0,0,0.07988920575380136
30,1126,0,0,0.03976395847214735
27,8906,1,0,0.03897558935076066
25,14840,0,0,0.05190640832927102
32,10818,0,0,0.0700642942939692
43,19250,1,1,0.152803955680415
44,13686,0,0,0.034219140684912004
64,7691,0,0,0.06562293386649996
53,12631,1,0,0.04918144784965844
64,14349,0,0,0.08621122566754826
54,15741,1,0,0.15199436672671301
46,5891,1,0,0.11159060879990104
56,18363,0,0,0.05616893288825784
54,19950,1,0,0.10318410967631135
56,4705,0,0,0.025520967667553372
31,4562,1,0,0.05679381159183148
52,8001,0,0,0.11800606075229954
30,6458,1,0,0.1091227669473884
34,4135,0,0,0.06598915873825893
52,3774,1,0,0.0590719999337573
43,14342,0,0,0.02205286819327942
55,19125,0,0,0.11723314012429262
52,2366,0,0,0.026041930835577595
53,11642,0,0,0.03650900927593152
27,5956,1,0,0.10436714396146278
25,5316,0,0,0.20978001754877168
31,11656,1,0,0.08931523738334099
36,3122,0,0,0.07374123936137922
57,2121,0,0,0.017937004808629545
22,17558,1,0,0.04884030573967825
44,9198,0,0,0.23472365834149228
55,1721,1,0,0.08390840451627365
36,17593,1,0,0.15916460561480988
34,13043,1,0,0.09975693497478742
29,14899,1,0,0.08461776405313379
39,12397,0,0,0.16602399713191454
48,9740,0,0,0.10405465132681073
46,15550,1,0,0.006959188718144636
58,7223,1,0,0.006906490906657705
21,13796,0,0,0.04951666199612948
33,17707,0,0,0.18393358503265342
36,16811,0,1,0.0932675118968911
38,11313,1,0,0.09171796187892889
53,1241,0,0,0.06426433513688644
25,799,1,0,0.02885302495570134
33,8890,1,0,0.027725433922751987
23,13426,0,0,0.18798628061075345
46,2078,1,0,0.07490270212688532
63,8509,0,0,0.044085469256549666
63,8401,1,0,0.07555456060316958
23,9446,0,0,0.16749287549467978
26,11436,1,0,0.1401274436207153
46,5943,1,0,0.2082054051374209
32,12078,1,0,0.07514132288273205
31,9327,0,0,0.1213853371869611
51,18532,0,0,0.03609015429829176
34,6829,1,0,0.10559945021855643
47,18473,1,0,0.025010997827407254
22,19261,1,0,0.124233124760412
64,6540,0,0,0.2446466686571412
24,8445,0,0,0.051014768837528056
22,14131,0,0,0.027176293045620963
39,9441,0,0,0.24747660554271492
59,14397,1,0,0.16726764544159495
49,5552,1,0,0.07125368075286304
42,19164,0,0,0.17718037389675922
33,14113,0,0,0.13464463588457806
30,2136,1,0,0.06403611740118692
49,5241,1,0,0.03889552930486454
43,12534,0,0,0.13855711073726729
47,6213,1,0,0.027446434660550988
39,8441,0,0,0.05420402641370453
34,13107,1,0,0.2315583904315464
28,7272,0,0,0.042649636317247545
33,18130,0,0,0.09659372874626358
30,12541,1,0,0.19801955123975545
42,8680,0,0,0.016359168823841575
33,5950,0,0,0.13738885625375616
56,6265,0,0,0.016114803287075784
45,1199,1,0,0.062227219546548015
34,2179,1,0,0.02660115037008584
24,15666,0,0,0.08413993799931974
26,15488,1,0,0.06252429391836135
24,2192,0,0,0.02273421827102871
35,11273,0,0,0.11547037011032847
35,6899,0,0,0.028326317681133487
23,14102,0,0,0.14104656791438266
52,12101,1,0,0.0466698557091669
44,16091,1,1,0.1196403968912333
64,12662,0,0,0.01758986904772085
60,4398,0,0,0.07151553074244989
21,13492,0,0,0.050661529476078625
51,16779,1,0,0.05626299044055471
63,19892,0,1,0.09867131858893233
56,14221,1,0,0.029216849780576013
51,8327,1,0,0.00842493727786766
27,10426,1,0,0.006782753299490282
60,3181,0,0,0.05784000626932335
57,12920,1,0,0.1367149196998111
44,3190,0,1,0.11230727778285648
61,5574,0,1,0.17588647063712487
41,10449,1,0,0.06614990211609333
44,9830,1,0,0.18526476816202114
55,7982,1,0,0.20250036672468044
52,13121,0,0,0.19729878975312173
45,18306,0,0,0.04352258812007488
55,18495,0,0,0.19756904989168803
60,10463,0,0,0.10206370967629812
49,11258,0,0,0.06090607525046535
60,9313,0,0,0.17010275893034998
39,17992,0,0,0.0299161077672166
44,17315,1,0,0.027899612505382376
49,1558,0,0,0.12310090680630667
46,16024,1,0,0.030148061825681177
28,1084,1,1,0.07214959764846529
41,14420,0,0,0.05970583540390166
26,7104,0,0,0.1192616240147214
51,10783,1,0,0.19211925581222106
56,15766,1,0,0.11931801281353215
51,5076,0,0,0.06303574657904992
59,3091,1,0,0.06267613132678111
49,11565,0,0,0.06877954785114258
37,16840,1,0,0.07305481824272762
23,2757,1,0,0.021419344293371417
22,8058,1,0,0.05383160261623984
63,10967,0,0,0.04119721916001243
55,4933,0,0,0.0506491801236822
35,17103,0,0,0.10597121861958483
63,12169,1,0,0.10164134531864921
31,10542,1,0,0.18141655507923143
54,3206,1,0,0.12212729046125177
30,1835,1,0,0.008959387113803266
52,3728,0,0,0.10346176218352075
24,1110,0,0,0.16536384530615833
51,10926,1,0,0.12229224047396123
41,17279,1,0,0.10913867903455299
46,15281,1,0,0.13201285737044446
22,4873,1,1,0.1396646090528423
37,4324,1,0,0.0961147923924083
28,10751,1,0,0.09954442123365356
48,15661,1,0,0.159299718216182
21,15647,0,0,0.05688876767273005
60,10675,0,0,0.04860819243699746
28,5437,0,0,0.07861956978700578
43,9921,0,0,0.07245753826205995
64,14880,1,0,0.15837011016663663
39,17653,0,1,0.22453877753688417
44,1968,1,0,0.039709566187949644
63,15597,1,0,0.010001702608423755
23,15097,0,0,0.04494589090178628
45,4660,0,0,0.03913802686081893
45,1747,1,0,0.22166459072945247
52,6523,1,0,0.16954829166293497
47,5904,0,0,0.0359478124326695
42,2709,0,0,0.19014604449125527
45,5505,1,0,0.05322621481383313
33,4314,1,0,0.04298922242079312
35,17882,1,0,0.04381790010698433
62,2174,1,0,0.1381277837029198
49,10922,1,0,0.06783136975809533
51,6865,1,0,0.0778055099712502
27,16939,1,0,0.14090355428938514
38,9752,1,0,0.03744533636991572
30,11854,1,0,0.04353960491888441
62,8221,1,0,0.021322627832397523
64,16234,0,0,0.04329840813328986
35,13523,0,0,0.02157504297721139
39,11251,0,0,0.07916133623299261
51,8230,0,0,0.08397824790030844
27,9273,0,0,0.03597237060257418
45,5428,0,0,0.012781833144930883
30,13330,1,0,0.03229574053561109
44,6254,0,0,0.12744843251155785
52,6085,1,0,0.08042686306975565
53,9596,0,0,0.13794278804545554
26,18415,0,0,0.07384122617179913
33,9069,1,0,0.0928043950383546
36,18208,0,0,0.04269231159117263
52,10771,0,0,0.10011209955929067
35,1918,1,0,0.012944978609298784
41,11887,0,0,0.18726155125086494
31,18377,1,0,0.10349137405480668
36,17702,1,0,0.08429080129955953
41,4046,1,0,0.03528499787554779
30,5725,0,1,0.1005864234643002
25,13784,1,0,0.06966359439076622
27,9021,1,0,0.04412371878276623
41,16550,0,1,0.09474309245582177
28,10648,0,0,0.02882292932834383
22,5204,1,0,0.05779779778638458
57,6969,0,0,0.012692457274946441
63,2696,0,0,0.1723554165754274
43,6078,1,0,0.08170174238699003
47,15245,0,0,0.06523569030820665
28,4831,0,0,0.10899854840793474
24,9127,0,0,0.14224020734855222
24,4007,1,0,0.044328199567512445
29,9990,1,0,0.13774521271669382
25,19331,1,0,0.034853361315067694
53,15356,0,0,0.11970117122247231
54,15404,1,0,0.018401062972251515
53,5449,0,0,0.01683203066393544
33,6494,1,0,0.023516599006100935
37,2394,1,0,0.05391877247298462
36,18462,1,0,0.1135087886314043
27,19175,0,0,0.08616216843607383
41,7110,0,1,0.10276496611985521
44,14143,1,1,0.04293415213619893
30,4615,0,0,0.04497138045453181
33,13216,1,0,0.12301281443060319
41,2354,0,0,0.022156402916318752
25,6992,1,0,0.06100402355376183
46,8167,1,0,0.04884615227652381
36,19916,0,0,0.10713127642799794
52,9610,1,0,0.18652679391316854
54,4839,0,0,0.14892448930564342
37,1419,0,0,0.03155625990390051
36,3972,0,0,0.025337246620140867
44,5224,0,0,0.06949750065761727
22,6706,1,0,0.14457765710431117
29,3156,1,0,0.07682969742645598
26,14909,0,0,0.045426877542289565
33,8043,1,0,0.07559417090469905
47,5121,1,0,0.08589297972200521
31,10751,1,0,0.037223429543376735
43,6598,1,0,0.18051326078171606
51,13836,0,1,0.05466664908148697
50,10827,1,0,0.03363968144044531
44,18679,0,0,0.09123728272262414
46,13173,0,0,0.05167451561180476
40,7654,1,0,0.15515256212015613
42,3409,1,0,0.0324390388594752
55,2481,0,0,0.006559264074412423
41,13265,0,0,0.10942060640044744
36,1142,0,0,0.054566399161459785
63,7930,1,0,0.19913552097936618
61,899,0,0,0.043180912326741705
58,7250,0,0,0.04823320287248531
57,17729,1,1,0.12775952422682163
37,2040,1,0,0.06824108563409235
63,19501,0,0,0.0840380880360899
49,19492,0,1,0.10100253034537046
60,17340,1,0,0.047017631583154744
21,14015,1,0,0.14806240275340682
25,3979,0,0,0.043533844675868315
21,2447,0,0,0.08492812777346676
64,18424,1,0,0.12632376869254194
35,7641,0,0,0.07783403844759387
22,9267,1,0,0.08162581265018679
54,2061,0,0,0.1168709631212691
55,1666,0,0,0.10308692513913768
61,11059,0,0,0.06016798414049419
46,8408,1,0,0.13509609824665209
51,14152,0,0,0.08591358136537275
48,16765,1,0,0.08217826703145364
52,1602,1,0,0.1344854257167988
43,19422,1,0,0.1619294184966882
22,18482,0,0,0.078336782162061
28,11680,1,0,0.046832719682237796
61,7795,1,0,0.06709902067379175
23,3749,1,0,0.13776706253221124
24,5078,0,0,0.12695270634424385
56,14172,1,0,0.18611845307071845
62,3032,1,1,0.20019107647300285
40,19327,1,0,0.10516544916380831
27,3339,1,0,0.09556106517662197
46,15215,1,0,0.07779625507091431
22,17071,0,1,0.21274427976975596
36,6267,1,0,0.33980192211473464
45,9860,1,0,0.09573035557693917
59,11747,1,0,0.05804387594068676
26,16069,1,0,0.02386513482212325
47,1497,1,0,0.13096522756892323
22,4928,1,0,0.08448617049045677
41,3422,0,0,0.15870821164514917
50,6700,0,0,0.07231288204036086
22,13623,0,0,0.07200737105281359
53,8545,1,0,0.138418539611601
64,10097,0,0,0.13484152095621849
33,9363,1,0,0.09649476031745355
54,603,1,0,0.18651027415970858
44,2404,0,0,0.1066270905571549
61,4929,0,0,0.08235167863372037
46,1377,0,0,0.021654485932018464
56,16533,1,0,0.11486306407618323
28,19919,0,0,0.07560933453856851
32,9953,0,0,0.03682494637547093
40,13497,0,0,0.16556968670285652
60,1597,1,0,0.1486823175259094
49,1568,0,0,0.21343551113026202
30,12295,1,0,0.1933585244229083
59,15565,1,0,0.005476304684912716
48,18620,0,0,0.14381962631656522
39,7541,1,0,0.08139662885165194
37,8660,0,0,0.01288373049687132
51,16030,0,0,0.0450110090525465
59,3244,1,0,0.07971388231905836
43,19021,0,0,0.18042273329938388
58,6304,1,0,0.0672466802761944
52,1018,1,0,0.03511248496489897
24,15912,1,0,0.016397451186207727
55,19303,1,0,0.022564640600343636
45,9892,1,0,0.07755365266597528
44,3732,1,0,0.09752322289103345
47,3452,0,0,0.02320389851757501
23,6296,1,0,0.07742513415311335
60,10908,0,1,0.13792262613816464
59,12725,1,0,0.023481279318970715
64,14115,0,0,0.11854734001122087
47,14460,1,0,0.09616219552234227
31,5196,1,0,0.06827208664079819
47,3819,0,0,0.05481136189695873
33,19051,1,0,0.05466699350957247
43,3168,1,0,0.13621227338041922
56,10437,0,0,0.10714564331844845
28,6087,1,0,0.20936768176323944
41,14759,0,0,0.10137533860918763
42,6849,1,0,0.021312688147844695
61,2458,0,1,0.1774155946479297
44,6705,1,0,0.09364118179160669
36,2461,1,0,0.2060735069044437
37,3840,0,0,0.09332213200149832
34,9719,1,0,0.22626620447507095
27,19430,0,0,0.0482118163917312
52,4466,1,0,0.05909805672072022
54,16062,1,1,0.09782704299131623
29,10649,0,0,0.055214511557917824
41,19610,0,0,0.14753445938840767
54,10649,1,0,0.03607300613256526
51,2521,0,0,0.029527491160050795
24,8500,1,0,0.05974279656943791
23,1973,1,0,0.019328761687803574
24,4827,1,0,0.09271139495486527
43,10951,0,0,0.0599802148701833
61,18050,1,0,0.022169515966569315
24,12482,1,0,0.005936345505283103
51,7612,1,0,0.058783292537033786
53,12885,1,0,0.0016867722444704682
63,5264,1,0,0.04122345164386748
46,2318,1,0,0.12126757273109612
63,14808,0,0,0.11809115540114928
40,16954,1,0,0.17007908046172784
32,12440,1,0,0.07204061332727035
63,10049,0,0,0.10151059990159018
43,9429,1,0,0.028182393363270775
35,7678,1,0,0.11233969477035811
49,19413,1,0,0.11566801952459287
39,10336,1,0,0.04816643025175539
53,17501,1,0,0.14896863216067024
53,1288,1,0,0.04615977019755482
21,7374,0,0,0.09975122960294128
44,4693,1,0,0.01240412893913273
58,2771,1,0,0.12093700748047718
49,19970,0,0,0.11410626038578081
52,1514,1,0,0.06528064303598631
63,11274,1,1,0.173187342075749
36,4739,0,0,0.041071374671239405
51,2031,0,0,0.13061834125605679
22,19659,0,0,0.03957362782203349
27,6210,1,0,0.149436722812341
51,7354,1,0,0.048051579193934574
30,4103,0,1,0.043295627915059184
55,13882,0,1,0.022372514816675182
59,18531,0,0,0.04726651850753274
60,7114,0,0,0.15870203450926684
23,16221,1,0,0.01902148518236987
35,8475,1,0,0.021021381479156893
43,11164,1,0,0.12553656444354727
21,16107,0,0,0.1822634997528384
60,19059,1,0,0.06461839182480189
63,12372,0,0,0.013825903457833194
55,7770,0,0,0.03710444191529037
33,9643,1,0,0.051987634007525214
26,17366,1,0,0.0673382173602928
57,7390,1,0,0.04849812098061354
53,9617,1,0,0.015093198162441122
62,15618,0,0,0.14436893928647257
37,17048,0,0,0.05102871246325512
28,9210,1,0,0.04905371905421836
60,18063,0,0,0.050130097499954514
25,17314,0,1,0.01997128645627544
46,9527,1,0,0.17730310117588655
41,5909,1,0,0.02619058350802935
45,3971,0,0,0.07079431881921007
38,2853,1,0,0.14394601236525695
21,4251,1,0,0.02907031597500998
48,1838,0,0,0.08629028614597639
31,6132,1,0,0.10429403839619285
26,19832,0,1,0.07931548384028922
39,4847,1,0,0.06523273596170655
33,8000,0,0,0.036363063126635176
52,8070,0,0,0.06103247829452077
36,10633,1,0,0.06788652811355037
43,10380,1,0,0.07530159910739434
42,11830,0,0,0.0677081459176855
58,2198,1,0,0.06992195559021838
25,6762,0,0,0.04614633096774642
22,18238,1,0,0.09490145830757196
59,19533,1,0,0.059913861523436016
35,547,0,1,0.2394053742749834
52,12790,0,0,0.028939296870480143
47,3196,1,0,0.09938963262752691
54,10944,1,0,0.11017741186452594
49,664,0,0,0.011730947708464784
31,15245,0,0,0.07937628118128333
43,19737,0,0,0.1358152989153027
34,2902,1,0,0.09204598888409773
38,8507,1,0,0.1705612219821964
44,4285,1,0,0.13963094713764637
24,4322,0,0,0.06802146615950153
22,15959,0,0,0.005248139831346013
51,2814,0,0,0.1293579399181619
24,2918,0,1,0.13498549409399363
60,7723,0,0,0.2601021129518109
49,6525,0,0,0.15219816728972274
56,19530,1,0,0.05830080457895708
41,8192,1,1,0.12843984390899799
51,11200,1,0,0.11983206546081791
29,2511,0,0,0.0452719135220762
48,7407,1,0,0.06852040869963426
34,4519,0,0,0.13264490769803627
54,7608,0,0,0.05510820318093015
37,6421,0,0,0.13940016512963085
55,2788,0,0,0.06954095800279685
60,11314,0,0,0.1581493685844849
21,10581,0,0,0.06676740700295856
23,10614,1,0,0.022056043506830242
36,8771,1,0,0.08013170861136384
45,10736,0,0,0.14492260518061179
59,14712,1,0,0.06431538678782402
40,5598,0,0,0.11832724751190593
58,4242,0,0,0.03555619428389109
53,13714,1,1,0.06273080007798434
52,3178,0,0,0.044997814253599944
61,7353,0,0,0.09852152057654354
34,11838,0,0,0.08447711934338205
50,11896,0,0,0.2396541277653191
56,14969,1,0,0.016543132299040742
63,9698,0,0,0.21396369211527733
31,10201,1,0,0.05082721335505485
55,1365,1,0,0.05875652635279105
30,15905,1,0,0.1362393426020001
63,5120,1,1,0.23391389870679316
44,16901,0,0,0.18873802424731026
59,13069,0,0,0.2425210771404622
46,18374,0,0,0.015413804425199157
24,17565,1,0,0.12375204054554048
36,7874,1,0,0.10152540577155221
47,8180,1,1,0.11522445600232865
47,18134,1,0,0.06967059856327355
45,17723,1,0,0.1396977515309287
52,14326,0,0,0.04415859053725734
46,18508,0,0,0.10362020350173054
28,12685,1,0,0.004604545477501646
24,981,0,0,0.038471561306080856
33,11298,1,0,0.036756754669373684
27,7715,0,0,0.12204355941769371
51,884,1,0,0.01497906090555027
63,11338,1,0,0.03051200996852885
61,11426,1,0,0.04280651606237157
45,14771,0,0,0.12406492927944544
59,15690,1,0,0.09877782451386148
49,6789,0,0,0.11400209747253573
26,19773,0,0,0.08643366827439573
46,9112,0,0,0.2536875369956884
46,8945,0,0,0.06840277361470641
45,4022,0,0,0.1709023744724388
56,19808,0,0,0.04827560250261792
64,8184,0,0,0.0883680711120311
31,3836,0,0,0.06427324287947164
21,17004,0,0,0.1319549814835876
49,19184,1,0,0.12236313462565448
25,4674,0,1,0.21862673500506596
39,11998,1,0,0.04080057083066548
62,18150,1,0,0.0690969318523091
50,13420,0,0,0.045884534853113876
62,9015,0,0,0.01725006824639207
22,11686,1,0,0.026743904652498235
52,2482,0,0,0.09148838705738524
34,19665,1,0,0.04983242194070718
24,10505,1,0,0.11192686688924054
34,1363,0,0,0.06820175383581398
62,7090,1,0,0.04072162487489453
39,8504,0,0,0.09455615670290891
61,19893,0,0,0.053999868138011234
26,17567,0,0,0.03974473837702523
49,6427,0,0,0.02215948894161245
40,3758,1,0,0.050576784261605584
34,1332,0,0,0.10014173574220377
44,11607,1,0,0.07559885868982
48,9186,0,0,0.0888360129560494
22,10709,1,0,0.15992621203179475
49,5818,1,0,0.014932165475014534
34,16244,1,0,0.061788655890984465
56,10572,1,0,0.03855216461591514
28,18405,1,0,0.04189071930933069
33,5174,1,0,0.010200495665396518
63,5547,1,0,0.04267761975739563
31,11929,0,0,0.08472588198995398
26,14016,0,0,0.0928905155827525
45,6255,0,0,0.13123177808641728
48,11179,0,0,0.049336000286919666
45,10464,0,0,0.14124838000461973
38,13424,0,0,0.20981770662746188
25,12908,1,0,0.20162607863440904
33,4407,1,0,0.17969183548649814
23,2718,1,0,0.08115302243712456
58,5817,0,0,0.06554683902468535
32,2963,0,0,0.02769741051734611
50,11222,0,0,0.11065160330700809
32,10487,1,0,0.08910175625258963
48,557,1,0,0.13660947229027157
25,16583,0,0,0.0494936724365872
25,14470,0,0,0.1005131640694637
34,9596,0,0,0.07616552316783144
32,3650,1,0,0.058585094383431166
35,3638,1,1,0.2416783085924746
33,18660,0,0,0.026302604988199692
51,5102,0,0,0.0690925953794024
40,17281,0,0,0.06389282166106766
27,13437,1,0,0.0879598436848012
61,12655,0,0,0.026687264345559954
48,16799,1,1,0.1435109345640071
38,17875,1,0,0.0686914867857621
43,5774,1,0,0.14312257008880674
35,19751,0,0,0.02589879975466366
38,2998,1,0,0.006727440103484888
24,15611,0,0,0.07229676647960137
57,8030,1,0,0.10330113632236877
37,12719,1,0,0.030374279209880877
51,16782,1,1,0.12204690559575498
23,9260,0,0,0.11303795965898401
25,2091,0,0,0.04377978825068968
37,16364,0,0,0.04780725117996901
22,3066,1,0,0.028296139813907703
63,14236,1,0,0.11898698619852337
22,9080,0,0,0.02003073051131552
45,9716,1,0,0.015485692680274254
36,5613,0,0,0.03955360068953368
30,10250,1,0,0.08049007171679862
27,4149,1,0,0.02613382007475338
34,4964,0,0,0.12939215070936835
23,9727,0,0,0.12243167785046567
46,15877,1,0,0.1818483765705084
31,10517,1,0,0.06048980509448221
21,17627,1,0,0.0301293820050538
26,5850,0,1,0.21050366222128156
60,821,0,0,0.014214918308593656
31,6507,1,0,0.032171548698079255
46,2682,0,0,0.17169502820334315
39,10700,0,0,0.06661098923023488
42,19829,1,0,0.05760254493411362
58,10030,0,0,0.032777958701364865
52,3973,1,0,0.04022521683310079
45,11883,0,0,0.038664086481654314
29,14862,1,0,0.13824781290862068
58,17476,0,0,0.06264858809412024
21,9876,0,0,0.059230592041123464
45,8774,1,0,0.10980951244938814
48,10666,1,0,0.040551393918516594
62,4670,0,0,0.06119248999541497
28,2613,0,0,0.0730332182497015
33,15548,0,0,0.09820357613262409
21,3188,0,0,0.08074033190476355
31,13936,1,0,0.09633745701384025
61,11769,1,0,0.19729878531026682
21,9692,0,0,0.002259487571046262
55,7863,1,0,0.01996473491376908
62,19684,0,0,0.04322257007706209
26,16050,1,0,0.02009528459559288
36,3692,1,0,0.03818265811900251
60,19453,1,0,0.0108362710930356
52,3029,0,0,0.046897021196128486
23,16340,1,0,0.1594000071465435
59,8819,1,0,0.034525179146041786
56,8415,0,0,0.09312107648958509
34,10333,1,0,0.12771813776872587
39,9902,1,0,0.0895903522255044
34,2958,0,0,0.020751033692787794
43,3555,0,0,0.1344863514791647
55,14845,0,0,0.029625510909446446
50,14065,0,0,0.05503555319195076
63,8163,0,0,0.1684243235486135
25,9223,0,1,0.015509002694108792
61,7972,0,0,0.1542817956913105
60,17218,1,0,0.0811464236128723
37,1852,0,0,0.0735981239871203
27,13214,0,0,0.052049574320209555
30,6506,1,0,0.19083725427102616
62,3825,1,0,0.08527378857073616
21,3563,1,0,0.1676312992179605
25,8514,1,0,0.02228329656454239
24,3330,0,0,0.003684972508247234
28,13700,0,1,0.14585944794282077
55,6895,1,0,0.08196662103280568
23,17229,1,0,0.023773244234998527
63,3344,1,0,0.0961811340830384
38,7340,1,0,0.19042290823462785
44,7960,1,0,0.07501039804167607
46,13555,0,0,0.13689849800075057
56,6273,0,0,0.14395207195121035
48,3885,0,0,0.05148045179051767
23,8412,0,0,0.159954908481203
57,18141,1,0,0.07185381339272494
24,16380,1,0,0.15695113550958786
44,11715,0,0,0.23998685839542777
59,19916,1,0,0.038026164066740434
43,15487,0,0,0.0700063767244614
39,15428,1,0,0.2261683338909493
35,8238,1,0,0.07338823797250367
55,10165,0,0,0.09488693099263552
49,18840,0,1,0.08587938846129939
56,18558,1,0,0.0398460002702377
60,14542,0,1,0.1818577748452098
47,2396,0,0,0.10543940651602451
36,3496,0,0,0.08848299159283875
47,9409,0,0,0.02779233595880537
36,11228,0,1,0.0424045609036796
30,12658,1,0,0.07141870491178552
36,5799,0,0,0.16136810635176524
42,15713,0,0,0.20495221345713335
31,16750,0,0,0.0595439763614715
34,4565,1,0,0.016564282510561173
45,15765,1,0,0.1185371766623266
26,3440,1,0,0.0698102248815022
25,10143,1,0,0.13432104019323257
55,17617,0,0,0.16584351217530957
57,6387,1,0,0.0363905330312656
34,13857,1,0,0.02011549744891388
27,17127,1,0,0.12112720484023491
41,10070,0,0,0.10683838535602812
28,17084,0,0,0.05967790590209551
59,12936,1,0,0.016786290057141114
24,10352,1,0,0.05808271390647466
43,2806,0,0,0.04963936338242151
37,14486,1,0,0.041317016536538256
41,6561,0,0,0.043785971902608946
54,6067,1,0,0.10063701268569032
32,18431,0,0,0.017201614323867343
61,7302,1,0,0.08663382716783902
64,7514,0,0,0.025114179597295005
40,18909,1,0,0.06527019766023477
37,6145,1,0,0.13349251631425532
31,14857,1,0,0.06115964245943998
56,10641,1,0,0.05746834302810977
52,1906,0,0,0.056779399687029004
40,11842,1,0,0.08618893393467425
51,9425,0,0,0.03151342359021472
37,14652,1,0,0.08212612758950251
50,8217,0,0,0.04509136771300317
57,5186,0,0,0.03266029506855611
40,5004,1,0,0.017709697200731882
50,10796,0,0,0.06294045435128058
45,19901,0,0,0.02222458596500635
24,9288,1,0,0.03870020954094012
23,3147,0,0,0.015781475967266895
32,16533,0,0,0.09634507566316301
32,6628,1,0,0.0665484160948162
29,8776,1,0,0.06676838239301865
61,17050,1,0,0.013297241594762248
47,2662,0,0,0.07334820050983958
22,3079,0,0,0.009773626218284273
60,4429,1,0,0.03169144867126085
34,7834,0,0,0.14330932541278435
64,17224,1,0,0.0479394289798936
30,12866,1,0,0.07447066475658616
24,15622,0,1,0.15049225075152423
26,7069,1,0,0.006407305826130121
37,8544,1,0,0.15272215016251472
61,8472,1,0,0.1555802099361196
45,2714,0,0,0.18393670487378055
26,11227,0,0,0.04399047790219366
34,6979,1,0,0.15681719370364275
42,19077,1,0,0.020086388281992888
44,13981,1,0,0.10774430489907547
57,17482,0,0,0.1203689271386925
23,4304,0,0,0.0024480306509513374
21,2683,1,0,0.041408128807172595
52,9015,1,0,0.10503301772410036
25,11603,1,0,0.10027693596211942
51,11416,0,1,0.32323648922666404
36,13239,1,0,0.18339172831964615
38,16731,1,0,0.06065358871288605
27,6852,0,0,0.01656049047949197
55,6186,1,0,0.012334188268870156
29,5651,0,0,0.09506585670107284
21,7580,1,0,0.0784821354484531
47,12155,1,0,0.06312528543591726
27,16157,0,0,0.18197157102253356
28,8592,1,0,0.13214324103988856
30,8653,0,0,0.008863049571636255
49,18148,0,0,0.08780634418232107
54,7191,0,0,0.09552878514683127
61,3689,1,0,0.028446551486143667
64,7222,0,0,0.005542106682932295
31,1301,0,1,0.16816264165938433
30,7634,1,0,0.12810943094375724
30,18042,1,0,0.04444230473424912
29,16297,0,0,0.02678079930773654
21,17974,1,0,0.09245144638330965
46,6353,0,0,0.0715168168286626
21,8627,0,0,0.08030427012990016
22,17044,0,0,0.012443806091360683
38,15200,1,0,0.017162871113810117
56,4110,1,0,0.04566117140719844
42,16991,0,0,0.0759405555366465
38,2506,1,0,0.17815133722652685
29,5470,1,0,0.04211576239538745
50,10890,0,0,0.013299137127124322
35,13261,1,0,0.06819860078331814
64,16062,0,0,0.11740081417180669
27,14874,1,0,0.04528293216336784
55,6042,0,0,0.1857306675682842
50,7471,0,1,0.2699593571651391
37,14578,0,0,0.1816673957259084
38,18946,1,0,0.14674543477440888
63,17421,0,0,0.11676599362081165
53,19359,1,0,0.12611840294566076
22,13669,0,0,0.03345000527641895
45,9991,1,0,0.05759759368981135
53,15450,0,0,0.09969239907757194
37,1981,0,0,0.12823921521124873
51,18756,0,0,0.1323742392810606
48,18419,0,0,0.12269431906925568
35,10341,1,0,0.07479126556495601
21,10698,0,0,0.054353875945028766
22,10828,1,0,0.08409983101456908
51,3207,1,0,0.07058031644545024
55,4512,1,0,0.04575751214887788
37,14775,1,0,0.053041399601640726
41,1138,1,0,0.03424476554146913
43,13899,0,0,0.0660644290660527
59,6450,0,0,0.11940384275478215
44,3227,1,0,0.04948673805310097
46,12126,1,1,0.20222796158149725
45,5859,0,1,0.099725249316783
26,9220,0,0,0.16889216965277215
51,17353,0,0,0.10116243312692155
60,14109,1,0,0.031742383591457854
25,19406,0,0,0.07103326244370715
24,8242,1,0,0.168531681461592
42,8402,1,0,0.040355588139630146
54,13899,1,0,0.0245066481921737
24,3124,0,0,0.07234837479876004
53,17212,0,0,0.06506299450086908
31,7363,1,0,0.09794129055817521
29,9663,1,0,0.07117654719491893
29,10398,1,0,0.18408590697090185
44,1800,0,0,0.018529976984904734
47,6358,0,0,0.17379966416131895
41,3223,0,0,0.04031633604312684
47,12420,1,0,0.07519976165879902
56,14275,0,0,0.06275446883277391
57,654,1,0,0.02670833260851849
53,656,0,0,0.07745682145825596
43,16421,1,0,0.07919368593822775
30,7026,0,0,0.10130876457503243
53,16970,0,0,0.05689573623241793
50,13337,0,0,0.03358761011829877
60,15778,0,0,0.012617105917704695
52,7995,1,0,0.07459366827540022
26,6416,1,0,0.011715016449460621
46,14589,1,0,0.372491433348085
52,12831,0,0,0.13871953122905187
64,11618,0,0,0.05358873070072794
35,7621,1,0,0.04492556743288466
58,12468,1,0,0.09118241528722654
33,8090,0,0,0.02821259110551618
37,17858,0,1,0.2516236930051969
63,14327,1,0,0.06645971863309294
28,8241,0,0,0.10001156272292172
30,16949,0,0,0.06529380678130782
57,1885,0,1,0.07172853405383212
61,16704,0,0,0.07467082124806025
25,8589,0,0,0.046516125800155066
57,5006,1,0,0.10002179949156953
46,16691,1,0,0.24831515779181915
59,13331,0,0,0.08208521012624512
42,1946,0,0,0.1721794104537222
46,5707,1,0,0.020113603858230297
31,9296,1,0,0.0817606992312202
46,12754,1,0,0.09203820270379998
39,16226,1,1,0.2097873661857981
38,7660,1,0,0.07119643486173505
33,16269,0,0,0.05406236077973786
38,15904,0,0,0.06663997733081856
28,7874,1,0,0.14418375454856222
58,18780,1,0,0.1205065965692735
38,18911,0,0,0.13481148367975856
38,6154,0,0,0.028839987831110175
64,11351,1,0,0.037490766897538136
42,17441,0,0,0.021576166212434824
51,11007,1,0,0.050790268388703624
64,14930,0,0,0.0188494197091753
58,16087,0,0,0.059073869040840145
36,11537,1,0,0.06402572813910867
44,7513,1,1,0.05472782266788505
57,10736,0,0,0.015082807278851742
43,16729,1,0,0.0732802660593492
33,6726,0,0,0.05648651555859688
44,16965,1,0,0.04575224847550662
22,4464,0,0,0.07005237750719165
59,9510,1,0,0.032812428672490776
47,2126,0,1,0.10951698124235154
32,17153,0,0,0.08496313221002594
42,14392,1,1,0.3084070504188514
22,2805,0,1,0.17291845532017663
55,4837,1,0,0.05180858444979474
44,10791,0,0,0.029837911850117027
21,10160,1,0,0.20801259138376596
41,2694,0,0,0.07430492136518355
24,17851,0,0,0.09469058656275706
38,9488,1,0,0.15232461151416266
58,13586,1,0,0.17495587604123738
49,15175,0,0,0.07422018192973677
42,3800,0,0,0.04297037003335205
43,7002,1,0,0.14005331555820905
43,14821,0,0,0.014369014848703576
25,15587,0,0,0.09480564997808831
30,4689,0,0,0.08433370371735915
56,6732,1,0,0.16859526387358212
61,15708,1,0,0.06397803683133485
27,7206,1,0,0.1231499191398909
61,2015,1,0,0.08995532200810889
22,10208,1,0,0.047707399055823746
43,3263,0,0,0.04335567624301286
57,12082,1,0,0.12432892961849151
30,18716,0,0,0.26211755943784054
62,2467,0,0,0.06376916380792055
64,5965,0,0,0.02791741395027397
39,11544,1,0,0.10056601219295112
60,3437,0,0,0.04070760626396826
24,10931,1,0,0.09709937839817968
43,4690,1,0,0.0771066376536349
33,12899,0,0,0.1361007584895282
48,7541,0,0,0.037608500003407805
32,18547,0,0,0.0769873061757134
40,16833,0,0,0.215205647126588
53,19874,0,0,0.21218387032925687
30,3474,1,0,0.036613395624496246
58,18989,1,0,0.10953011275921995
50,807,1,0,0.33838014229862823
32,4773,1,0,0.19580537905554699
50,17367,0,1,0.118438993441241
34,17315,1,0,0.08410362359393948
45,6343,0,1,0.08378466984225849
47,16912,1,0,0.010729114583310282
56,1999,1,0,0.027566574124862478
36,7054,0,0,0.12135800527323057
40,1041,1,0,0.05975703369298334
40,10585,1,0,0.05814952255708155
58,18041,1,0,0.038246248730794574
58,12461,0,0,0.024903901675822075
30,10701,1,0,0.02337745800893502
25,4361,0,0,0.08332137872404975
63,12404,0,0,0.1023530233605067
28,6822,1,0,0.016891253869092713
30,12513,0,1,0.06211915600354187
26,3044,1,0,0.07991039430724106
28,10682,0,0,0.04424848566902175
23,10203,1,0,0.08911820402634284
47,15500,0,1,0.15595041931830567
43,18228,1,0,0.10562861697277752
25,18168,1,0,0.06772225938933243
49,7162,0,0,0.08487279316707294
28,13001,0,0,0.18735937779469405
44,13238,1,0,0.0848631921903711
53,16955,0,0,0.08229823331473762
39,16238,1,0,0.059794960306615894
34,687,0,0,0.03290977075523036
60,16117,0,0,0.006642086160056597
56,9863,1,0,0.06467734993320988
58,19034,1,0,0.06120983720229532
27,12278,1,0,0.07139116109821758
33,8045,0,0,0.016492652307225616
37,4424,1,0,0.041004364982325875
28,19011,0,0,0.09799594841777824
37,3625,0,0,0.0734112284169927
31,2258,0,0,0.11219313586604299
42,3156,1,0,0.28867011841293233
52,11255,0,0,0.06365885707963391
39,6053,1,0,0.05668801143849442
52,11826,1,0,0.0815017553191504
38,16556,1,0,0.0804367562594671
42,6175,0,0,0.09198516093827025
35,1039,1,0,0.06273198348029893
24,7502,0,1,0.17426685818829185
21,12247,0,0,0.07270178894244834
29,14703,0,1,0.23320611824328488
48,1829,1,0,0.0672736017785923
25,17629,0,0,0.04134485413768025
41,12067,1,0,0.03677557482058677
26,9891,1,0,0.0957654846683664
37,5418,0,1,0.045462049018355946
32,19196,1,0,0.10537464533137732
30,3568,0,0,0.033199679729435404
43,9252,0,0,0.021878653374539706
60,9583,0,0,0.021028165056568533
49,11166,1,0,0.14364777862453038
31,5006,1,0,0.022741466217417114
58,18898,1,0,0.1356026887560396
61,7876,1,0,0.07856253649087104
54,14388,0,0,0.11923118112618018
30,12844,1,0,0.17252483575147662
28,4456,0,0,0.041122361763730915
63,18756,1,0,0.09381739749248476
60,9470,0,0,0.09482279759009607
39,12547,0,0,0.16839663158348342
41,13093,0,1,0.009583054715364924
44,10387,1,0,0.03450075342684722
60,12941,0,0,0.04004785417758644
34,11361,0,0,0.07755741387075059
50,14940,0,0,0.20367014051605356
62,9705,0,0,0.13629745407283844
34,16341,1,0,0.05092921944073059
33,11474,0,0,0.10053979925633678
26,19971,0,0,0.1067384292068799
53,11618,1,0,0.08228172550567729
32,12005,1,0,0.1183834434916639
21,10097,0,0,0.06414721037199965
43,8247,1,0,0.15936586723012253
45,15873,0,0,0.024684069628671
21,12872,0,1,0.07006233623497923
53,8119,1,0,0.1673347994305549
45,16236,1,0,0.1867995271441612
41,2616,0,0,0.11268597563937473
36,1713,1,0,0.12802120992361135
49,13039,1,1,0.1878017345455309
54,9432,1,0,0.19452691108249534
54,16023,1,0,0.07971759550995185
38,13449,1,0,0.04557441007409792
43,15710,1,0,0.053432031709141535
32,5676,1,0,0.1583774062928021
30,5416,0,0,0.026802718688846674
58,5401,1,0,0.12910350172068272
38,13116,0,0,0.1480450801746179
33,13649,0,0,0.052498406525844
53,19972,1,0,0.030211688702501873
51,4730,1,0,0.12555852194394598
32,2539,1,0,0.02336148350513296
28,19181,1,0,0.0927380753019329
48,10693,1,0,0.10871321277857776
61,7651,0,0,0.08069080083690909
27,6455,0,0,0.12045228619978478
31,17729,1,0,0.15142266938943064
61,15928,1,0,0.03924449600995297
53,3911,0,1,0.12981974840450275
47,6832,1,0,0.05235149220345475
35,17469,0,0,0.1067323360244803
41,14804,1,0,0.03811295752161425
29,16394,0,0,0.07741349085833667
56,3628,0,0,0.05493365379716201
43,11797,1,1,0.10727058773028718
56,1805,0,0,0.0697443325367786
59,9284,0,0,0.07946037115924195
25,2529,1,0,0.10907284978035796
58,5733,1,0,0.17438687733559596
34,5575,0,0,0.11996318791405632
35,4177,1,0,0.08218304997828937
41,17065,0,0,0.06851301925185489
34,7737,1,0,0.01811240139131008
35,3433,1,0,0.05139693792686981
51,19772,1,0,0.1707026818344037
34,1151,1,0,0.1577162922928364
47,3391,0,0,0.11437548932319692
36,17142,0,0,0.02684139118416703
35,9298,1,0,0.029882314497305877
27,7810,1,0,0.044206868047263904
59,6450,0,0,0.29580212610082185
26,11980,1,0,0.01992960038858135
45,7497,0,0,0.13939562922166043
32,2134,1,0,0.07072886660755479
64,19294,1,0,0.06689666088222293
24,18193,0,1,0.1011921634984115
39,3935,1,0,0.025784117066628212
43,10336,1,0,0.04317184313117039
64,9344,1,1,0.09414653013791421
27,2246,1,0,0.07585754818111297
57,8274,1,0,0.13897980343518734
23,12859,0,0,0.056799459910890714
33,2530,0,0,0.2374978817085656
57,7628,0,0,0.07028277149434801
37,5402,0,0,0.09725620410255759
46,7391,1,0,0.031617170769978296
38,12783,0,0,0.04884633562660149
60,8460,0,0,0.1397647260386587
25,15474,1,0,0.07641507343829872
64,10408,0,1,0.0891845514061857
31,13993,1,0,0.24734666393274005
47,12576,1,0,0.07994330185298512
32,16431,1,0,0.058347588426480614
56,3355,1,0,0.19051910179052403
51,19823,0,0,0.09660207860020906
28,15210,0,0,0.1318013042275955
31,4361,0,0,0.06161915134859641
51,1029,1,0,0.05852214672386832
43,999,1,0,0.024763013422728766
45,14133,1,0,0.05323933699679001
37,8747,1,0,0.12076446578128684
50,4074,1,1,0.19087405870459648
61,6696,1,0,0.16512624798615913
25,9213,1,0,0.006075090547618396
51,1304,1,0,0.022448089290692468
62,11450,0,0,0.01734266098532206
30,1207,0,0,0.1178525007689972
39,13123,1,0,0.10217080759167371
45,1690,0,0,0.07438775141815696
55,15925,1,0,0.048280868684005974
51,5434,1,0,0.06084831653420268
64,10565,0,0,0.06380659866006565
45,8023,0,0,0.029634430077263938
59,17662,0,0,0.2573328776294994
43,15990,1,0,0.072351578520755
34,19123,1,0,0.03251152366262448
50,14450,1,1,0.06021188092554928
38,19532,0,1,0.10873797516412173
49,4893,0,0,0.11945630599956039
49,6731,1,0,0.03605232659156672
24,16285,1,0,0.06454539170501203
44,1127,0,0,0.18933496926125692
21,3989,1,0,0.08226875215510704
39,14458,1,0,0.10669837239347664
49,8298,1,0,0.05474268839693396
49,5412,0,0,0.021725645817260195
25,6417,0,0,0.08011095709308078
61,15469,1,0,0.10453673358829946
53,9863,1,0,0.09847797107618411
34,597,1,0,0.058445300948543236
40,10573,1,0,0.009081614481501587
26,15655,0,0,0.08759487736798166
36,3745,0,0,0.1520740062606797
50,1867,1,0,0.026894626017466384
59,12740,1,0,0.07695679466814793
46,17647,1,1,0.21002341377728473
33,1879,1,0,0.201058124523574
60,13200,1,0,0.22504840409968194
44,15686,0,0,0.08781267323111053
53,3653,0,1,0.10546748260823792
52,5576,0,1,0.2727725706630593
38,10402,1,0,0.18761365151944542
21,12410,1,0,0.0770839792675438
48,10351,1,0,0.0517538698945309
60,4082,0,0,0.026735028093611835
58,17641,0,0,0.11807891002382515
58,8707,0,0,0.06698216820161874
36,10880,1,0,0.10017669158687362
60,10946,0,0,0.1730473091599315
21,11234,0,0,0.04244322158470416
34,6154,1,0,0.08645433430374604
48,6720,1,0,0.012229043518515286
34,3207,0,0,0.09591178836692436
22,14705,1,0,0.09794963533003564
28,6616,0,0,0.07965576143419321
62,1480,0,0,0.20716088260786766
39,1408,0,0,0.04558710040569783
28,19375,1,0,0.14101385986921355
48,8843,1,0,0.04583224965525055
37,12321,0,0,0.10428061857875721
38,10913,1,0,0.014848007507361241
62,16990,1,0,0.13966507488224464
44,17814,1,1,0.2786949173296916
24,15730,1,0,0.04964937387477365
62,19649,1,0,0.05810538412032228
21,4753,1,0,0.026789210077111367
51,9262,0,0,0.13947273162396814
25,6136,0,0,0.10366313581098122
32,16741,0,0,0.07841896715789413
64,5921,1,0,0.1409453602835144
28,15989,0,0,0.06909780147509675
63,4897,1,0,0.16414419454463652
33,14013,1,0,0.07530312970408402
37,810,1,0,0.23449038732313157
62,15879,0,0,0.027623264687703375
53,16625,0,0,0.07703291451613191
33,11481,0,0,0.1210613044212665
53,10988,0,0,0.17383923968020046
41,9456,1,0,0.054877391487712215
25,12028,0,0,0.10708166384238134
32,11526,1,0,0.052556277975582766
31,10088,1,0,0.17089043481656188
41,10652,1,0,0.05564600717456344
60,2925,0,0,0.10868498641024685
46,9585,0,0,0.06043272307415328
28,9004,0,0,0.0579579804448544
47,17958,1,0,0.08478282293980523
43,6225,0,0,0.20481840023851755
38,19376,1,0,0.11910185000220568
31,17895,0,0,0.0957317641646465
52,15769,0,0,0.08287970817033946
45,14173,1,0,0.03625795989830654
39,6679,0,0,0.02155543788932427
29,3671,1,0,0.049947432583124805
26,15901,1,0,0.1590140273680575
30,14187,1,0,0.04294979031418097
48,16716,1,0,0.0766681412852485
23,11193,0,0,0.10530376162250417
24,18015,1,0,0.10645060723683329
64,2092,0,0,0.12102130479068585
32,2638,1,0,0.06618244466497762
25,1856,0,0,0.08782402445203705
63,6769,0,0,0.054964159887616396
39,3375,1,0,0.07622008205596631
21,1291,0,0,0.05040642726554091
39,16304,1,0,0.1089892232977501
21,3542,0,0,0.11925819614314781
34,16684,0,0,0.11864245905396371
62,13031,0,0,0.03125317713441918
55,12359,0,0,0.07899974043934592
39,2781,1,0,0.04722135678162664
35,804,1,0,0.04708838310552615
46,3222,0,0,0.037179618345493465
48,6683,1,0,0.11770619088668419
54,19150,0,1,0.13632528530576982
44,8317,0,0,0.04506675832365669
24,5048,0,0,0.04909809209678864
59,6045,0,0,0.18772620153433794
35,7029,1,0,0.019961129212798637
57,11831,0,0,0.04692741567305899
56,16220,0,0,0.08011091068078198
30,1713,0,0,0.07962593526094332
43,15606,0,0,0.26579378797071773
54,889,1,0,0.06191147370304665
36,6773,1,0,0.061910351778518516
55,11963,1,0,0.11760786839293177
44,2545,1,0,0.09377855699882226
61,5658,0,0,0.014069006976497723
60,12951,1,0,0.05891586680744846
63,13887,1,0,0.09009149719516062
30,2115,0,0,0.18844466795502385
53,15663,0,0,0.048138896963135676
54,8457,1,0,0.059291102289455305
40,12415,0,0,0.13160863444897813
28,4645,0,0,0.028468383558047764
33,19799,0,0,0.09207952152882032
43,15341,1,0,0.034528034239097345
59,13037,0,0,0.1259643819102216
61,4125,0,0,0.03112776507106836
61,15568,1,0,0.09892423417389845
62,7859,0,0,0.019915311986722566
25,12999,0,0,0.021670507616309148
64,13176,1,0,0.17187988601471446
45,16206,0,0,0.03453098842128686
25,16804,0,0,0.07987498861658311
26,8116,1,0,0.10524921377837836
32,2080,0,0,0.09624031574192951
32,8969,0,0,0.06526190361337242
25,8303,0,0,0.0657493222925704
37,7036,0,0,0.16858128518399457
45,10028,0,1,0.2213081014062461
34,11741,0,0,0.07329996305326579
50,12655,1,0,0.04423108782313797
52,7805,0,0,0.09049221317972525
38,12520,0,0,0.025099126617520864
24,19763,0,1,0.06549616150047435
34,13189,0,0,0.1580148213039786
48,12258,1,0,0.05992566811403018
38,6069,0,0,0.22467777015989704
46,7046,0,0,0.1035161655769375
58,1507,0,0,0.15811575065197006
55,10409,0,0,0.10117964058169412
48,1951,1,0,0.097908584259911
25,15721,1,0,0.016370114108906406
53,19161,0,1,0.07599865751393453
35,16219,0,0,0.10570046762977749
39,3554,1,0,0.20223651553550132
51,12923,0,0,0.0486536932076741
57,8896,0,0,0.0938910583748368
52,545,0,0,0.15734172148485095
34,14472,1,0,0.0854502494481518
40,17437,0,0,0.2090188711796115
36,9503,0,0,0.05324983876111237
41,18241,1,0,0.02041612243116798
54,1582,0,0,0.09057771265784224
63,17497,0,0,0.05059287667776857
38,13783,1,0,0.04166900511613076
35,13586,0,0,0.06601970108116732
59,10309,1,0,0.07192139983922127
27,1028,0,1,0.15682282511494447
38,9318,1,0,0.04065496397067798
62,19040,1,0,0.040218776096179826
59,9517,1,0,0.23035063536255534
56,1822,0,0,0.027575419344675882
60,10135,0,0,0.1179445943068853
31,3414,0,0,0.026803969330236082
23,8716,0,0,0.11586688880442503
58,12744,0,0,0.05901339831767341
42,1806,1,0,0.06246321704387561
32,9505,0,0,0.05972750558485536
42,10359,1,1,0.10091570075509322
57,15217,0,0,0.023830882795917285
42,1825,1,1,0.04934923967495886
48,12846,0,0,0.0197199073776834
43,12624,1,0,0.03351811289401677
42,581,1,0,0.039974017349114044
62,2831,0,0,0.0629351158927397
61,13034,1,0,0.24159148801803607
39,17272,0,0,0.027520811533292666
56,17235,1,0,0.20504723870313235
52,15490,1,0,0.10913087209841874
26,17116,0,0,0.1473843459865788
58,12329,1,0,0.0828299176473306
52,3569,1,1,0.17635964828914327
58,10862,1,0,0.1440461374886223
55,7273,0,0,0.058817882534120895
62,5474,0,0,0.010354630894687062
44,2830,1,0,0.012164501937383746
23,886,0,0,0.07422117436305818
33,15153,1,0,0.06187244258821171
27,3820,0,0,0.0913739390704876
31,12737,1,0,0.2676989647974662
46,6399,0,0,0.1407312625071227
63,9946,0,0,0.03986514177000526
54,8249,1,0,0.045347125499995124
40,6345,1,0,0.08725412983510257
42,9872,1,1,0.1834063877793631
43,15848,1,0,0.08551512775986879
39,10328,1,0,0.20010876477651993
47,15932,1,0,0.02215738151680282
62,18259,0,0,0.062221485464526716
25,10078,1,0,0.19305378746081883
36,16151,1,0,0.05153345067999291
24,2926,0,0,0.08982578925595508
58,11535,0,0,0.17669096791880945
29,9574,0,0,0.04120139051620784
49,610,1,0,0.07529172648202585
23,17973,0,0,0.034373042017987535
41,14959,0,1,0.08921355418477393
60,11889,0,0,0.054261888564342046
62,14065,1,0,0.13710634296922058
27,15203,0,0,0.09260979390582676
50,15664,0,0,0.05809215971212952
30,6246,0,1,0.05531223165957623
53,8647,1,0,0.023212449500443377
44,7191,0,0,0.1378855787904826
56,18264,0,0,0.08453488159061498
60,2783,0,0,0.06605583895567302
36,18190,1,0,0.09937332475131107
23,7184,0,0,0.04455782941054062
34,15682,1,0,0.07332479077412
30,3807,1,0,0.12299581568688278
26,16947,0,0,0.08836834156811646
52,11010,0,0,0.05421224137151816
60,19704,0,0,0.09439977493952598
43,8179,1,0,0.12296953524348282
44,19893,1,0,0.04604353842126862
47,16797,0,0,0.06706564715787458
60,659,0,0,0.08360238317447982
21,7963,0,0,0.012151881381289779
44,8412,1,0,0.05723504502203054
59,4640,0,0,0.14593110656275718
28,17624,0,0,0.01257532626489699
46,2142,0,0,0.04110553887392661
21,5544,0,0,0.04363394952622009
57,5425,1,0,0.04466085577075135
49,8660,0,0,0.037432247226967856
63,14098,0,0,0.060424412755836834
34,634,0,0,0.19382478727369581
53,12711,0,0,0.021402056800803947
54,8395,0,0,0.026580239177006887
22,12588,1,0,0.04633391871285586
54,1703,1,0,0.18792742142434618
52,17234,1,0,0.09009339656439266
48,11759,1,0,0.0868736444889764
45,5429,1,0,0.14822859671039154
56,15895,1,0,0.04701425005783504
25,9680,0,0,0.06160510869363315
38,8110,1,0,0.014056896087153553
32,3779,1,0,0.06428398358011944
58,10064,0,0,0.07007320138167568
28,4766,0,0,0.18006266339030128
23,14806,1,0,0.042023235573777476
61,7732,0,1,0.2102152194000479
38,2808,1,1,0.2622996122184333
55,14288,1,0,0.06595892248846051
31,16978,1,0,0.015511791413898156
51,16757,1,0,0.07628176285776572
61,9955,1,0,0.108283381245279
54,6490,1,1,0.21517241225458023
33,4817,1,0,0.12862074752658043
47,8256,1,0,0.18738039785024663
57,2477,0,0,0.03457301529967403
58,17809,1,0,0.021893276249903823
34,5356,0,0,0.038492587585576714
31,15714,0,0,0.13467730240695658
40,8010,1,0,0.16565633694482046
32,13961,1,0,0.17895210870290443
52,18259,1,0,0.13310613441018954
47,8439,1,0,0.10789058060025612
42,19314,1,0,0.1683350460028881
56,7150,0,0,0.06207146935784751
30,5463,0,0,0.1947713980100708
57,14606,0,0,0.0727003260347707
45,3241,0,0,0.1402050839216272
63,2319,1,0,0.10210686972659536
47,7677,0,0,0.0721975448739251
54,11097,0,0,0.054480638089624736
29,9628,1,0,0.08865845102779388
31,1685,1,0,0.10075690014158581
45,11190,0,0,0.07722140783631658
31,12655,1,0,0.04232691082999923
22,6051,1,0,0.06835638175804501
40,11584,1,0,0.03909557837013777
32,7418,1,0,0.013892540810567006
49,1665,0,0,0.0923107588061146
46,15009,1,1,0.45952180979193236
43,8687,1,0,0.09487297097070971
57,19680,1,0,0.046754395600935396
23,4252,1,0,0.04756552077854167
55,647,1,0,0.1915145759154654
42,16063,0,0,0.07879302638154549
51,17314,1,0,0.08265390079661651
56,18309,0,0,0.04769021093670819
34,19796,0,0,0.027686360665976156
31,6636,1,0,0.18511175930136473
54,13736,0,0,0.04623006820973236
48,1071,0,0,0.027824552639631087
29,8640,1,0,0.06537077897999777
32,18004,0,0,0.09271259898879829
58,12869,0,0,0.09612246718500589
45,16968,0,0,0.09935896111275518
61,18948,1,0,0.06930228375323351
51,16038,0,1,0.10396771700255647
30,13902,1,0,0.04361611182840603
30,7449,1,0,0.1522917760631646
63,10865,0,1,0.1864493545557687
53,2054,0,0,0.08386357046562154
47,11754,0,1,0.14289724254438815
50,19509,1,0,0.09186286724118264
39,3384,1,0,0.08942987089222168
34,10121,1,0,0.1477048035462133
57,18039,0,0,0.023442991677066094
60,7453,1,0,0.1997710315794649
60,11988,0,0,0.09922076077042472
55,15655,1,0,0.029868442465564072
59,15868,0,0,0.03537567814235626
43,13578,0,1,0.07030566305087663
34,1722,0,0,0.06348970299829812
24,1316,0,0,0.14728344511818087
34,15215,0,1,0.10370627098485659
40,19188,1,0,0.08502311163638121
24,5720,0,0,0.03002463901386677
35,11343,1,0,0.022980589358950504
61,1891,1,0,0.04899584609435279
32,4170,1,0,0.044571258223347066
38,9949,0,0,0.03982517149715243
49,811,0,0,0.09581498259633402
59,11980,1,0,0.07018396704386999
61,11268,0,0,0.20695742804392736
56,2307,0,0,0.007775900111465958
27,12083,1,0,0.010167193844905118
25,9381,0,0,0.02821599772052612
53,2442,1,0,0.03558193308715529
59,4764,1,1,0.20287369284174936
48,11126,1,0,0.1034076648057697
61,16312,1,0,0.06753806089246144
50,8918,1,0,0.08399848612286816
36,12825,1,0,0.1381184913387812
58,9033,0,0,0.07366684502891707
54,17298,0,0,0.14445237129845956
37,19517,1,0,0.07083741952154542
46,8740,0,0,0.0844627224150329
46,6269,0,1,0.12238198415436094
25,11728,0,0,0.0753163200472859
33,17741,0,0,0.012165478699059647
31,12189,1,0,0.062344649770710255
33,7218,1,0,0.037477405160032236
44,15636,0,0,0.041001152341435844
43,4000,0,0,0.05209609123535763
58,5821,1,0,0.07254941356113588
21,3469,0,0,0.12402618710703625
57,18300,0,0,0.02884735243776875
31,18842,0,0,0.09910749498807526
36,19190,0,0,0.08981045948929446
27,954,0,0,0.08322070408477887
21,18035,0,0,0.017908034725379867
26,4773,0,0,0.027685507040710062
30,19072,1,0,0.06828597112018107
37,7139,1,0,0.32003458853138145
34,6468,1,0,0.11428807558732025
25,13307,0,0,0.2243985580279421
35,15907,0,0,0.0967447284690947
27,7828,1,0,0.012717276097541969
51,16575,1,0,0.04598570562034506
50,898,1,0,0.04532515989428947
23,18022,0,0,0.06712663674172897
49,10580,0,0,0.11829583891062785
60,10967,0,0,0.05289166865366537
62,17747,1,0,0.054799836124357
23,1572,0,0,0.18613492150774935
61,17788,0,0,0.14267059464617557
38,4460,0,0,0.10467158947159194
59,19836,1,0,0.09072856286835916
29,14521,0,0,0.07545223016942516
51,7176,1,0,0.22858294721396777
56,1792,1,0,0.06576513835375199
32,2888,1,0,0.10216463829351428
53,2877,0,0,0.07622290534699093
28,1856,1,0,0.09658907050380663
52,12510,0,0,0.08224742144988921
62,17408,1,0,0.13703973275639794
34,16093,0,0,0.0722697124174905
63,15090,0,0,0.049983377607718024
50,19619,0,0,0.16338455239064792
43,12737,1,0,0.12137114289242397
35,2352,1,0,0.12395441265041254
45,10186,0,0,0.03837778705030056
64,15282,0,0,0.02414149343741025
21,9418,1,0,0.11533083604965627
59,6489,1,0,0.05187979990570428
27,10132,0,0,0.10387478208868087
59,15731,1,0,0.2172479189262477
45,7594,1,0,0.067116880448102
60,7385,1,0,0.050486502429828724
28,9756,1,0,0.07004960945305216
23,8678,0,0,0.2003119951624401
42,4601,0,0,0.0970827152011301
55,5957,1,0,0.009571205438748847
55,2796,0,0,0.04090756177157677
54,15154,1,0,0.06519547448224176
56,4620,1,0,0.15714350892169285
55,19581,1,0,0.07013282193205107
58,19433,1,0,0.10729383977398903
28,13608,1,0,0.10455498884059526
31,19818,0,0,0.03549842218244221
21,17341,1,0,0.028226740614328148
40,15154,1,0,0.0688589322242144
32,7435,1,0,0.01920297550677013
48,16825,1,0,0.059532901993057975
45,7146,0,0,0.06630761889781377
46,2519,0,0,0.016266482869490385
49,11532,0,0,0.13595828769126503
64,2899,0,0,0.026861651824153322
25,2298,1,0,0.15356987738595212
33,2306,1,0,0.26075003391647694
39,18273,0,0,0.04433317608575349
24,1732,0,0,0.04559757995577217
57,8193,1,0,0.03859867978034417
38,15073,1,0,0.13125877910897835
28,16139,1,0,0.11702800461803604
43,1599,0,0,0.04911955763892264
29,17929,0,0,0.17667325198146533
38,19006,1,0,0.06273310213720502
49,19414,1,0,0.041827047693062815
35,13253,0,0,0.09713913775073181
57,10489,1,0,0.049238303554991196
32,3832,1,0,0.018899248954377005
26,2908,1,0,0.01961386587931725
39,16441,0,0,0.02551057201388458
29,17081,1,0,0.015547056215947317
51,16562,0,0,0.09664325979986496
44,12555,1,0,0.04018821681669976
27,11495,1,0,0.04379116247957639
35,4273,1,0,0.03035150586453972
59,2274,1,0,0.08953828006994254
57,4416,0,1,0.10482422503400672
49,8315,1,0,0.12326712982561928
60,6376,1,0,0.1561047397218455
25,11196,0,0,0.17241838461057823
53,15744,0,0,0.02990951207917694
22,15004,0,0,0.12153363885183509
47,16646,0,0,0.04026009833862376
23,6320,0,0,0.0841440352324615
36,18747,1,0,0.07366974153810481
24,17526,0,0,0.012399211925014163
32,7303,0,0,0.1975759676860928
49,5389,0,1,0.2234530654095368
55,17814,1,0,0.054179240231011526
62,19964,0,1,0.25513278732571426
64,9567,1,0,0.08118798192146719
26,2743,1,0,0.12062742055348435
61,12325,0,0,0.1448055441401344
33,16742,0,0,0.16730058955034519
59,9641,1,0,0.1463812193876398
59,3078,0,0,0.17382988176165506
61,14843,1,0,0.045287504640367654
43,15306,1,1,0.08271145037577335
54,17561,0,0,0.29111662703520275
39,17314,1,0,0.17216182010407852
24,9817,0,0,0.32857095016907284
41,6601,1,0,0.012949084677061873
29,3727,0,0,0.06404922724987341
25,2476,0,0,0.04814425656954694
26,16624,0,0,0.17738422746264512
30,19998,1,0,0.0869635345385498
56,13043,0,0,0.09153727525320819
63,19435,0,0,0.09403897889647085
58,6495,0,0,0.1275929008510263
49,15258,1,0,0.03941194985941211
59,8241,0,0,0.048164900264871274
33,8036,1,0,0.09961954336548988
60,12980,0,0,0.1252904605984068
62,3120,1,0,0.057185696145293965
27,8538,1,0,0.27345806557140173
38,8651,1,0,0.07279363522831944
33,8895,0,0,0.01303131168241352
27,14546,0,0,0.14089698514255464
28,5923,0,0,0.16230571473035288
63,3471,0,0,0.13971216223382474
28,12413,0,0,0.07489088704030555
50,827,0,0,0.0877379525861408
59,19768,0,0,0.05514568554403067
54,18128,0,0,0.21944987685988537
40,7967,1,0,0.06603986784999259
21,14149,0,0,0.10137814120828045
39,10619,1,0,0.12647633046942927
33,14029,1,0,0.08645892221619902
59,4776,1,0,0.08050312657181895
62,18970,0,1,0.1560424421737748
31,17687,1,0,0.033075254550122606
27,10653,1,0,0.0539152734354704
57,17611,1,0,0.09662993704985805
59,6702,1,0,0.015483549059231763
64,15819,0,1,0.09812749463243596
54,18233,1,0,0.09847302772706316
41,14073,0,1,0.16800067494016468
37,19723,1,0,0.19578458718177705
23,4675,0,0,0.053336210445667026
60,898,0,0,0.04747853193343802
64,10769,0,0,0.07568561788504269
61,6948,1,0,0.1801263966280065
46,12964,0,0,0.034861963900768636
59,7566,1,1,0.09453539486874937
21,17440,0,0,0.024609709068986588
38,2668,1,0,0.01471190214998079
25,19292,1,0,0.026057590845874102
46,4820,1,0,0.10051441496886362
21,6872,0,0,0.05044719300708655
34,976,1,0,0.04605125404658846
39,13734,1,0,0.04026082142085703
26,14080,1,0,0.11569577191872
24,18624,0,0,0.10845614541672936
60,2584,0,0,0.09654464160053332
32,9907,1,0,0.042223581460796265
64,17808,0,0,0.013718480768183758
37,1087,1,0,0.0036269668568474508
23,11887,0,0,0.1292368188942052
25,4981,0,0,0.04271575665096986
51,7445,1,0,0.17025434353725294
21,15236,1,0,0.22855440581927058
62,16273,0,1,0.11907827136115293
32,612,1,0,0.03998762081295073
47,13188,1,0,0.13840196142582717
40,8187,0,0,0.052979892322044614
23,15183,0,0,0.024737426274078628
51,16908,0,0,0.13075588314120848
21,17616,1,0,0.1465766942262485
56,2494,1,0,0.04659401663325615
43,16249,1,0,0.06588151755479475
34,19306,0,0,0.06520888882438204
62,15693,1,0,0.1593167646070831
29,7850,0,0,0.04249425746493428
33,14731,0,0,0.16522383562697482
49,1820,1,0,0.17647405630153792
36,7861,1,0,0.085552602009269
42,16571,0,1,0.10329327414756721
56,13210,0,0,0.018272532213311002
61,5670,1,0,0.06403535966269976
56,11531,1,0,0.10684711118344853
24,534,1,0,0.1568001606458274
62,19287,1,0,0.18329009259526108
39,11237,0,0,0.017498869537346966
57,10268,1,0,0.05481891564767301
33,7001,0,0,0.02560646666086204
47,4825,1,0,0.02084720445671016
63,6909,0,0,0.07054432287557533
62,9425,0,0,0.050726647360279764
49,8802,0,0,0.08652040285773306
48,8585,1,0,0.06619982893906538
22,10406,1,0,0.11726725105388854
47,9636,1,0,0.14320741766593614
39,6544,0,0,0.06759957114423402
21,11830,1,0,0.042422648183372956
62,5301,1,0,0.07504225981041857
41,18986,1,0,0.0187555576786194
54,13508,1,0,0.03619329048308817
22,5981,1,0,0.06358084228130051
31,14006,0,0,0.01401207985756778
60,19398,0,0,0.021304126700500615
62,15414,1,0,0.07612034190913783
21,15701,0,0,0.11955680693683106
60,4753,1,0,0.11281244137988546
34,4066,1,0,0.02502352970371824
30,11449,1,0,0.04129342574206476
64,5968,1,0,0.13300803394503063
44,2846,0,0,0.07347670815105233
55,18231,1,1,0.18915437361312237
27,7231,1,0,0.30522659463631346
54,16126,0,0,0.07722783188285717
37,14766,0,0,0.047252126728273953
52,3295,1,0,0.08012422083198968
49,4159,1,0,0.019430773532902103
23,11899,1,0,0.13856466075261276
59,12664,0,0,0.03390874001235731
33,5901,0,0,0.038135767677802586
37,3491,0,0,0.0896229296849236
56,12780,1,0,0.050412436205007106
59,5104,1,0,0.05201528669909853
60,3884,1,1,0.04491924557176371
41,7879,1,0,0.014168879185794507
36,7362,1,0,0.07077531032911603
57,8344,0,0,0.017192648453402837
32,8076,0,0,0.1735721991114215
49,11532,0,0,0.21826771705143294
31,10985,1,0,0.06295815397813471
30,1228,0,0,0.1333140625162879
45,5166,0,0,0.038022642260643606
59,10339,0,0,0.0733537402358034
33,14691,1,0,0.08581983587928645
52,1090,0,0,0.03252970233598264
21,16280,1,0,0.007027688651901084
51,2338,0,0,0.10467450667134669
38,12979,1,0,0.07571844615155951
24,4766,1,0,0.09415126235609435
45,18110,1,0,0.10598623196622638
31,14014,0,0,0.06246682139946662
48,15914,1,0,0.30068049554192905
22,16324,1,0,0.022230497038797453
36,1358,0,0,0.14619166911898052
31,17014,1,0,0.08529830273438709
34,2152,1,0,0.07819066122941229
21,11084,1,0,0.1184760028856465
33,13369,1,0,0.0648142144974762
24,18049,0,0,0.16456180035192647
48,14576,0,0,0.26272292624903193
41,14383,1,0,0.08218352296230742
33,19374,0,0,0.052153590444669974
48,816,0,0,0.03108485840163968
61,564,1,0,0.12219965781196512
44,4210,0,0,0.03462477585344642
33,5120,0,0,0.04254659673383905
38,10246,1,0,0.08149077621232254
55,16719,0,0,0.09683439330532635
25,8158,0,0,0.040033325159983715
35,17884,0,1,0.20844688745317605
41,12997,1,0,0.08488410053934585
48,9556,1,0,0.09263025326651535
46,15965,0,0,0.06157852811307829
51,9933,0,0,0.03162709680193012
62,1332,1,0,0.09044813097170626
28,17145,1,0,0.11770517320449428
42,3088,0,0,0.21716922552475637
37,9469,0,0,0.02514400680478914
24,3538,0,0,0.054868872051330835
26,15854,0,0,0.12151864651816263
48,12925,1,0,0.13819449232748296
43,19000,0,0,0.0887576250875595
33,17396,1,0,0.11774687728705127
61,5606,0,0,0.065773138438027
34,5424,1,0,0.16859413481728186
47,5850,0,0,0.1073099109217077
64,3498,1,0,0.08599948188974954
51,18802,0,0,0.10788910364671069
53,2112,0,0,0.1326081282822276
33,8773,1,0,0.0239863721331128
61,5993,0,0,0.09003773723093163
41,806,0,0,0.14556390718182616
34,16700,0,0,0.025173897482980226
53,10298,0,1,0.18484779901098167
44,17614,0,0,0.09342239544696235
26,12526,0,0,0.052058356710708895
21,10169,0,0,0.07408179825855239
26,5272,1,0,0.0780746192434146
28,12027,0,0,0.02679612438961523
30,14684,0,0,0.021573696217341606
36,1043,1,0,0.06183520661765327
31,5042,1,0,0.021892113907290116
60,7552,0,0,0.06803211724996341
63,2833,1,0,0.08555649012740882
63,2142,1,0,0.04846772316246376
27,5362,0,0,0.08233446133525105
44,7147,1,0,0.14585106472843623
25,10911,0,0,0.08119533094321786
52,16365,1,0,0.10754772672008052
27,17187,1,0,0.22105815749363006
33,7940,0,0,0.19430208643469093
29,10821,1,0,0.1318965402583027
42,775,1,0,0.06778038585042948
37,17055,1,0,0.22426407262554943
44,5077,0,0,0.06943083469704096
29,1751,0,0,0.06422281861652976
43,12247,0,0,0.006875801950085423
24,7765,0,0,0.10734058064089382
22,8516,1,0,0.03553419901330426
27,8985,0,0,0.20393849853814133
32,12747,1,0,0.08110238841337108
55,16133,0,0,0.023726875916897757
35,11649,0,0,0.05996193756004689
43,12407,1,0,0.19741775067065476
50,16269,1,0,0.14586337671797217
53,15808,0,0,0.315696649438818
46,3863,1,1,0.35297777188783364
28,7101,0,0,0.04514611178882555
50,10126,1,0,0.11562233648109534
34,18713,0,0,0.029865599342846324
47,12334,0,0,0.006276760140698209
64,16366,1,0,0.08369072476118476
24,16001,0,0,0.049905809173318445
24,18351,0,0,0.03220293019026783
31,10605,0,0,0.04798554807253835
40,5624,0,0,0.045302398392800494
42,8519,0,0,0.08568274800892282
34,628,0,0,0.12802897684951628
60,13833,0,1,0.09998072143121375
21,12501,0,0,0.13113881845150616
44,3719,1,0,0.10402355245971559
45,10105,0,0,0.045115867168810136
54,14463,0,0,0.03948642610266546
45,15689,1,0,0.04210169469674664
26,15630,0,0,0.030057125109918367
35,2401,1,0,0.02427794671802762
28,7786,0,0,0.03101903288256766
41,12111,1,0,0.03067407836642946
61,2552,1,0,0.17308300731987222
38,4378,0,1,0.08441213233962981
37,18886,1,0,0.09301329760734266
41,10534,0,0,0.033390502233105634
28,11776,0,0,0.0330917871867721
58,3587,1,0,0.017336596754443094
50,12862,0,0,0.06356510322873841
52,18290,0,0,0.06703044257469358
36,19217,0,0,0.16498410225184149
33,4073,1,0,0.02789919371174323
41,4827,1,0,0.059845292038464504
31,11713,1,0,0.04344137384484454
21,17791,0,0,0.10114506230046252
52,609,0,1,0.15812226067598936
58,4891,0,0,0.18936434564070362
30,3550,0,0,0.05511809794127735
48,15896,1,0,0.026628799316726216
60,10237,1,0,0.08792614784207882
53,14432,0,0,0.1206990965397082
57,1298,1,0,0.29485195020274735
60,3078,1,0,0.057829810101588996
32,11084,0,0,0.21921089452512116
24,8687,0,0,0.044922307134934114
56,4094,0,1,0.08817244429071763
55,5586,1,0,0.14143308718933437
29,14667,1,0,0.06296230148052692
60,767,0,0,0.010457380202727936
22,17431,1,0,0.029950745240287863
37,3609,0,0,0.012365610977492735
63,15291,0,0,0.028236528934147277
36,12779,0,0,0.0177456514655321
54,1736,1,0,0.11208296794478881
22,15406,0,0,0.12373301804962096
42,10178,1,0,0.02173479781682587
55,6370,1,0,0.1033031662861417
58,2667,0,0,0.030634544434407173
40,2750,0,0,0.03811951657495025
24,8476,0,0,0.14470622500851607
44,6243,1,0,0.2036571318916578
53,16871,0,0,0.039685405691323436
40,11086,1,0,0.0759920517279755
63,1302,1,0,0.02213712158715737
34,17600,0,0,0.1170226310699463
57,5407,1,0,0.038940233783803846
54,12326,0,0,0.06236125258513491
39,16618,1,0,0.13194770392723487
25,13524,1,0,0.029120164208251333
36,8415,1,0,0.08147076131421603
54,645,0,0,0.14076042631950417
60,5089,1,0,0.03267852437572386
41,11604,1,0,0.06799863850778837
33,19013,0,0,0.018582901040587557
54,1199,1,1,0.05453205841089498
62,3536,0,0,0.0708744135659185
27,7485,1,0,0.06424248838559432
35,15877,1,0,0.07885558497596046
55,19025,1,0,0.11484529202448718
26,3972,0,0,0.05890018855896589
63,11819,1,0,0.12177845484359778
31,19279,1,0,0.0839123553738647
42,19971,0,0,0.10109827723625053
43,15828,0,0,0.03378655621394315
37,15683,0,0,0.11469610945599082
26,5890,1,0,0.13042821061907867
22,6535,0,0,0.04315888378363313
37,19680,1,0,0.008885823031655814
32,12643,1,0,0.04429706751805289
60,2731,0,0,0.06004778764691792
50,1847,0,0,0.08382614306302244
25,17262,1,0,0.045435530031696036
54,3029,1,0,0.18159607479257178
48,14138,1,0,0.21106561457154255
26,6773,1,0,0.12309994325526522
38,3890,0,0,0.12819854074142487
53,2726,1,0,0.07547718777470579
49,11154,0,0,0.05718559187258768
46,16173,0,0,0.05388371087704391
42,732,1,0,0.06571157692988479
51,14224,1,0,0.043805815931676984
59,11675,1,0,0.13335301915054368
28,15988,0,0,0.09490878211999704
38,11852,1,0,0.02647267636330166
58,2957,0,0,0.02892313203206553
43,8466,0,0,0.109408761456105
28,19747,0,0,0.038145817036942795
26,16576,0,0,0.021598512938088944
53,7352,1,0,0.07267477420482668
42,18649,0,0,0.04454189861743422
55,643,1,0,0.14560248716187596
26,10908,1,0,0.026589566421999285
47,15591,0,0,0.05738463111833181
46,13642,1,0,0.04377828197849049
41,3989,0,0,0.03231111129479825
39,3344,1,0,0.0456006648051248
32,14999,0,0,0.03288061589401328
55,19962,0,0,0.03977523817194758
35,15400,1,0,0.23399065501391877
39,17229,1,0,0.025130875423627533
58,18252,0,0,0.07894713905434055
48,19006,0,1,0.11840571253256955
22,15904,1,0,0.11524016389220688
23,15672,0,0,0.020436154357642185
44,15899,0,0,0.07523780454988682
52,6796,0,0,0.02249522711770492
41,11038,0,0,0.30354182186886414
63,4822,1,0,0.13567236973785804
58,10851,0,0,0.062422559649493024
40,10465,0,0,0.09545619948945362
31,1835,1,0,0.02124165704199957
21,2110,0,0,0.13409501567491636
22,19039,0,0,0.05271420038300739
47,11260,1,0,0.05562402335717417
35,1138,0,0,0.033250704354190565
27,7713,1,0,0.2761319579559962
24,17880,1,0,0.09757973501885622
41,14694,0,0,0.14611949961230344
46,16559,1,0,0.04310625914953552
22,12700,0,0,0.06799024469708079
39,14157,1,0,0.11526019926592942
40,5307,1,0,0.13088632414504411
23,16916,0,0,0.05581954379902189
59,14802,0,0,0.12335801305854063
31,5167,1,0,0.09466388694066566
26,6566,0,0,0.04035313720205545
26,15458,0,1,0.22793488992220753
42,5347,1,0,0.034147440291903884
52,13546,0,0,0.03189336223464082
32,8661,1,0,0.12023594409867887
54,6098,0,0,0.08220116935296902
32,3578,0,0,0.11226270281109108
29,14571,0,0,0.15396574455725834
49,6840,1,0,0.06453243783546218
55,11345,0,0,0.10381727895017362
53,5567,1,0,0.0693264242782161
45,3373,1,0,0.031914492123846123
59,923,0,0,0.040232791109524914
58,18819,0,0,0.0945210435728379
33,6367,1,0,0.05692089552653971
48,11734,0,0,0.08767285161537706
24,9603,1,0,0.13308803740839356
24,7713,1,0,0.026186403880437387
40,16679,0,0,0.06662589376668814
51,18261,0,1,0.19235593894269318
46,4019,0,0,0.025537441951839514
28,1104,1,0,0.0157729076825653
53,6884,0,0,0.06423226923967564
47,2509,0,0,0.0518361853159403
54,1072,1,0,0.13527546555227984
47,16197,1,0,0.157415138193251
58,1964,1,0,0.15041756169187726
36,1872,1,0,0.14430971985672025
22,7444,1,0,0.05356837537832983
47,11575,0,0,0.0661642523551784
64,10248,0,0,0.13166251672000018
25,15041,1,0,0.13865431351413993
63,15091,1,0,0.04900778168540962
54,823,0,0,0.09887072590777628
22,15382,1,0,0.12131373696308553
44,1332,0,0,0.036760107010997405
34,18322,0,0,0.08477097392372886
49,6465,1,0,0.07617143712233165
54,18202,1,0,0.1215388292904474
37,19984,0,0,0.1186106361086387
42,2479,0,0,0.051964192793049355
22,7928,0,0,0.050027706939966214
21,2685,1,0,0.14335200707918944
54,19385,1,0,0.1203765054481625
36,10187,1,0,0.15128745774804808
59,16831,0,0,0.1790375928954881
46,11994,1,0,0.19723553191197912
38,17030,0,0,0.14762865385782925
59,12158,1,0,0.11747488728517992
23,1445,1,0,0.07519623035310195
57,9982,0,0,0.2629615408947296
24,13268,1,0,0.10698830836902026
62,19633,1,0,0.02511003118167432
45,16740,1,0,0.023376931366531146
41,10424,0,0,0.1282452425778767
49,16215,0,0,0.1264456194515478
56,18738,1,0,0.007123691305806282
33,17580,0,0,0.08069437400449102
25,19769,1,0,0.10022517768200057
63,7506,0,0,0.12872914644463648
43,9158,0,0,0.16460920125972156
33,779,0,0,0.06748708998023054
61,3108,1,0,0.02978919527599921
22,16422,1,0,0.06813204425566988
57,6855,0,0,0.08773206755912928
21,9058,0,0,0.07101564286650051
49,7491,1,0,0.06578533503078011
22,18570,1,0,0.016444083557224924
27,17822,0,0,0.044645233072075234
35,14918,1,0,0.050917160977374254
29,19253,0,0,0.04424508523542211
22,11160,0,0,0.03425252991849402
50,3808,0,0,0.06591639324261883
54,12876,1,0,0.04229680835026183
35,891,0,0,0.2266077600485956
51,8685,1,1,0.09783047276149155
35,16697,1,0,0.11618478817638334
30,4014,1,0,0.08717238522373363
58,11393,0,1,0.3064267262537942
44,15657,0,0,0.05258563455473605
21,15147,0,0,0.1444727913527956
51,12042,1,0,0.09716758398687572
38,6967,1,0,0.07770758366079294
24,5219,0,0,0.08106762334789192
31,3591,0,1,0.1692063390288117
35,14864,0,0,0.0912929445595223
22,5660,0,1,0.15623741848352118
53,13172,1,0,0.009646977777520067
30,1445,1,0,0.02356621583602748
27,6189,0,0,0.12571563297601576
29,8024,1,0,0.07612869303650449
52,15571,0,0,0.01842072299881964
43,2434,0,1,0.13571530553581548
56,9671,1,0,0.05292994179070903
40,9543,0,0,0.0032617997546743717
51,6769,1,0,0.05742617725108466
41,16084,1,0,0.030010020015478513
47,19616,1,0,0.02922204782615706
59,1428,1,0,0.0708586040069179
48,18681,0,0,0.2258421153443583
42,17985,1,0,0.059610449400869556
59,16926,0,0,0.07629968048265978
49,2901,0,0,0.038771571181607435
62,8063,0,0,0.18463006796770998
49,13291,0,0,0.09554053053543834
51,4481,1,0,0.019306025132138614
43,5190,1,0,0.08404781782613965
58,11481,1,0,0.020667320998959602
34,16975,0,0,0.022390978993112882
44,3674,1,0,0.04560997021974974
60,701,0,0,0.09400032114362372
30,19921,1,0,0.15039895820804186
40,8717,0,0,0.06857005359486043
22,1985,1,0,0.16198663856043669
46,19257,1,0,0.15321103295352792
36,5830,1,0,0.07642649917759468
45,2701,1,0,0.06868022949702177
31,13535,0,0,0.0147342382781635
57,15332,1,0,0.07958045654304344
64,2968,0,0,0.09135767056405664
44,14669,0,0,0.14190863626493774
47,7868,1,0,0.018534815731859482
41,6723,0,1,0.2340038459172836
34,13502,1,0,0.038394844275931476
41,1678,1,0,0.05663369780123565
42,3776,0,1,0.06913585642250793
55,16745,1,0,0.03743510088442553
51,19719,1,0,0.04423114630682979
35,18145,1,0,0.10218255335161279
48,15774,1,0,0.08225938195772746
62,2992,1,0,0.0612897650749025
39,6522,0,0,0.10226827726865732
58,17032,0,0,0.047701276070309176
41,14405,1,1,0.0808384716501682
27,16747,0,0,0.08345945626622875
29,8510,0,0,0.09970347137473168
34,11751,1,0,0.021983710751774084
46,14868,0,0,0.05997274800836725
60,15778,0,0,0.17513266467169206
38,14652,0,0,0.07602141491484966
33,1269,1,0,0.13410891032428893
49,4449,1,0,0.08714658027842795
34,10175,1,0,0.04245239663645586
40,14130,0,0,0.033580869108772865
30,19356,0,0,0.013148758191817413
33,6369,0,0,0.11493922655063184
23,15616,1,0,0.18104480474650766
46,13451,0,0,0.017276962757431118
42,5728,0,0,0.07495058539298237
28,3877,0,0,0.11452345107777197
54,12658,1,0,0.03984891716954978
29,6899,1,0,0.058894434419689085
50,4644,0,0,0.17924064192212702
25,4763,1,0,0.03430341292810174
22,4831,0,0,0.03027680128408093
26,2280,0,0,0.015344718531172894
44,4192,1,0,0.07021078934297029
28,19526,1,0,0.03455321150068109
35,4204,1,0,0.07141507531780635
44,8472,1,0,0.09455463439330129
49,10236,1,0,0.14688677542382356
55,14191,0,0,0.0981213080713854
38,6541,1,0,0.07189608584380171
25,16622,1,0,0.07480219291070138
64,15670,1,0,0.15359083268703022
55,10415,0,0,0.17872904305071954
57,17935,1,0,0.1753112889620534
61,7292,1,0,0.04989622806471508
51,10008,1,0,0.06713573574869829
64,12166,0,0,0.054276270424703094
43,4230,0,0,0.045671431004364584
45,2097,0,0,0.05140660611655087
47,19960,0,0,0.14312175969147575
43,1445,0,0,0.008837863062381183
40,1417,0,0,0.07638321655824123
35,2479,0,0,0.07472538149097842
55,11218,1,0,0.16075436091433287
35,5731,1,0,0.05125873728286337
60,4783,0,0,0.09534207676189325
53,17277,0,0,0.05866864204110984
64,18784,0,0,0.04978661928774406
49,17581,1,0,0.056694646738761914
47,6836,0,0,0.0363396518985861
35,2163,1,0,0.027955231356986944
51,19181,0,0,0.11983056173909244
46,11141,1,0,0.04383664551193582
38,19469,1,0,0.02534145526588442
23,3763,0,0,0.09979804747579506
21,18888,0,0,0.10908632411673733
31,6538,0,0,0.036943519898410486
51,15958,1,0,0.08701616463435355
61,2647,1,0,0.0918201306760704
62,14953,1,1,0.22749560560274015
44,9731,0,0,0.14550522937509158
58,19079,1,0,0.24580282417463634
21,3381,1,0,0.06029838459585731
59,4861,0,0,0.16374257074400866
63,12906,1,0,0.09402447435402254
38,16293,1,0,0.11090018409864771
23,17821,1,0,0.013083530792079408
52,2713,0,0,0.11424625130843548
21,635,0,0,0.04299919152913158
49,7556,0,0,0.028513864351377233
35,2401,1,0,0.02902021972506121
44,8335,0,0,0.03061327607923424
61,9796,1,0,0.15148017819922224
27,19908,0,0,0.23162789162930972
22,1151,0,0,0.09170388121968467
46,6759,1,0,0.058535527474727386
51,7101,0,0,0.07704064802811877
34,11317,0,0,0.03792595071722396
28,6747,0,0,0.0938519846659496
51,12853,1,0,0.08744884778579581
51,17057,1,0,0.1881150918506199
62,13717,1,0,0.09760209808224087
59,13380,1,0,0.044875212566182945
53,2842,0,0,0.18279351541668487
21,17798,1,0,0.13749735761120283
32,11402,0,0,0.12491061508921988
49,3716,0,0,0.16252282359809056
41,12877,1,0,0.031193462668366884
23,9994,0,0,0.10742081251270828
45,18115,0,1,0.2072071082752784
54,13129,0,0,0.06955828416541031
52,19167,0,1,0.13215563901819855
61,19508,1,0,0.05831620329752607
27,5083,1,0,0.15498703381239182
62,6194,0,0,0.12529642269033633
44,4605,0,0,0.07696649966486473
34,4997,0,0,0.0458811477627244
58,13833,0,0,0.020124634774405317
25,19008,0,0,0.14537650650712683
22,10044,0,0,0.022150568266120007
53,16264,1,0,0.11029451451685685
53,14999,1,0,0.05080892185738471
24,5585,0,0,0.07738980432319233
59,17045,0,0,0.10379558525379318
57,9839,0,0,0.06486860745768515
56,708,1,0,0.00966718904009989
38,14453,1,0,0.08245856125678663
62,17635,0,0,0.11628787299127455
26,5283,0,0,0.07429940261360982
55,5675,0,0,0.08350496864202145
58,14780,0,1,0.02759014202366754
43,19403,1,0,0.1118980786938133
36,5570,0,0,0.10594069708758487
41,8890,1,0,0.01579312182524399
23,13743,1,0,0.07582681580412846
22,17122,1,0,0.07006818243917533
35,1155,0,0,0.06865655942495691
21,4398,0,0,0.0640058958580423
48,17933,1,0,0.09697044244517745
49,10740,0,0,0.04906575220723451
58,15284,0,0,0.09710159332245888
33,1734,1,1,0.22569859454152721
56,2272,1,1,0.09437280739861363
34,14829,1,0,0.04697686466175869
44,7830,0,0,0.06953578038537477
56,18870,1,0,0.08598046587678033
36,8903,1,0,0.111330922447659
25,16940,1,0,0.03042194801289509
56,11097,0,0,0.03984575438749748
33,13766,1,0,0.08729656356151522
30,13248,1,1,0.23249676361507768
51,2819,0,0,0.07278023255772346
44,15992,0,0,0.2382712908497121
22,19687,1,0,0.05503360337220876
61,8045,0,0,0.018280884116894932
43,7207,1,0,0.11625600469766077
32,12145,1,0,0.1089608816144031
24,12839,0,0,0.10442134065592486
51,7972,1,0,0.06229887623973075
54,5823,0,0,0.05828048583003528
53,19440,0,0,0.09497082369597017
48,16632,0,0,0.014631039841680554
59,11651,1,0,0.0526141425134467
47,7879,0,1,0.16428192384949394
31,7366,0,0,0.09358229803446715
30,8118,0,0,0.08334523083951725
37,12062,1,0,0.04600129269430003
52,587,0,0,0.010492151337204202
21,13311,1,0,0.04033415662973345
34,11719,1,0,0.20444752912997063
40,3319,1,0,0.024979400264057948
46,5389,1,0,0.18179035397790835
27,5905,1,0,0.20107710511483337
25,18476,0,0,0.10220361667901934
61,18727,1,0,0.13181325370775107
25,15771,1,0,0.06476055957554008
24,13791,0,0,0.17831367464420533
29,19065,0,0,0.14791847514985676
36,14820,0,0,0.015539646810126448
30,8100,0,0,0.048448516339020975
56,7490,0,0,0.0714957424387134
26,13403,1,0,0.08208722936767408
27,8468,1,0,0.1651239073620022
26,9310,1,0,0.04585590506829307
49,19460,1,0,0.034925893948964705
59,18232,1,0,0.20010526119886798
28,12324,1,0,0.028268474851973358
45,6823,1,0,0.05340549351943658
37,9124,1,0,0.04394755786277741
48,6906,0,0,0.11727582316844036
49,8671,1,0,0.08973705875040985
33,7635,0,0,0.05870569184735516
47,9180,0,0,0.07087405722519863
23,10206,0,0,0.09111151694694584
42,13032,0,0,0.09157305735334531
63,17810,0,0,0.14567720277991694
60,10807,0,0,0.036681446510161864
23,4545,1,0,0.12613766273022142
23,4112,1,0,0.004387777973417906
57,13200,1,0,0.12133109354095369
30,19962,1,0,0.06371417799845575
50,6466,1,0,0.01837702125461488
44,2221,0,0,0.05682288589507466
38,2111,1,0,0.06468932117905855
34,5844,0,0,0.09423478322620495
53,19096,1,0,0.006724690541383037
32,15722,0,0,0.2035396434489559
54,15822,0,0,0.03814258273479144
31,6990,0,0,0.025577807884325884
59,19064,1,0,0.056999589353891066
51,8448,1,0,0.06342372777745515
44,8305,1,0,0.040646349080292264
25,18788,1,0,0.04785149202348644
30,15261,1,0,0.010151514683358877
48,6131,0,0,0.12862547889532902
46,13197,0,0,0.018410513039496573
25,7332,1,0,0.045295601230728094
25,12570,1,0,0.15694595908569292
47,3174,1,0,0.026350491600985102
37,1285,0,1,0.09148482815910146
41,19294,1,0,0.05563187363440821
47,1898,0,0,0.10862762131006774
58,8324,0,0,0.12932529405230922
32,4307,1,0,0.10936745352267173
51,791,0,0,0.16867234113191973
59,15118,1,0,0.04760464363545273
61,6020,0,0,0.04981713995186337
63,16067,1,0,0.0851909093106336
21,11218,1,0,0.024991618214975638
24,13120,0,0,0.06279153333090322
59,13538,1,0,0.029481192656841928
30,4245,0,0,0.25546377268605097
33,9389,1,0,0.1803405982830373
41,15663,0,0,0.023595470926390107
49,5067,1,0,0.1409298706038803
22,2712,0,0,0.06202516057155754
49,8584,0,1,0.13387091083557406
25,17933,0,1,0.08651596740457083
37,6776,1,0,0.07665012123549805
60,8003,0,0,0.07292375985438843
26,2962,1,0,0.03140248436868693
23,14678,0,0,0.10379439809434551
41,7082,1,0,0.1814488087146496
31,3805,0,0,0.05199051366322962
31,2489,1,0,0.09894048248808679
39,6628,0,0,0.19312559751258157
28,4467,0,0,0.19783589250479042
21,10157,1,0,0.07476624302455447
61,8814,1,0,0.024862136378613217
56,10178,1,0,0.14772717271614963
39,7653,0,1,0.10530786582042771
57,2395,1,0,0.06753655703712401
64,15655,0,0,0.07970696860356075
38,11192,0,0,0.016128030157673678
27,4095,0,0,0.13759115620572962
29,1964,0,0,0.0380657808284581
63,18824,1,0,0.05401478485072394
60,18511,1,0,0.0961634409979329
51,4180,0,0,0.23600246591460142
50,8724,1,1,0.10631396557122634
34,11856,1,0,0.13961884936869107
44,9062,1,1,0.09358131498736043
37,16808,0,0,0.0851565643159919
38,11751,1,0,0.019835911494641905
52,5675,0,0,0.06276073432248337
44,15742,0,0,0.16554883725355793
39,17558,0,1,0.07191654457330829
31,1855,1,0,0.04488461869865092
49,17101,1,0,0.25677384873282916
40,14208,1,0,0.10221610283455072
23,18397,1,0,0.1155844634511302
51,18255,0,0,0.07264477435254459
35,1465,1,0,0.048743631892892846
39,9064,0,0,0.07253011474684246
64,1894,1,0,0.07068547401915724
51,758,1,0,0.09288748982029803
23,18386,1,0,0.013469060389361968
53,5323,0,1,0.0996093735273202
33,1683,1,0,0.07078884705430868
54,18850,0,1,0.10884658640123482
36,8451,1,0,0.09993616284515146
46,2801,1,0,0.2146738028172861
51,5468,1,0,0.06244009587332285
29,765,1,0,0.0471314187189743
26,13702,1,0,0.1793944750546056
51,18749,1,0,0.07953620388854166
24,8126,0,1,0.10102692342755404
57,17329,0,0,0.02190764031546158
40,7188,1,0,0.11701453843831185
25,9477,1,0,0.06514868557734493
54,4671,0,1,0.13576982118185726
60,605,0,0,0.07334755791201811
23,3682,1,0,0.1248458910989168
62,11883,1,0,0.027722537844092333
39,2435,1,0,0.04578113330031163
50,16426,0,0,0.21811294840183698
32,18387,0,0,0.09617210891018156
25,6078,1,0,0.15920484275880425
64,5775,0,0,0.02245221426307328
49,3868,1,0,0.08075147885785451
32,8494,0,0,0.11210865388673155
36,18140,0,0,0.04646472315740566
54,8110,1,0,0.05301536121782906
34,15474,1,0,0.026027597252374555
51,6773,1,0,0.08467958160491271
22,9237,1,0,0.09171439559066887
64,10122,1,0,0.06395186557799783
52,18147,0,0,0.08392796116673469
35,10224,0,0,0.04032698785323339
45,12359,1,1,0.12664325179459412
28,17158,0,0,0.05882416484438824
40,18909,0,0,0.051126202028001624
36,17951,0,0,0.11651551374634997
38,2511,1,0,0.07793861511913491
56,2684,1,1,0.15696823174879146
39,9010,0,0,0.08183694950117938
21,7349,1,0,0.07147746145204446
40,13744,1,0,0.023425890937826124
23,8927,1,0,0.04976725579120013
42,8453,1,0,0.12856300435658186
50,2261,0,0,0.07859186508331949
25,7320,0,0,0.0824722838841252
23,11642,0,0,0.09730390864685566
37,14060,0,0,0.07736789614465922
42,3792,0,0,0.12005464361803359
23,12310,1,0,0.0220678445374537
35,11671,0,0,0.041064181880711315
55,6009,0,0,0.0335808234462359
46,17848,1,0,0.2478803396879788
43,9158,1,0,0.06619142617986637
25,5646,1,0,0.06041215748584515
56,14284,1,0,0.08444127511916738
47,4178,1,0,0.06274888947858358
39,12724,0,1,0.13639704646633938
48,13802,0,0,0.04122872700328203
27,9334,0,0,0.0792169768205686
50,4475,1,0,0.029815808161684543
34,5570,1,0,0.10447729507949355
22,4823,1,0,0.0871669951167138
31,2734,1,0,0.034929483251072826
37,19960,0,0,0.07026692185584055
40,16883,0,0,0.135234013922571
31,10676,0,0,0.03682969984281336
55,16496,1,0,0.11437050608441168
32,13319,0,0,0.1074917843759694
26,12459,0,0,0.23929940944329062
30,14485,0,0,0.0723408917046621
38,11641,1,0,0.023461335188758124
22,11425,1,0,0.13914563053006532
25,3158,0,0,0.11373609132305637
27,12402,0,0,0.10001518878243283
38,9211,0,0,0.07849160378630647
62,5297,0,0,0.04376889296611215
46,9935,0,0,0.18040204715718297
24,16751,0,0,0.05454860706576972
24,9497,0,0,0.3074660733767537
25,9790,1,0,0.06288578167937761
23,5220,0,0,0.07278349374846933
43,16215,0,0,0.08070077279011019
53,2914,0,0,0.09045152107070278
40,16829,1,0,0.034618533175511494
38,18661,1,0,0.043150635590234736
47,3959,0,0,0.1072907959596623
36,11348,1,0,0.17534686949374464
56,11925,0,0,0.06743469147939782
51,17320,1,0,0.09564053501355779
64,6859,1,1,0.17473727157487168
24,13603,0,0,0.03984750741951561
40,2437,1,1,0.23955974520691398
58,16496,1,0,0.15844286235816607
50,15280,0,0,0.18655600295665123
55,4711,0,0,0.02861736234319038
41,2938,1,0,0.0763859409056077
38,2567,0,0,0.06219419896500497
54,16671,1,0,0.01113818925047172
41,12470,1,0,0.019013223695433186
38,7737,1,0,0.03251274032149245
38,11212,0,1,0.05497364630940495
26,11388,1,0,0.06162908964912983
55,2381,0,0,0.1990432410010449
58,9071,1,0,0.007684894165647546
22,12420,0,0,0.1478556578778032
38,12343,1,0,0.024919461857611007
50,4047,0,0,0.06365839880193722
27,18598,0,0,0.12457142718813013
34,2609,0,0,0.03886848542413953
63,17310,1,0,0.018778162871811208
55,19711,1,0,0.0330986607459769
59,15143,1,0,0.06711149166236227
64,11336,0,0,0.13782634961963816
50,4258,0,0,0.14838218023451413
33,6930,0,0,0.0372963490829544
62,11202,1,0,0.12985411276298447
40,2412,0,0,0.07978574424645186
44,14300,0,0,0.01721446372612514
45,18376,0,0,0.09846993698147881
45,14976,0,0,0.10132245695195992
45,18880,0,1,0.1542278187064205
55,9748,0,0,0.22460226392504967
27,5510,0,0,0.0914324824438976
40,827,1,0,0.16690754628929239
46,8982,0,0,0.046220948073171765
45,2748,0,0,0.12314836829105884
52,13088,1,0,0.09699316396286267
35,16143,1,0,0.17482222687646648
62,2667,0,0,0.04902634947136548
21,10572,1,0,0.02402427967251262
52,10970,0,0,0.12602802041373548
28,6568,1,0,0.025736908511847685
47,4763,1,0,0.012659479871308651
22,14415,1,0,0.047910559357119305
31,4892,0,0,0.10633107427108086
38,1122,1,0,0.03021621259615596
25,12259,0,0,0.061393034708548774
35,1816,0,0,0.06754666726367303
48,6546,1,0,0.23839932623255947
28,2204,1,0,0.022706921173015968
48,11231,1,0,0.26510853286624064
41,4743,0,0,0.0618336408907261
57,5615,0,0,0.05443189181750619
49,8290,0,0,0.07522773758796931
40,10009,1,1,0.18207235968412144
57,14522,0,0,0.08250294620042038
28,18678,1,0,0.17346060245647366
45,12261,1,0,0.015322411697192532
30,9952,0,0,0.01323127675194744
40,11885,0,0,0.16072422637130337
41,10276,1,0,0.05719733188333059
47,609,0,0,0.08655191963563756
34,10110,0,0,0.2788909395794918
50,15006,1,0,0.07982027778073673
28,17202,0,0,0.16745878420008212
28,2293,1,0,0.05653147714608129
25,13793,0,0,0.10412987033033615
42,2649,0,0,0.02227092961328739
39,1097,1,1,0.1854883768650191
57,1396,0,0,0.17773351954663594
35,2800,1,0,0.19275669291030942
46,2138,1,0,0.02528211885873384
63,11768,1,1,0.13784965162836202
48,18450,0,1,0.18181092796030243
58,15323,0,0,0.04413003038564991
43,14755,0,0,0.126569125890921
29,2781,1,0,0.09846539472667844
40,18795,1,0,0.00482018936270399
54,10304,1,0,0.037770083804988065
26,1110,1,0,0.07320743665130754
42,13028,0,0,0.03579522213849902
43,14240,1,0,0.014402154617572245
61,8315,0,0,0.07834071636263867
63,14450,0,0,0.01787015412794439
47,14023,1,0,0.038543079519328186
30,11827,1,0,0.2366345440953408
29,7181,1,0,0.014357850698809703
47,19973,0,0,0.10782865273309782
29,12648,0,0,0.04156797227783331
50,9509,0,0,0.0470716750392236
63,15431,0,0,0.0998054915760693
29,5233,1,0,0.05155695834878332
61,19138,1,0,0.05722710459685349
22,14849,0,0,0.18326506094379108
42,12958,1,0,0.24857938666788473
37,5694,0,0,0.09498950481452723
45,7355,0,1,0.10063072853275863
42,19016,1,0,0.0651325037721698
45,14564,1,0,0.05220296162595638
26,2667,1,0,0.04340366283994617
54,16187,1,0,0.020089436716976803
62,2814,0,0,0.04832413700528643
41,8585,0,0,0.026525718676554087
58,8631,1,0,0.06872388049262702
26,7570,0,0,0.0866888286312091
53,10160,1,0,0.04032895868973879
35,3473,0,0,0.05768607719039614
50,13395,1,0,0.043139621925599156
46,13699,1,0,0.10843961946975202
22,17107,1,0,0.12263675934277676
36,9174,1,0,0.03553853807164789
40,10847,0,0,0.0598537192472504
56,3091,1,0,0.09905488355330264
25,7274,0,0,0.019891206239096154
62,11448,1,0,0.1026041537189985
23,8621,0,0,0.03556403897986881
31,19802,0,0,0.02034002519435627
27,5907,0,0,0.0646039450124523
60,1500,0,0,0.12978264748550725
45,17415,1,0,0.0758189659152115
52,10552,0,0,0.05297410000212456
51,1885,1,0,0.20255941342920128
46,18748,1,0,0.0392246851057565
34,4544,1,0,0.0501671995963458
26,19202,1,0,0.030498282172994884
40,7214,1,0,0.11384212011012519
39,7163,0,0,0.16107395158803228
40,4628,0,0,0.21388459412800376
64,3846,1,0,0.05094343851066347
26,16107,0,0,0.034753679271497924
49,8704,0,0,0.09298446176428787
27,11349,0,0,0.03984110863620962
47,6711,1,1,0.17821898350504467
50,8760,1,0,0.04914120247507084
22,9910,1,0,0.07512996566415517
41,6552,0,0,0.13265096974917814
35,12121,1,0,0.06340982970603991
42,9575,1,1,0.1425780271780412
42,15480,1,0,0.06891504360877845
41,15662,1,0,0.14883829377336397
49,12866,1,0,0.11130745460165353
29,2516,1,0,0.15729747213068948
58,17895,1,1,0.21683200420698753
58,14063,1,0,0.021954589782283047
41,14846,1,0,0.047787732313651
60,13162,0,0,0.06871469281163937
33,10613,1,0,0.10730321816763032
30,11493,1,0,0.12140309575928801
33,2826,1,0,0.018737183604736522
55,18416,0,0,0.03155791660719406
27,16173,0,1,0.10322702549656104
34,18236,1,0,0.21154399845948177
27,14426,1,0,0.05791159786890532
40,5667,1,0,0.04434693166260244
34,7055,1,0,0.2161708125675542
56,17402,0,0,0.14798885282841387
54,5023,1,0,0.044038462756057724
59,12488,1,0,0.05271677011836552
39,13332,0,0,0.1332113459010178
44,4071,1,0,0.1197327109308889
58,2142,0,0,0.017461585456070825
52,1156,1,0,0.1558470897858515
62,15851,0,0,0.21485751692902064
64,6170,0,0,0.003081313260583261
24,4924,1,0,0.04159644367623021
31,18226,1,0,0.15552606620765622
52,12072,0,0,0.07616623514496663
25,975,0,1,0.04605591343493944
24,6419,1,0,0.15100750338876362
27,9766,0,0,0.0476520068336741
24,9806,0,0,0.09219008544637522
50,15782,0,0,0.09074368618754022
33,16112,1,0,0.03422016595578577
62,1118,0,0,0.050303255496718206
25,6097,1,0,0.04870572712736099
41,12208,0,0,0.03174571918237851
50,1145,1,0,0.09565000396651299
36,11629,1,0,0.09488173104791442
52,2009,0,0,0.17936604563995992
57,11673,0,0,0.07138487512974809
49,1952,0,0,0.031316315246622026
47,14904,0,0,0.1146919308289842
46,9450,0,0,0.01720120396510673
64,19049,1,0,0.2575471288605786
55,2123,1,0,0.07239073089639861
23,17459,1,0,0.017392178880125064
54,8547,1,0,0.06244534001892676
28,10008,1,0,0.07382649443465736
59,14108,0,0,0.10138361108492062
35,12631,1,0,0.1249684729753124
51,17657,0,1,0.13697847133301985
53,16713,0,0,0.07464249886212951
36,4817,1,0,0.06721330036568855
63,5856,0,0,0.04044877664500973
44,17595,1,0,0.13702279668215522
39,16296,0,0,0.08494709913816456
42,19572,1,0,0.06483985662763225
34,18360,1,0,0.05889478527787752
25,12701,0,1,0.23321129961918768
64,19267,0,0,0.15976393664076594
56,14875,1,0,0.07818193211192384
56,17805,1,0,0.16886607448812457
61,9919,1,0,0.06045402510602903
47,19324,0,0,0.11773517843605748
64,1959,1,0,0.04102705766478273
64,18199,1,0,0.09597235921466941
31,19218,0,1,0.3861674209146795
40,15887,0,0,0.04094786190872559
25,18932,0,0,0.03363078934952174
51,8702,1,0,0.08266387005098887
25,6794,0,1,0.08447306341743531
54,3111,1,0,0.03311791827126279
56,4316,0,0,0.08219486589681074
39,17397,1,0,0.0389429639872636
48,1776,1,0,0.048718211197051976
62,4403,0,0,0.030783402748266606
54,10207,1,0,0.1473600938960248
40,7513,0,0,0.06819156884771485
60,18532,1,0,0.02263181662058901
22,1080,1,0,0.180877718188867
30,1298,1,0,0.07986234653478035
35,5804,1,0,0.03624329708718114
37,12425,0,0,0.12090518844603937
50,7440,0,0,0.2325023465642392
55,16793,1,0,0.07836608632459345
23,2371,0,0,0.13116497320956533
32,7904,1,0,0.14054343332329244
56,13157,1,0,0.12861335561372536
43,12433,1,0,0.10667452876535824
34,10594,0,0,0.04286615871469737
40,9154,1,0,0.29527498023602583
47,2333,0,0,0.024968403210804797
47,1775,0,0,0.02887333056884569
57,1565,1,0,0.13184500026898785
64,10336,1,0,0.05864240819983936
56,17756,1,0,0.2267483033227946
25,2236,1,0,0.030454914065789016
39,1771,0,0,0.06604069221878239
42,13856,1,0,0.03832499414771377
48,10259,0,0,0.12646552833235297
63,6546,0,0,0.04059002871093285
40,849,1,0,0.16135232382251571
36,16148,0,0,0.12574807425813672
60,13356,0,0,0.07694544386099336
53,11947,1,0,0.05008959180620968
41,5066,1,0,0.11327843378917224
61,18733,0,0,0.12754735218447444
34,1724,1,0,0.1497430265868907
31,14885,1,0,0.11016877238670962
21,14689,0,0,0.04662186356574836
24,14634,0,0,0.14195192449665486
59,12237,0,0,0.06213022368799992
24,6439,0,0,0.11774691597235887
54,9386,0,0,0.08680382213518276
24,9117,0,0,0.13199015029012132
31,17392,0,0,0.21159395509777368
36,15038,0,0,0.11545445910933738
30,9788,1,0,0.2280729284373262
26,14579,0,0,0.027080217187244453
64,19404,0,0,0.1388621911664251
38,13999,1,0,0.20467847325555769
39,7448,0,0,0.04196335682583214
54,655,0,0,0.019194826927172462
61,17627,1,0,0.05755642494065905
34,837,0,1,0.10610483192888219
40,10427,0,0,0.1737543746899607
42,1815,1,0,0.013529615694641683
32,17649,0,0,0.03334594778015992
26,1115,1,0,0.2429031947274536
61,13828,1,0,0.14425203137749656
51,15570,0,0,0.08157946387303273
50,14784,0,0,0.0615806975879913
34,11164,1,0,0.049217602926528686
50,12021,1,0,0.07565187441172891
26,10345,0,1,0.11024174832426648
26,15264,0,0,0.006638206303274393
63,2169,1,0,0.07506306228729091
31,17857,1,0,0.10350620140911676
54,15605,0,0,0.06877915251713179
33,19388,0,0,0.09338127318589391
49,2310,0,0,0.16937845615971653
47,4577,0,0,0.04898083161963473
52,4825,0,0,0.016190620498632055
62,8543,1,0,0.16308735269823302
39,16468,1,0,0.04871607317540015
59,15841,0,0,0.12379623711170043
34,14005,0,0,0.044556588951189316
63,8224,0,0,0.07733387714053214
42,2305,1,0,0.07336581046139977
58,14041,0,1,0.16294546712661587
57,1940,1,0,0.053475662134807346
48,4479,1,0,0.09087950767058402
63,8426,0,0,0.229321643374424
50,15643,0,0,0.1644111865713384
47,12266,0,0,0.039796053800826944
32,2522,1,0,0.03672445289980898
37,5311,0,0,0.10439862517079147
21,17059,0,0,0.15320863902402296
52,11910,0,0,0.03218579606959682
47,13321,0,0,0.060062722195448344
51,7508,1,0,0.11805508962009352
48,16393,0,0,0.05251750450141758
31,11978,0,0,0.08745239281055053
64,2082,0,0,0.030194722863165924
40,14647,0,0,0.20676393608577218
51,6123,1,0,0.1647618713407351
26,16941,0,0,0.09400283581032376
47,12947,1,0,0.03657645031017211
38,4319,1,0,0.18002879881073597
61,1071,1,0,0.009435231674898036
54,2159,0,0,0.031562248275865214
62,5303,1,1,0.06373029040256384
34,2808,0,0,0.04753962340936169
50,13339,0,0,0.13072118437515412
48,3724,0,0,0.018258959834909712
32,9204,1,0,0.03623539447461289
35,6824,1,0,0.0827177996955711
50,13326,0,0,0.04551340429334113
27,1058,1,0,0.010275872175520333
38,8343,1,0,0.15194990968557234
53,16734,0,0,0.04045812494526518
58,5301,1,0,0.13220525908777928
46,17056,1,1,0.13205232363701608
50,3851,1,0,0.06923116309766904
57,14406,1,0,0.06683047432395135
31,5999,0,0,0.08986908978688078
50,7451,0,0,0.11629050442052048
53,10680,1,0,0.14309114328953698
56,14281,1,0,0.13343068024915775
47,10769,0,0,0.08311537724309126
27,11704,0,1,0.18131608879736824
23,6140,0,0,0.17518913568196381
48,13415,1,0,0.12943037662426407
33,1881,1,0,0.013576101020156219
37,2213,1,0,0.10762486251722597
41,3611,1,0,0.06933436073772437
53,17556,1,0,0.17578550508014978
36,12455,0,0,0.09645718322510215
46,7299,1,0,0.07530937488494989
42,12691,0,0,0.0955168787791455
23,5749,0,0,0.13687696521485046
51,14786,0,0,0.2571532444305646
44,8120,0,0,0.16118784545676526
30,12566,0,0,0.07754710392901411
53,5322,0,0,0.014291450545217584
25,1189,1,1,0.12526988206782694
32,19886,1,0,0.034365422816992654
31,13238,1,0,0.14877708699007852
49,13101,0,0,0.052548743154531084
64,12263,1,0,0.1126480257271909
58,17980,0,0,0.18690351204713704
27,863,1,0,0.07583276659881893
23,19045,0,0,0.17173155439162308
55,9453,0,0,0.011580719550484767
46,11834,0,0,0.25096008783494017
36,18788,0,0,0.17539124982808466
60,16110,0,1,0.05934351760429477
28,7326,0,0,0.09484034357336876
26,18153,1,0,0.1672307318335229
42,2123,1,0,0.08491044730550319
32,3425,0,0,0.13078161376739467
31,4931,1,1,0.3111974212289725
48,5748,0,0,0.05640068600763794
34,13630,1,0,0.0728317809605438
46,8331,0,0,0.08388110044513032
45,17080,0,0,0.1432039969854804
55,12645,1,0,0.13998795232959693
63,12304,1,0,0.0049120713908067885
48,15481,1,0,0.04759290659095082
33,8502,1,0,0.09613679316358088
46,7227,0,0,0.03629068569798597
42,2607,1,0,0.18925052962068617
40,16932,0,0,0.07901117658610099
36,5042,1,0,0.08326080418266446
24,13260,0,0,0.012856395441140752
31,15915,1,0,0.033415230275202275
47,7754,0,0,0.10480834033509151
24,3689,1,0,0.04100989054300782
27,13773,1,0,0.08985232234245663
46,6842,0,0,0.037955956570197784
64,17114,1,0,0.08558975636091945
28,9187,1,0,0.1256897979311792
24,7051,0,0,0.18304869658150114
36,14677,1,0,0.10252715208852713
24,8046,1,0,0.12694011186098006
60,16040,0,0,0.0887664545947547
55,13990,0,0,0.022840569081420178
26,17745,0,1,0.20858473808822842
25,8881,0,0,0.059865845237550064
44,2193,1,0,0.18732322592771694
38,3964,1,0,0.03391108573675104
51,598,1,0,0.18106339518297762
61,17156,1,0,0.06111163598106869
35,5243,0,0,0.08848414152793281
55,4430,0,0,0.06107769392081483
35,12318,1,0,0.036358713281895584
31,5303,0,0,0.1164374844641464
63,19593,0,0,0.04220225170725705
32,17422,0,0,0.07336165979281468
27,9291,1,0,0.10042732997287628
47,13018,0,0,0.1983736206362317
47,8042,0,1,0.059871981217867395
42,8916,0,0,0.2264535409128814
24,9869,0,0,0.21525510326271666
26,7945,1,0,0.13919546695161675
54,9012,0,0,0.19240805398156877
27,4073,0,0,0.022835345954913263
33,13209,1,0,0.004054127814745348
56,1824,1,0,0.19757331504442616
35,18232,0,0,0.029286914820424812
36,18233,1,0,0.14438967187157722
61,4556,0,0,0.03156615871097112
56,1372,0,0,0.022157671483097618
52,9849,0,0,0.03350035551885231
29,1702,1,0,0.027105221479907717
33,8365,1,0,0.17337152194783376
47,15165,0,0,0.12281272260182748
57,6536,0,0,0.10523858929619198
43,17928,1,0,0.0270645290347094
53,781,0,0,0.04847154719989125
35,14339,1,0,0.08095296538239662
37,10319,0,0,0.027411762915132892
47,5220,1,0,0.05886224972136996
45,8886,1,0,0.06765972171060435
26,5777,0,0,0.07184773824008821
38,12590,1,0,0.07547407968688971
58,19246,1,0,0.013550168320846651
44,10273,1,0,0.09389320135379685
53,14151,1,0,0.16234257790789317
57,12421,0,1,0.09695693701098378
33,16642,1,0,0.02351776990741782
31,11470,0,0,0.1296410448346916
46,9204,1,0,0.006019674530048362
42,2827,1,0,0.06683199614703104
60,15642,1,0,0.029812199819010617
29,18009,0,0,0.016253183497014368
39,19625,0,0,0.05743931132385011
23,14733,0,0,0.1828955662954175
36,7456,0,0,0.08540684545556798
46,14216,1,0,0.060913380352910086
56,6750,1,0,0.021066255202672836
58,18026,0,0,0.21900632506359
21,1337,0,0,0.012087388849778169
59,18015,1,0,0.2050319376152528
51,14871,1,0,0.04987897934539588
29,17839,1,0,0.11020836285552216
30,5193,1,0,0.048290463740669684
55,10408,0,0,0.050807039343165696
51,5451,1,0,0.14079431352047164
30,14360,0,0,0.1072455086040965
40,12824,1,0,0.07238287927823972
58,13985,1,0,0.02150489535177516
21,14907,0,0,0.278780020762863
43,1376,1,0,0.12228022876872001
59,8445,1,0,0.23186181736044195
21,5426,1,0,0.017153171719138643
45,18918,1,0,0.04324856651925418
45,10824,1,0,0.022063826291764975
34,3653,0,0,0.09242520569220794
44,8148,0,0,0.24277379298644772
51,10783,0,0,0.14289703597482517
33,6834,1,1,0.18447374980407966
42,12537,1,0,0.04994414060867342
44,15500,1,0,0.11156219892055981
22,12538,0,0,0.07337220137539546
30,11786,0,0,0.07581079743419283
49,13308,0,0,0.040413300724624894
42,6109,0,0,0.037158903692259174
63,12860,0,0,0.05870220830848124
58,1500,0,0,0.12876854816601954
30,15938,1,0,0.14809193827385644
64,7913,0,0,0.00843106056048637
58,16374,0,0,0.03884903046598757
39,5448,0,0,0.18110291207539603
48,19560,0,0,0.027455204088106408
33,10646,0,0,0.1482201809521653
24,18824,1,0,0.15749621827405977
31,6202,0,0,0.045073090673324406
53,10638,0,0,0.1909908203367953
46,14422,1,0,0.058907724548103814
40,14265,0,0,0.10195200243247503
42,5429,0,0,0.11687380290436221
55,8347,0,0,0.11892324579460216
51,4989,0,0,0.08957805518326933
48,13187,0,0,0.10646474375834297
43,8594,0,1,0.16259508430689365
21,645,0,0,0.1733378582027927
35,6206,0,0,0.16953105871891316
26,7668,0,0,0.08136692741007079
55,11432,0,0,0.04796504341509631
36,18333,0,0,0.023843214645602358
31,19678,1,0,0.08696367589916414
42,13662,0,0,0.04872250695647344
42,18136,0,0,0.09087456843051248
62,836,0,0,0.10460704091232136
28,17275,0,0,0.10067396845198619
57,10692,0,0,0.07234613532109076
30,7765,0,0,0.11533807130788437
56,7634,0,0,0.08702998407094659
44,7311,1,0,0.007842076107827943
44,16271,0,0,0.07069478787579694
52,9448,0,0,0.20840941910114086
25,2739,0,0,0.013884260697728794
56,18071,1,0,0.05487620185820582
53,12279,1,0,0.18680011487501597
29,8123,0,0,0.07715378321525607
24,14385,1,0,0.11794575253987706
52,7342,1,0,0.02435377251094654
25,12111,0,0,0.11440827202958721
46,654,1,0,0.03668955274104672
32,5851,1,1,0.2020440083467039
52,7172,1,0,0.040997565132578635
61,15967,0,0,0.1828524908061144
58,15212,1,0,0.02358806241217505
53,15975,0,0,0.10312370685542045
49,9835,0,0,0.16998969839816624
24,7538,0,0,0.09200629227033835
62,10802,0,1,0.15648150995040097
61,5700,0,0,0.03138592742803977
23,10808,0,0,0.08145193956375077
55,13445,1,0,0.07716632578344004
25,19400,1,0,0.06085261724647389
47,7672,0,0,0.03943439312566173
31,2708,0,0,0.101849349681672
26,7234,1,0,0.11360063214070332
31,16615,0,0,0.05182414433616613
35,9285,1,0,0.16196251889102314
36,8623,0,0,0.28090678113016215
34,9432,1,0,0.07649646617840658
41,5430,0,0,0.018809181705843284
49,16677,0,0,0.061813646349820395
41,13591,1,0,0.1824639583058163
46,19079,0,0,0.00921261559641102
37,2413,0,1,0.035159050098162635
33,14412,1,0,0.11186581691824966
27,2075,0,0,0.12690109189429882
34,2220,0,0,0.08589201115133557
29,16986,0,0,0.07461137596086798
43,7086,1,0,0.047353787221455404
49,6659,0,0,0.10847933396215578
58,4197,0,0,0.17052204553190695
33,2615,0,0,0.041541696341001154
26,13433,1,0,0.15666373211481208
56,10705,1,0,0.07897954282170352
52,12163,1,0,0.15699968424760183
34,3508,1,0,0.12916900457940625
64,19657,0,0,0.13211656544770173
49,653,0,0,0.10330029643605716
53,9230,1,0,0.35426379087343435
36,10676,1,0,0.1827148417861813
40,2556,1,0,0.23330878421005335
36,11786,1,1,0.21036144074960428
53,12168,0,0,0.02749067270096089
56,10846,0,1,0.1548088493377816
58,7655,0,0,0.061277728096642475
35,18634,0,0,0.061018728174900456
54,3970,1,0,0.042434468935591406
51,15010,1,0,0.016619487387135076
21,7734,1,0,0.10059257483629547
55,8050,1,0,0.14128616253307336
26,5144,1,0,0.1307298987426059
26,13655,0,0,0.02500217394930864
25,4345,1,0,0.03758625325530932
45,7768,1,0,0.1388020213038306
22,9930,0,0,0.12678824748836934
43,688,0,0,0.07115892201839506
52,16295,0,0,0.0964134066689551
44,6962,0,0,0.1364954591411224
32,17770,1,0,0.12727025401158512
35,13146,0,0,0.11280353889360252
52,5576,0,0,0.05466596075537696
35,13411,1,0,0.13107050457437477
50,9243,1,0,0.019085349352489695
51,9987,0,0,0.01531103389947319
44,16936,1,0,0.06446685353642033
37,13000,0,0,0.024264178798155858
23,19779,1,0,0.14383876879208915
53,18596,1,0,0.12638211232269791
34,17073,1,0,0.0739246486318507
41,9582,0,0,0.056724453915018735
22,10133,1,0,0.21206495971095432
53,17702,0,0,0.18773740627507773
61,17467,1,0,0.15859857836710672
59,7726,0,0,0.07628635829027591
34,14279,1,0,0.23849524527776275
24,12187,0,0,0.11297768858275069
25,2713,1,0,0.022639334124674317
37,2905,0,0,0.17403408050639235
21,2140,1,0,0.12342243972581268
28,5495,0,0,0.02705497419860611
47,18757,0,0,0.032931632024899675
22,6684,1,0,0.03431670578587176
48,18526,1,0,0.10821134879676257
59,9088,1,0,0.07840923029529089
64,9438,1,0,0.05534427870812381
63,5491,0,0,0.09811688224180959
33,13405,0,0,0.034084151960774904
49,11991,1,0,0.03247981831930481
23,6443,0,0,0.02008760048905788
31,15804,1,0,0.10639995933061179
55,14177,0,0,0.0557505312204583
30,14367,0,0,0.16910198226113382
34,9200,1,0,0.1851326722863341
39,13122,0,0,0.12951511388304277
35,7295,0,1,0.11988200107333453
53,19987,0,0,0.051124190983041586
60,9091,0,0,0.11960019485801711
44,5845,1,1,0.13370445382261248
46,9383,0,0,0.02490872198444727
53,18856,0,0,0.05095620077629736
38,18883,0,0,0.10306500125847233
40,7435,0,0,0.028948511743101035
62,17757,1,0,0.10889659256090875
37,6461,0,0,0.039973474971033894
32,4291,1,0,0.028668056192396887
21,4822,0,0,0.12980779349242794
21,5930,0,0,0.0450712311254522
54,6208,0,0,0.057076636918623906
31,6337,1,0,0.098991169395464
53,7974,1,0,0.031838069136785135
22,725,0,0,0.0647866591712064
55,7859,1,0,0.05668990223850622
38,10843,1,0,0.023423101535312008
56,8313,1,0,0.07050098349651224
57,9912,1,0,0.17161905275264716
46,4889,1,0,0.12845722640953677
63,2929,1,0,0.06190623613247039
62,18054,0,0,0.07818497671387516
51,19809,1,0,0.01046825819063984
42,8450,1,0,0.08549003758098875
61,15345,1,0,0.06775398439101851
63,3240,1,0,0.04304158668191273
38,4070,0,0,0.07787615608022594
35,10635,0,1,0.15976536271982536
34,14253,0,0,0.08647671544530974
62,14177,1,0,0.030625298020628435
27,7142,0,0,0.08058114297648372
21,17594,1,0,0.13801040263983
43,12840,0,0,0.21143759606713006
62,6675,0,0,0.07809744909819824
35,9674,0,0,0.1349204586101681
43,6313,0,0,0.02317552332020487
25,3207,1,0,0.08931276656980582
57,612,1,0,0.1213902292181768
62,9471,0,1,0.12769305716582016
48,621,0,0,0.12079228695163456
26,19252,0,0,0.07020866078891917
25,17613,0,0,0.07429371927646564
53,15088,0,0,0.07474933148532217
26,15129,1,0,0.15603199702762385
23,12718,0,0,0.10510554286182063
60,14782,1,0,0.26772057099654917
44,16948,1,0,0.1701829939074661
47,10496,0,1,0.11857592247762407
50,16660,1,0,0.1609560018710515
36,5128,0,0,0.030175307153900682
31,17819,1,0,0.15603516093890873
43,14277,1,0,0.0718404032399154
24,2622,1,0,0.18083847765261868
33,4048,0,0,0.06536887040071031
47,3024,1,0,0.06948785121299847
62,5227,0,1,0.2210179165022558
47,16078,0,0,0.027682230679596177
54,16618,1,0,0.078688742955125
34,19909,0,0,0.16112605911032313
23,3012,1,0,0.08137486630411414
37,11469,0,0,0.08719463886054254
51,16521,1,0,0.22201790174515942
23,19303,0,0,0.12337460119661339
59,2414,1,0,0.0851216624883087
34,13424,1,0,0.07239936567564692
51,2058,1,0,0.004345003349634076
59,2163,1,0,0.006467907508095856
47,16777,1,0,0.11805339723803182
28,18561,0,0,0.04040296767300335
32,4114,0,0,0.016805293653417357
41,16864,0,0,0.06761977085610532
64,18276,1,0,0.10728274820106502
50,10949,1,0,0.07446081128037728
48,3842,1,0,0.054619076431034155
56,15006,1,1,0.265671785996567
27,11195,0,0,0.04341035812914955
24,7355,1,0,0.018659305968317885
46,17371,0,0,0.11378721463611556
47,12507,1,0,0.01978039843139439
32,5653,1,0,0.013359660031641013
48,8558,1,0,0.11716625890351749
27,6528,0,0,0.06582803864851262
29,10779,0,0,0.15612844503673015
60,5784,1,0,0.06772374055573832
22,12912,0,0,0.022032176293166374
45,9238,1,0,0.039212596453630996
58,1550,0,0,0.16466042544532336
52,610,0,0,0.07831176297657373
40,2372,1,0,0.11967007023328456
34,3632,0,0,0.07008444706811601
23,2107,1,0,0.042393437794221486
26,13399,0,0,0.0777117336156774
46,12101,1,0,0.20224511948758622
44,909,1,0,0.05257375517494243
37,8551,0,1,0.21438737007104783
33,6228,1,0,0.12407691626696317
24,10251,0,0,0.23205774287620298
26,11910,0,0,0.18093626534225324
33,10255,0,0,0.04689409949102361
61,8276,0,0,0.022151867473881457
35,1289,1,1,0.16864820583233045
26,15954,1,0,0.120902112640603
46,16023,1,0,0.02952690130401439
26,17262,1,0,0.1443612970976049
38,14163,1,0,0.1258248298442644
53,6884,1,0,0.060252782928798695
25,13914,1,0,0.022963740940970447
61,18078,0,0,0.18119354622767495
48,1167,1,0,0.2330806874047548
61,10389,1,0,0.08260756188138231
53,13208,1,0,0.09876055539491578
63,19709,0,0,0.06222491888658601
43,10258,1,1,0.13687510601356973
21,17651,1,0,0.008251191230641308
23,15331,1,0,0.06906826052194034
29,15903,1,0,0.1429709397476381
25,2388,0,0,0.06832547714262134
56,10331,1,1,0.17805567562045677
62,15060,0,0,0.15273965932646846
48,2931,1,0,0.14796802359150937
29,19252,0,0,0.08073623021908466
64,13843,1,0,0.1448054273061667
34,17094,0,0,0.061698439110177555
59,12839,1,0,0.26408103431906177
51,17936,0,0,0.03497931587618553
40,18053,1,1,0.28501217482396685
55,1978,1,0,0.16147478861049663
50,18776,0,0,0.032993322037238794
61,10828,0,0,0.15490612738457005
47,10031,0,0,0.11888317129327546
38,5309,0,0,0.0614382830527637
25,8384,0,0,0.067041748136466
64,11126,0,0,0.07186390543294187
55,10889,0,0,0.07499164799550091
25,14278,1,0,0.24945306246413193
47,13744,1,0,0.014323259440059022
57,15063,0,0,0.03036142158567748
51,11780,0,0,0.030521038931937992
32,19836,0,1,0.18704497938506412
27,17631,0,1,0.10464645584635604
62,19173,1,0,0.039633062059971656
37,14620,0,0,0.08096659106332314
59,5319,1,0,0.11870371990146998
41,19310,0,0,0.03685173047438132
54,18354,0,0,0.11153130087563659
31,6286,0,0,0.1225863579841852
47,17738,1,0,0.01126014131594205
45,10681,1,0,0.13857511234477532
30,14607,0,0,0.17482777528533197
50,7171,1,0,0.12485361431182118
41,5524,1,0,0.04166037675880774
49,8341,0,0,0.09554299914064335
22,4170,1,0,0.04093376813771606
26,3254,0,0,0.11110654318387296
52,8994,0,1,0.212159888367731
64,18981,0,0,0.06015588707475171
26,1261,0,0,0.10601054732477452
22,6879,0,0,0.09337087202691001
32,6036,0,0,0.07561856030459216
22,4549,0,0,0.1578003061941713
31,1931,0,0,0.06920370220546018
51,3927,1,0,0.03490689448370862
55,10727,0,0,0.0637469374313049
48,8825,0,1,0.10057955299606407
38,12522,0,1,0.14274121122949257
27,17198,0,0,0.21784461222605708
44,2670,0,0,0.21235397042670048
63,6940,1,0,0.017983845760033895
30,17541,1,0,0.11442142492526057
44,5098,0,0,0.07934741222223143
35,2387,1,0,0.3033906420852512
36,5170,1,0,0.0790085942698559
43,8226,1,1,0.16299862660989037
28,5489,0,0,0.1530550522110491
29,10269,0,0,0.061260908419021654
22,4480,1,0,0.14636846241180107
51,11851,0,0,0.010175878083891404
60,17380,1,0,0.060318903478525684
40,6722,0,0,0.06683859466990802
48,11076,1,0,0.06592492444318272
64,14405,0,0,0.041254280414747574
54,1793,1,0,0.04122330994065187
31,7156,0,1,0.18948022779691015
55,12869,1,1,0.10530490358483631
38,5427,0,0,0.01373548208935929
63,8531,0,0,0.08151430199090126
61,9336,1,0,0.061189584387183533
22,18762,1,0,0.10531452303893865
59,2711,0,0,0.2610592471003001
31,12866,0,0,0.03941682343256579
42,19340,0,0,0.02604458579651576
53,18154,1,0,0.04710773291827859
26,11226,1,0,0.053454083027999234
21,8069,0,0,0.014770970150490614
38,3309,0,0,0.11213271208431036
46,5603,1,0,0.04842349672961638
46,16023,1,0,0.07615243724107008
62,1023,1,0,0.06950435907911622
32,14547,1,1,0.2744897530150579
52,18627,1,1,0.0845674675812871
29,8894,0,0,0.10615106917754918
40,16277,1,0,0.1495493577308499
44,19682,0,0,0.1363887243265446
39,15353,0,0,0.27423760486107884
28,10261,1,0,0.10271792143885394
29,11503,0,0,0.057536276525137875
59,4648,1,0,0.0636371033926514
62,3071,0,0,0.1303543534041294
24,15929,1,0,0.045487325191664915
31,10629,0,0,0.00825177989653706
64,18610,0,0,0.04229788345927383
26,14986,0,1,0.16007779415762638
44,5616,1,0,0.0919609571228739
33,19271,0,0,0.1221786481271521
64,631,0,1,0.022058372765321424
53,2364,1,0,0.01760816976092274
54,12380,0,0,0.038056729687484026
23,12283,1,0,0.10757870643504112
27,14789,0,0,0.15164350078025574
55,13117,1,0,0.021635296666689164
31,5586,1,0,0.11715928760805414
40,3395,0,0,0.1332774116666125
25,19291,1,0,0.239264330415229
21,7096,1,0,0.08304560115585428
53,3768,1,0,0.03179558489038715
28,1848,0,0,0.07143565793172883
28,16122,0,0,0.11066956077015914
58,16971,0,0,0.2394478068698011
52,17588,1,0,0.03213955103312641
30,17127,0,0,0.1849032011947359
58,3832,0,0,0.09458557907005595
63,779,1,0,0.128649132527098
39,10276,1,0,0.07745521786828562
40,10401,0,0,0.42457107312013265
50,1046,1,0,0.06586144270141064
27,17590,1,0,0.01922829360845875
60,13016,0,0,0.10671671812427716
26,13793,0,0,0.09051212809474599
54,11156,1,0,0.06078843906004721
46,19871,1,0,0.05624000334097611
26,15676,1,0,0.14868703849884507
40,11775,1,0,0.2315666744803425
33,10274,0,0,0.040228579438924036
62,16777,1,0,0.0483639240014534
44,7400,0,1,0.11190231507752266
37,17290,0,0,0.13024147798832264
32,3165,1,0,0.19115134405332854
27,1202,1,0,0.04147062964297509
43,1495,1,0,0.1126292014315137
43,7647,0,0,0.07316273972641504
62,10812,1,0,0.10600931255697715
49,17977,0,0,0.1765149904721464
40,18418,0,0,0.10146378033634865
37,1110,0,0,0.023670334605686596
32,15437,0,0,0.1573145552233586
49,4425,0,0,0.026377004763060395
27,8165,0,0,0.05725005475921332
21,17237,1,0,0.17235138961437899
60,19682,1,0,0.09316332385037818
22,15978,0,0,0.0312573391887999
31,4088,0,1,0.0782980529847566
45,1240,1,0,0.09289093379818325
29,19953,0,0,0.03272059707142442
50,5090,1,0,0.13346300256188437
45,4987,1,0,0.13472065641148737
24,10673,0,0,0.07514550496748948
41,3780,1,0,0.10879661998546758
57,13484,0,1,0.1453737644567062
37,17237,0,0,0.1636195711658259
50,7249,1,0,0.11477290631223996
46,9642,0,0,0.16508563629321613
41,18046,0,1,0.08130353366391803
46,17891,1,0,0.004775420008208093
42,2321,0,0,0.04071412737965125
24,15086,0,0,0.007494107541777715
40,889,1,0,0.09406093415908146
39,3556,0,0,0.01050871405054157
55,12732,1,0,0.024176016411930727
52,2877,0,0,0.06276301798066272
46,4088,0,0,0.2614859928812042
37,9211,0,0,0.16806985853431067
48,8605,0,0,0.07913855184622116
64,11450,1,0,0.12547610712054721
57,18448,1,0,0.0645211022230639
31,8752,0,0,0.18706916299895968
33,6471,1,0,0.013100739949910697
42,4633,1,0,0.08639761996654398
50,17600,1,0,0.11574495960393671
50,4741,0,0,0.06806805232115083
55,579,0,0,0.08732210077998785
45,10443,1,0,0.11390101751693917
57,14767,0,0,0.01663444012735589
22,778,1,0,0.2094189295461554
30,12914,1,0,0.02155475474524284
43,9059,1,0,0.16611243060590478
43,15642,0,1,0.135363553146707
63,1147,0,0,0.028248072090869967
50,17993,0,0,0.025362291136643445
38,17526,1,0,0.03310097750127561
46,13886,1,0,0.04116364526600294
26,12592,1,0,0.04650695043312348
38,14229,1,0,0.19241154194270552
21,3623,0,0,0.04438190429120112
27,17988,0,0,0.05119255841430645
39,15487,0,1,0.034780977295756035
21,15227,0,1,0.1937340805244747
29,10106,0,0,0.02603073885854613
60,3247,0,0,0.1676235387951988
57,10458,1,0,0.23152658474701002
46,11126,0,0,0.06120122751693692
62,5494,0,0,0.18072933290825813
22,18521,1,0,0.07068628094022454
62,8178,0,0,0.04059732316303651
42,19103,1,0,0.10322301944244652
37,17624,1,0,0.14079838881931267
55,1958,1,0,0.16824011907646294
41,3370,0,0,0.07064289515104291
47,8156,1,0,0.012496804103152133
34,12662,0,0,0.016038010532092396
44,2714,0,0,0.04672444709018116
26,4729,1,0,0.19683577751506412
30,17197,1,0,0.06026050909472064
45,9173,0,0,0.0833875099988056
62,11341,1,0,0.07489548755824514
29,10893,0,0,0.031926946454729384
46,19396,1,0,0.04453652123212234
23,2874,0,0,0.0901795573474651
43,10665,1,0,0.015739573632431603
58,2030,1,0,0.036725653725790834
35,1406,0,0,0.16187557632692204
56,9939,1,0,0.029583988024344275
38,18118,1,0,0.13107781944004
61,8482,0,0,0.051414380940466194
48,14482,0,0,0.025933332506015632
35,18459,1,0,0.09693865157748044
32,620,1,0,0.11682237386302234
59,14110,1,0,0.028736779703526623
42,18021,0,0,0.1201289404582454
38,17987,0,0,0.040426002875128944
46,14848,1,0,0.09474995153394784
24,18601,1,0,0.14217924952652805
29,12238,0,0,0.07631771261225778
41,871,1,0,0.12397067224064041
33,19649,1,0,0.01667492308659997
45,17657,0,0,0.01661098537455249
36,4207,1,0,0.02422426855738064
40,19190,1,0,0.05190806264918994
55,13206,1,0,0.17240106270715772
55,9326,1,0,0.06857220273360012
33,16462,0,0,0.054136043007407805
36,12901,1,0,0.026203060151378445
49,15884,0,1,0.2502002836221297
61,7246,1,0,0.05756403876527954
44,8101,0,0,0.021463082134144423
24,2423,0,0,0.06896215311905886
47,17840,0,0,0.12540634619428753
52,5620,1,0,0.10768403724967827
62,3180,0,0,0.13701927215669196
61,2070,0,0,0.0648907193416171
51,8028,1,0,0.07959156473348486
45,9992,1,0,0.1013824385569197
28,16772,1,0,0.055362085247371684
59,13244,1,0,0.13354237925373094
41,16220,1,0,0.03692718387274393
51,601,0,0,0.10050533442233538
53,1070,1,1,0.23783121765117432
21,4962,1,0,0.12082665829690414
37,8020,1,0,0.10838730990951916
50,1938,1,0,0.04751842009674977
41,17420,0,0,0.06364997248165209
49,19331,1,0,0.02415527744492619
45,9955,1,0,0.09601347372874593
21,16160,0,0,0.08274719518336816
34,4218,0,0,0.15667041896449602
39,1104,1,0,0.01756951199932464
37,18023,1,0,0.061559878903327994
22,16372,0,0,0.11276499704594008
21,15274,0,0,0.0966061043662854
33,16631,0,0,0.08912204851980782
58,14350,0,0,0.04219073147525146
64,16202,0,0,0.04941386975449698
57,19360,0,0,0.14313021311510704
62,17629,0,0,0.11418788631963918
61,17858,1,0,0.12837397074579102
51,9634,1,0,0.17462807744966757
26,16460,0,0,0.054796805671795325
37,5168,0,0,0.09660957037274985
53,6623,1,0,0.03552551718738939
38,17473,0,0,0.132161239650726
32,7586,1,0,0.005082736214598927
22,16775,0,0,0.03261574123494702
35,10161,1,0,0.09991619845506987
35,5856,1,0,0.1642070272869653
56,8526,1,0,0.08847742987339019
55,11824,0,0,0.09844326062714438
25,1735,1,0,0.08306874059181195
43,11360,0,0,0.12183684255861836
60,2549,1,0,0.058146942151277727
41,10006,1,0,0.09865733160332232
63,6804,0,0,0.1282546291540591
25,12367,1,0,0.13158662874166158
35,16862,0,1,0.12449832520974718
61,2137,1,1,0.06644890763235112
52,2159,0,0,0.0832042914209034
33,9365,0,0,0.04825855634626009
60,15200,0,0,0.05395655459320111
37,5957,0,0,0.014982136119911208
55,15758,1,0,0.0751021346135779
35,546,0,0,0.09617936924418523
35,6251,1,0,0.09504174384135074
35,10623,1,0,0.1445853962775037
37,12709,0,0,0.10400917537498992
47,7611,0,0,0.12076497725331936
56,17699,0,0,0.03596523019468519
48,8909,0,1,0.17312776916014344
22,12896,1,0,0.012529274241675626
47,2671,0,1,0.17204544917233786
39,18621,1,0,0.007413866634952026
24,10359,0,1,0.24436086193484474
35,9667,0,0,0.11326481107014716
63,5767,0,0,0.09278728658488919
36,12349,1,0,0.09067911510187261
52,511,0,0,0.08548069499799296
29,9312,1,0,0.006216703929958007
59,15710,0,0,0.0889958879908226
56,15665,0,0,0.10469273858679434
28,12742,0,0,0.18882482767859324
51,7802,0,0,0.09605057976897968
62,10794,0,0,0.06588156374052515
60,3794,0,0,0.008913563237185815
52,12630,1,0,0.05380267736131024
53,4717,1,0,0.07613788927149254
43,6811,1,0,0.11710037611961702
27,14815,1,0,0.04966318126647039
22,2899,1,0,0.16971667766652668
33,6935,0,0,0.08632775329851515
32,7460,0,0,0.06381662640182689
61,18952,1,0,0.1256676213863955
57,15883,1,0,0.06570588077688272
35,7763,1,0,0.17632439596672145
37,12361,0,0,0.09952510883177247
53,5178,1,0,0.08182740059052698
50,15929,0,0,0.07668127821157811
60,7223,1,0,0.022494589065137155
53,18094,0,0,0.02473615470485928
51,17871,0,0,0.07971583982790881
55,5368,1,0,0.09247374357113206
60,8480,1,0,0.043145953648301066
37,18331,0,0,0.10318354132698995
32,2374,1,0,0.021455110868465292
61,13420,0,0,0.06055593488278883
28,10566,1,0,0.10167716167273198
33,11435,0,0,0.09845752673594713
26,11661,1,0,0.06087761144353581
57,10312,1,0,0.08942124018207234
61,7185,0,0,0.032356738855395806
39,9640,0,0,0.13892381713274388
25,19576,1,0,0.12633629939917018
31,1941,1,0,0.07497065914890717
46,3630,0,0,0.02924851845620943
36,1565,0,0,0.06284647440831113
54,12698,0,0,0.20192112289584216
56,6954,0,0,0.026557613262245473
40,1375,1,0,0.07420420879918872
48,4469,1,0,0.0035384813327950264
23,5571,0,0,0.13505111884982052
27,2188,0,0,0.1368138902835971
35,15456,0,0,0.049021312797456355
26,976,0,0,0.11736353736889595
21,17714,1,0,0.11526592654696158
51,19578,1,0,0.056605390509717385
22,18384,1,0,0.1200649956059167
31,4635,1,0,0.09330990533172528
52,4953,0,0,0.11704330649570846
30,19701,0,0,0.03921921992975526
31,12646,1,0,0.08435764229391601
53,11117,1,0,0.05337231322208284
21,17364,1,0,0.03818998006733114
35,4240,0,1,0.2073216403431972
44,8419,0,0,0.16432090735138016
24,3333,1,0,0.16061874236913204
49,16079,1,0,0.09388489130730104
39,4415,1,0,0.0652000373557952
34,3068,0,0,0.00795485244197877
46,7593,1,0,0.33359658466921915
22,11505,1,0,0.09612633820809596
47,4497,0,0,0.08744275349185579
41,18050,0,0,0.06676528025071277
23,16646,0,0,0.075666240917986
55,18438,0,0,0.01568124639366754
40,7657,1,0,0.06686379421744601
24,8077,0,0,0.10767025736062241
36,10775,1,0,0.21051834754180068
53,18238,1,0,0.10113230523825786
40,10274,1,0,0.11949570798453603
38,8074,1,0,0.06657278722048486
22,13360,0,0,0.10672062696763836
23,3085,0,0,0.009847663522918467
34,19949,0,0,0.31417086838929104
32,13930,0,0,0.06804431805754727
49,9149,1,0,0.1129927835727762
41,2260,0,0,0.18954763559503213
26,6791,0,0,0.13273726343721626
49,11674,0,0,0.029534973704744765
63,19494,1,0,0.09243651509590652
58,9998,0,0,0.05282969213674395
64,19953,0,0,0.10348308700436754
42,10599,0,0,0.03766127920605385
36,15728,1,0,0.07619266202866708
23,2411,1,0,0.09894640452650914
50,16054,0,0,0.09529836696697219
40,5221,1,0,0.09575131286536817
48,8442,0,1,0.12905572417485567
34,6806,1,0,0.06571622450105795
28,11008,1,0,0.02569690464959392
51,12482,0,0,0.06058059300236808
38,7360,1,0,0.03486689014472373
44,1618,1,0,0.10844094410760755
64,12567,0,0,0.08375050653505743
33,8692,0,0,0.03870872771446036
26,16601,1,0,0.15074046697751328
52,14056,0,0,0.025328404805418533
46,7794,0,0,0.01889837086106803
38,1511,1,0,0.05239445357378006
47,10936,1,0,0.053181756148381956
61,16003,0,0,0.04689852204961921
28,15611,0,0,0.010263182305462776
55,7028,0,0,0.12047746289771626
44,4572,1,0,0.105319438976787
56,1933,1,0,0.13150814127681046
61,12402,1,0,0.15873834428804998
28,5619,0,0,0.07742058298204908
26,15627,0,0,0.06502349822243564
21,12142,0,1,0.11501674051366796
29,1516,0,0,0.058469514054200165
36,13976,0,1,0.17878504983288473
32,5447,1,0,0.04332737761341744
57,17504,0,0,0.04761122491694694
54,992,0,0,0.27457856387789903
36,7647,1,0,0.10262248590133874
46,625,0,0,0.09142041439929541
34,12845,1,0,0.04750034645723002
43,9813,1,0,0.05430031351633002
33,10893,0,0,0.04542922186198346
55,14163,0,0,0.08005596477878682
31,17970,0,0,0.07950092482638972
64,7969,1,0,0.06569849850782819
62,11620,1,0,0.06994070773912425
29,12611,1,0,0.017758203799439178
46,17686,1,0,0.07487918925316435
56,4233,0,0,0.11257198947504181
58,10709,0,0,0.16349718682512154
37,16810,0,0,0.07077579576933546
45,5987,1,0,0.08008039565357714
27,7570,1,0,0.012478916461682813
32,9255,0,0,0.026423817793605232
32,14290,0,0,0.1708552933311076
33,13575,0,0,0.052870690352092214
38,3033,1,0,0.07693143880902509
51,4516,0,1,0.11660363979690204
60,16453,0,0,0.08538557224988813
46,13636,1,0,0.04552923355560027
42,10602,0,0,0.05987965240556025
51,8697,0,0,0.07730545233789397
48,19420,1,0,0.044109293059706116
40,17708,1,0,0.06682786941971382
22,8404,0,0,0.023938121934464398
44,7355,1,0,0.09748576496596799
23,17523,0,1,0.09995354443530334
47,7245,0,0,0.013229420821475506
62,8535,1,0,0.19381918560693187
56,18379,1,0,0.06838290122819754
57,2603,0,0,0.07915762308589921
41,14217,0,0,0.030038918818522713
42,13908,0,1,0.1755119404170571
44,7893,1,0,0.09716109731768695
29,4067,0,0,0.11386386436946452
64,17289,1,0,0.052762915984951246
22,16097,0,0,0.1557328281726669
64,17236,1,0,0.06244902630172144
63,7029,0,0,0.25679175679174177
62,19276,0,0,0.01990666470315701
21,15250,0,0,0.0634155725293173
62,5179,1,0,0.01677152643316878
31,9888,1,0,0.12091936469000437
32,6670,0,0,0.10598390838557885
51,10971,0,0,0.07631820671922467
38,4172,1,0,0.1321319876046053
62,14825,0,1,0.10458718431196538
42,9460,0,0,0.08900539211972479
26,13468,1,0,0.13322187535938076
31,13013,0,0,0.01850619167291675
55,13452,1,1,0.16561708918697962
46,15319,0,0,0.07101299996637091
35,13349,0,0,0.1018682807292358
30,10554,0,1,0.17508529117012048
50,11912,1,0,0.0841245025615924
32,12806,0,0,0.03538575132126982
25,16239,1,0,0.02819875544386983
45,9777,1,0,0.022111991576244494
59,6350,1,0,0.16432554324777757
34,5423,0,0,0.12105308026377812
52,4040,1,0,0.052981103111158376
40,12252,0,0,0.08523331496567564
63,14835,1,0,0.05110426738004252
47,6683,1,0,0.07643401461355383
43,11026,1,0,0.16252603102970659
31,7755,1,0,0.07498481545306854
60,18061,0,0,0.07103262270901733
23,18169,1,0,0.012323123068725694
44,19319,1,0,0.09651123170032894
32,17290,0,0,0.10346269073942266
43,17409,0,0,0.05543032212196543
64,11365,0,0,0.2029873840566119
25,11177,1,0,0.11369035213829823
23,6381,0,0,0.04907728563654654
56,15205,1,0,0.06473900824207314
51,6740,1,0,0.08267558718618724
39,7019,0,0,0.013593408377418082
30,18940,0,0,0.08614181908342523
47,787,0,0,0.14470995381354837
32,2803,1,0,0.02201819266326359
49,15719,1,0,0.15081362385613384
38,13860,1,0,0.13043028319493627
55,15739,1,0,0.08231428867839374
49,9603,1,0,0.05975050806353248
46,656,1,0,0.14279489751515148
25,6301,1,0,0.04024247911780563
48,17340,1,0,0.0765578388395815
51,13488,1,0,0.11939335871359492
43,17688,0,0,0.024392302268233978
47,683,0,0,0.08940102284118184
48,6752,1,0,0.15478467936072338
31,13896,1,0,0.056703652042316095
40,836,1,0,0.13679400128900454
26,9266,0,0,0.07382295693868494
55,17582,0,0,0.028694994021694634
27,3652,1,0,0.17672929325731868
56,1875,0,0,0.07504328640734723
48,12921,0,0,0.0339354110584489
43,5027,1,0,0.19577221167878547
43,4086,1,0,0.2248798580593942
27,11080,1,0,0.13702329205173464
49,12320,0,0,0.06380088025382091
37,16422,1,0,0.06272942025818212
55,2527,0,0,0.1274453864964273
57,15745,0,1,0.11043624797908468
61,13568,0,0,0.10774110410905036
61,13782,1,0,0.049918083672311805
54,5152,1,0,0.07229299806491526
32,16659,0,0,0.10970420050694597
33,2902,1,0,0.019833203612376258
62,13865,0,1,0.08048148040294549
63,3124,1,0,0.04663231386087543
33,12934,1,0,0.13934904045717653
49,9305,1,1,0.1707192873220727
61,3770,1,0,0.03961837657610678
58,4291,1,0,0.09658600893093824
62,9078,1,0,0.03080946966146277
36,7639,0,0,0.05554404904075422
43,9301,0,0,0.09093074959933552
47,8947,1,0,0.052753609481969624
62,860,1,0,0.05887105037889372
64,8872,0,1,0.050471279169215975
45,8407,1,0,0.029362858285567787
58,8128,0,0,0.22718485009394984
37,4928,0,0,0.07493578496258538
47,4251,0,0,0.14547170608156998
56,2248,1,0,0.028123220110398986
60,12687,0,0,0.0861215690277437
25,11153,1,0,0.01687921306059645
24,16331,0,0,0.15178624099774096
30,5121,0,0,0.11994844955264584
25,8453,0,0,0.02295778089228156
30,4212,1,0,0.06974059214346469
62,18836,1,0,0.08594692931390632
48,15842,1,0,0.034066913535897025
25,3400,1,0,0.07587641897947936
52,16296,0,0,0.22434488369217906
62,18508,1,0,0.07008948807948398
57,13386,1,0,0.10029910245579336
58,19818,1,0,0.09672456744263669
60,4198,0,0,0.08608928038156315
54,6130,1,0,0.0210801115003781
59,12837,0,0,0.039791710488172996
56,10998,0,0,0.08691580421762635
51,14409,0,0,0.0633187624316085
29,19326,1,0,0.22701971588368883
61,5049,1,0,0.1307997860595292
24,17511,1,0,0.03482038233515578
33,3092,0,1,0.2254018751992812
52,9458,0,0,0.11640912931755527
52,8953,1,0,0.0118468730759254
59,16222,0,0,0.07641774740276029
24,8773,0,0,0.1910943920348341
55,16692,0,0,0.030828235919799548
26,3489,0,0,0.06272001940117582
47,19871,1,1,0.18543366734995473
30,4238,1,0,0.12921752115107352
46,12038,0,0,0.05378350350346142
25,10242,0,0,0.04241496767327096
22,2265,0,0,0.22100998345336842
63,10784,0,0,0.015521902331779091
43,17532,1,0,0.17039993828493727
41,10988,0,0,0.0673648013578195
38,14205,0,0,0.13355605592704242
60,19649,0,0,0.1066042641803428
55,6407,1,0,0.09399427999612545
41,1272,0,0,0.07073526038796094
26,13938,1,0,0.18662550127478042
51,15832,1,0,0.1662891154720036
29,3280,0,0,0.029421923568236703
35,7360,0,0,0.1932737085441597
50,7488,1,0,0.07667868455890306
62,15181,0,0,0.07976628760394146
30,17580,1,0,0.1043902480563233
22,14841,0,0,0.08267635204087866
39,6283,0,0,0.07374339857559198
51,12586,1,0,0.01392267985271436
49,5747,0,0,0.1381404618916021
62,12807,1,0,0.05441507061666731
30,19319,0,0,0.11205985544883552
55,13440,1,0,0.07813579019946275
55,15809,0,0,0.018995422892256378
57,15078,1,0,0.12380270735000388
60,9791,0,0,0.11053779750759428
34,3066,1,0,0.056710672308670176
34,19525,0,0,0.0979632926886067
40,7536,0,1,0.2682985995305441
36,17787,0,0,0.02806019748310659
26,16919,1,0,0.10583393723922215
35,13834,0,0,0.03822238887975902
37,11183,0,0,0.009878807321134834
54,5841,0,0,0.04489105511555327
21,3170,1,0,0.03922839113859906
54,17519,0,1,0.16272772416377107
55,19252,1,0,0.05597092772248287
26,13622,0,0,0.08508362726675778
62,19762,1,0,0.06635987283850686
52,4721,0,0,0.05724355184187857
51,10497,0,1,0.1521692786321402
54,3904,1,0,0.027631170789041506
56,10897,1,0,0.12834197391527924
38,17879,1,0,0.11571532321745553
43,6194,1,0,0.1371114813643594
47,8709,1,0,0.14414337960085577
29,10565,0,0,0.022026120365158663
23,9544,1,0,0.12195518617678476
52,19391,0,0,0.13503343981839647
31,8814,1,0,0.09873969643068446
34,5464,1,0,0.014297613551824634
25,6886,1,0,0.02699538265214141
41,6440,0,0,0.04899690028416739
46,6643,0,0,0.23739525877109158
60,18001,0,1,0.18950159770031116
42,10498,0,0,0.1165986835426418
37,7995,1,0,0.08111375728296401
55,3256,0,0,0.13920556559915326
33,19464,1,0,0.14302369209134083
21,3487,0,0,0.11155787673033368
22,7316,0,1,0.20335415947285748
58,14137,0,0,0.12545009295243006
51,590,1,0,0.14129698982631847
28,6668,1,0,0.07158089664709606
30,19097,1,1,0.27990811005853444
57,968,1,0,0.10257939922350479
49,5121,1,0,0.006632337927692621
42,2178,1,0,0.2368814814218771
37,14035,1,0,0.14198781772499586
37,726,1,0,0.007850947370074841
55,1423,1,0,0.13921485546864687
29,9715,0,0,0.16843872088338252
60,15090,1,0,0.051633290979947656
31,18139,0,0,0.07180721202731699
31,4791,0,0,0.29391028038620587
37,11650,0,0,0.08794235696144531
55,16104,0,0,0.1592356911386715
21,14726,1,0,0.013679140934419428
27,19348,0,0,0.009607814896821418
37,1976,1,0,0.07450078437791813
27,1381,0,0,0.04453284365762003
37,13878,1,0,0.12300794739118832
39,7675,0,0,0.035145456735690674
48,14899,1,0,0.09873312307772601
35,14457,0,0,0.09936076960781275
44,9129,0,0,0.13588873225732473
64,19930,0,0,0.16356434533425318
41,17694,0,0,0.03385825113493744
56,7579,0,1,0.08043461229954389
33,602,1,0,0.029481548272859672
60,19902,1,0,0.0772135222357683
46,19381,1,0,0.06581189292944363
26,18034,0,0,0.11677263799500795
60,1589,1,0,0.36254937610430243
52,14526,1,0,0.016376149187460446
36,19231,0,0,0.18343779660859585
47,7946,1,0,0.07858615093928022
62,15211,0,0,0.1201072599965407
25,10969,1,0,0.04818971034611907
22,9534,0,0,0.01349236144938288
55,14546,0,0,0.04586136698970286
33,11816,1,0,0.040029005304555984
58,13871,0,1,0.2370546428440347
54,4862,1,0,0.11521459066974125
61,6123,1,1,0.07436118028940614
54,12979,1,0,0.09278984396300899
62,11365,1,1,0.2365003886009819
48,7972,1,0,0.12367226228303077
25,16782,1,0,0.13828830096692984
30,7158,1,0,0.18359407253892082
59,9763,0,0,0.17557721475116142
33,6663,1,0,0.0756679934339198
62,11541,0,0,0.019953023785117506
59,11466,1,0,0.04831579873399435
51,6886,0,0,0.024403740853315595
26,15586,0,0,0.06070557864572186
29,3622,1,0,0.15210543789545086
53,15516,0,0,0.04983816013596967
38,1786,0,0,0.04323272090504326
38,5387,0,0,0.10426429810139742
24,8418,0,0,0.0886492230937223
41,8758,1,0,0.05168424583995204
21,12819,1,1,0.20484478527665406
27,18800,1,0,0.1790648124560327
61,15320,0,0,0.0920193580732172
54,11114,0,0,0.08377684257807788
63,2139,0,1,0.08663076897119405
61,19848,0,1,0.10031560144636496
61,6710,0,0,0.08098134998793463
38,12591,1,0,0.025308221280092264
32,16254,1,0,0.07314324790510258
51,14140,0,0,0.13081180537596931
48,2688,1,0,0.03807500913652945
40,5564,1,0,0.010427021562834
42,19868,0,0,0.0619111605282755
29,15474,0,0,0.012359241228723361
42,12837,0,1,0.10670774529141168
63,9197,0,0,0.08748173732600081
39,18830,1,0,0.08439113874267927
43,14674,1,0,0.07169117539828991
62,14740,0,0,0.006422591951023904
58,18367,0,0,0.0831183010641632
55,19295,0,0,0.025606990044784388
21,17260,1,0,0.07953723158240905
58,13473,1,0,0.0880817561023647
24,4959,0,0,0.06958701353395276
22,5727,1,0,0.07059772106170312
36,3504,1,0,0.10745929084818531
39,16105,1,0,0.13450772455552487
26,7023,1,0,0.11581159505357577
47,4908,1,0,0.09744046234026865
61,14655,0,0,0.021439469563812066
49,11517,1,0,0.05547084565943093
63,5295,1,1,0.13110032567662902
60,7774,1,0,0.03719864931951944
56,9879,0,0,0.06350975905914141
28,16082,0,0,0.18749777821022962
49,630,1,0,0.08993527232160181
24,15310,1,1,0.22746209820547963
54,2036,1,0,0.21887808082457613
60,17345,1,0,0.12308979648449571
26,2799,1,0,0.03836970154569195
43,5315,0,1,0.176686507022541
26,7698,1,0,0.025799766455966856
44,19952,0,1,0.2155628352151194
40,8264,0,0,0.14954187931329244
60,16204,0,0,0.14476738843438425
32,5500,0,0,0.057648362487846716
53,8040,0,0,0.05220764981651337
49,10584,1,0,0.09999259866914041
53,2989,0,1,0.042852471096513155
63,1086,0,0,0.09717046282127192
29,7313,0,0,0.11083024565953323
21,15831,0,1,0.28786234625121365
48,2570,1,0,0.1339927716707306
26,16458,0,0,0.09185518753311116
40,12499,1,0,0.05128998640978805
43,5845,1,0,0.18990333427403125
47,2701,0,0,0.08328730109750988
21,11237,0,1,0.1781263820021945
46,8894,0,1,0.12317586443920137
55,2619,1,0,0.05936525678755165
22,13517,1,0,0.042147599544474376
38,16823,1,0,0.18962693962541421
36,9334,1,0,0.05684568295792932
35,9303,1,0,0.09844040862331768
41,17692,0,0,0.027610851824788847
27,8054,1,0,0.12010411450959194
43,5199,1,0,0.057936031421833845
24,17019,1,0,0.07578299114409348
25,10715,0,0,0.0952286799361983
44,18786,1,0,0.17078785169842986
60,18307,0,0,0.05251286645347304
52,16312,0,0,0.044837787346633046
35,7387,0,0,0.08003940141504226
36,14495,0,0,0.04032298103291216
42,9717,1,0,0.1517859063276411
22,15403,0,0,0.017691927581064883
50,18690,1,0,0.08979895640894804
26,14784,1,0,0.11576416460903101
52,10236,1,0,0.09786594643266558
37,19855,0,0,0.0857024869647496
37,17352,0,0,0.04240785187481175
40,5273,1,0,0.056618736785526966
26,18838,0,0,0.027738186954278602
31,9853,0,0,0.08441899363625763
30,5493,0,0,0.04164317715441493
58,6250,0,0,0.0895385580325182
28,15823,0,0,0.05811583709796459
26,8011,0,0,0.04413808393222022
31,13248,1,0,0.10901450222992719
39,9173,1,0,0.02124132698384399
47,19741,1,0,0.105793266263344
39,3161,1,0,0.16502868256561432
44,11918,0,0,0.029747812945355966
43,7436,1,0,0.051535837596374756
28,15959,1,0,0.06371986540776844
21,18887,0,0,0.3493307792905071
50,7241,0,0,0.013070479357957797
62,18200,1,0,0.011483201337950822
23,12324,0,0,0.17359396804643967
61,1574,1,0,0.08493167701262566
61,15682,0,0,0.03197671984464736
55,11252,1,0,0.054930481848232515
45,19354,1,0,0.14730989230105812
35,9449,1,0,0.0279076983348851
46,5410,0,0,0.07192926244118059
21,3869,1,0,0.04970412805943071
33,2038,0,0,0.030865730344730793
38,14257,1,0,0.0379430182401927
43,19537,0,0,0.12466294899218994
32,13114,1,0,0.06314813444852102
39,12251,1,0,0.11663898961156051
52,1050,0,1,0.13458656995715895
62,836,0,0,0.08338538335486927
57,10232,1,0,0.10383104031683973
24,10639,1,0,0.09840919457048825
46,8800,1,0,0.04729756447418864
41,18752,1,0,0.22646801047691564
43,6935,0,0,0.08520983189451872
55,19696,1,0,0.08709276825627016
35,5638,0,0,0.06163095444549103
44,6851,0,0,0.18725288767401507
60,6335,0,0,0.07228912097134754
45,15747,0,0,0.13155333536654373
45,6955,1,0,0.13099662749792573
61,9444,0,0,0.1111259955084926
22,2674,1,0,0.06040255623018186
37,8261,1,0,0.014490399635191255
42,4399,0,0,0.10492220027439747
21,15284,1,0,0.28125083029083403
41,16350,0,0,0.04422688984103981
61,5764,0,0,0.05155698776905734
55,19768,1,0,0.09242372787255837
22,8814,0,0,0.1029572724378397
59,16778,0,0,0.1850777391728604
56,5307,0,0,0.03700580172304186
59,17250,1,0,0.04551190649724821
27,3281,0,0,0.06829680297731451
60,7554,0,0,0.014803300099196242
21,7896,0,0,0.018516148769520763
22,4131,0,0,0.058687979351194755
36,19204,1,1,0.17373693971572202
56,6229,0,0,0.06099220971318965
59,8668,0,0,0.18404870750588725
48,825,1,0,0.0959758448916163
22,13822,0,0,0.12451135764101585
59,4001,1,0,0.002913243094279402
32,6058,1,0,0.027650908539825502
53,18383,1,0,0.11810186430749058
33,17374,1,0,0.08619311920464957
45,2737,0,0,0.10578629404922467
25,12685,0,0,0.0950080716632151
64,15073,0,0,0.11082479995974531
25,19033,1,0,0.14840399586453012
63,5197,0,0,0.09363470840702387
60,6856,0,0,0.035976441568249105
27,5119,0,0,0.021925273180006127
51,10991,1,0,0.022232075988105535
36,12262,1,0,0.12949575870129856
34,4225,1,0,0.15015267181659808
35,942,1,0,0.11834717572765743
31,3149,1,0,0.03309154208805411
63,4569,1,0,0.13504180406482824
22,11914,1,0,0.230840856793126
36,4407,1,0,0.1558366170732645
36,16166,0,0,0.03894409160040229
39,13023,0,1,0.051495709444219204
34,4395,1,0,0.05033868545747953
50,19815,1,0,0.028251710156172664
61,14206,0,0,0.07662578415829571
50,17465,0,0,0.06389407950737912
30,13595,0,0,0.04810389936255526
64,13375,1,1,0.3844350402186867
38,9909,0,0,0.10049708549251264
34,13293,1,0,0.1845732477635945
51,15454,1,0,0.04428881249034117
63,19733,1,0,0.09475671440777103
35,12081,1,0,0.14306372838469023
29,15197,0,0,0.07214594495690427
55,18956,1,0,0.04649870432837769
41,12403,1,0,0.03730364802371401
52,15392,0,0,0.03677210667467567
40,4183,1,0,0.19333086312330644
22,17788,0,0,0.05000692068137531
36,19589,1,0,0.22258653344079585
58,7546,1,0,0.07735921934898808
62,17805,0,0,0.12765624150411164
37,16314,0,0,0.051775590379298415
51,5042,0,0,0.05944758443795562
25,19844,0,0,0.056958064723310414
30,11900,0,0,0.11172320176380232
51,3687,1,0,0.13054042874607227
22,2607,1,0,0.010122278195349596
53,10467,1,0,0.04337040746193627
63,10652,0,0,0.057660647056002434
24,17315,0,0,0.07170607181063907
46,10453,1,0,0.12919840029790997
36,8234,1,0,0.045391894823950917
49,6675,0,0,0.019105830207907216
60,10410,1,0,0.15096386993144437
24,5687,0,1,0.09266499815593328
50,15078,0,0,0.1853120622926963
29,3147,1,0,0.12510432848085024
44,16581,1,0,0.06674946826768577
40,4714,1,0,0.05033918685800008
43,4390,0,1,0.17314833341527372
54,19494,0,0,0.13261423141313491
47,8126,0,0,0.08092948804768607
36,13760,1,0,0.09576819188006812
49,8192,0,0,0.00873443760886217
47,19645,1,0,0.0474018539217065
24,3480,0,0,0.1034537039345525
47,9582,0,1,0.09778329542186959
35,2277,0,0,0.08837756106999207
27,11639,0,0,0.11917838219277896
44,15021,0,0,0.11924744353184938
43,9635,1,0,0.08716758696493275
53,17113,1,0,0.08368224755288838
40,15484,0,0,0.07256744090225513
53,19062,1,1,0.06031293464240951
33,19917,1,0,0.14483455224802264
47,19147,0,0,0.06413685353798346
63,8946,1,0,0.04212877727349518
46,19896,0,0,0.048735325509874534
50,13389,0,0,0.03787993570666046
37,2118,0,0,0.09846287585201959
50,2105,0,0,0.05232853251185432
57,8237,1,0,0.08342845111786028
59,11350,0,0,0.18759891228521858
61,2102,1,0,0.1079314108047508
34,11744,1,0,0.09524359322755968
58,13718,0,0,0.026006265805303647
36,14020,0,0,0.08593079234823406
59,19461,1,0,0.005393493199987584
21,7598,1,0,0.14156682720554414
60,1215,0,0,0.013661717288644876
30,19177,1,0,0.017904134603430398
29,10763,1,0,0.08054146019864601
45,12793,0,0,0.08538692098427327
43,10898,1,0,0.1304142588765214
27,9993,1,0,0.14698776022415627
44,3683,0,0,0.018055722908337818
56,11498,0,0,0.07452062239783107
42,16752,0,0,0.06743568104442396
46,2709,0,0,0.20275706893510584
58,8197,0,0,0.09047387453118722
28,18734,1,0,0.06659531197696048
35,8699,1,0,0.0865726644946411
60,3652,0,0,0.010690119475428018
28,19258,1,0,0.1632980112620377
32,3169,1,1,0.21769507015906125
33,5323,1,0,0.16966600777070975
57,9568,0,0,0.03155798309654603
27,8016,1,0,0.12158048349508885
37,8619,1,0,0.1607881281935409
38,15517,1,0,0.14672081070847526
24,11356,0,0,0.03991293621415605
26,9859,0,0,0.07335692510327185
37,14215,0,0,0.05101384390745754
24,12266,1,0,0.09159270830476626
64,12760,1,0,0.09496354615073745
40,9817,0,0,0.051993590528682535
21,11311,0,0,0.033965601274824175
47,6024,1,1,0.10410095773197692
54,8566,1,0,0.010913883676689124
47,3673,1,0,0.15210926625904428
46,2102,0,1,0.16600061937057647
25,17077,1,0,0.15149799191030933
53,16237,1,0,0.09328812071170087
63,5866,1,0,0.07656450053977008
37,9488,0,0,0.08723061262686131
26,19948,1,0,0.09159499055723563
30,10854,1,0,0.06719025679552747
50,696,0,0,0.07493629924126267
49,11758,0,0,0.1838209353154315
60,17697,0,0,0.23530530410194447
38,4998,1,0,0.03264611381670351
59,18973,1,0,0.035517239449713904
33,15381,1,1,0.2877059849012548
43,1644,1,0,0.04346861500922213
49,19760,1,0,0.011218228694415017
33,12737,1,0,0.13374447520890656
37,4708,0,0,0.06105615638232635
57,15762,0,0,0.024893738607843375
46,16516,1,0,0.08964472545323393
47,12499,0,0,0.05405087089232131
48,19301,1,0,0.10716463416163796
55,17662,1,0,0.016702946643880095
63,6576,0,0,0.22648596019852535
38,3083,1,0,0.1069790304202061
36,16244,1,0,0.0691277604334577
61,19000,1,0,0.12380671329942716
42,6239,0,0,0.09352083588609969
61,11234,0,0,0.10477801056662936
59,10452,1,0,0.09201312460476262
53,7215,0,0,0.08888328589963265
52,10995,1,0,0.0975150606748988
62,10741,0,0,0.02378956597887057
33,19713,1,0,0.0899761059686652
40,7116,0,0,0.10217180146868694
45,3404,0,0,0.11415592586708068
29,9381,0,0,0.0583654753583021
43,3261,0,0,0.12918965937605667
49,3550,0,0,0.009513131323160074
43,12883,0,0,0.0655415678288306
49,16970,0,0,0.1253366482009635
25,2756,1,0,0.07076795050242325
42,8097,0,0,0.01662232152513993
61,4073,0,0,0.04843302172106377
32,9606,1,0,0.0686179286613526
41,12018,0,0,0.11243932881652932
48,18236,1,0,0.04467468616626277
48,17938,1,0,0.06098419129316189
28,18186,1,0,0.058946405486060366
25,8737,1,0,0.07535111857449522
54,15867,1,0,0.059035806065203845
44,6167,1,0,0.010347700781010353
60,1085,0,0,0.008729462317203649
64,18632,0,0,0.0433743063847177
28,18174,1,0,0.0849343472528848
36,4030,1,0,0.2106789696200332
57,4180,0,0,0.12602548530036722
33,18187,1,0,0.1486575580092279
29,9046,0,0,0.022346621069180974
27,15901,1,0,0.09765700953105184
43,18108,0,0,0.07653819028804656
37,11138,0,0,0.07315885961789309
61,2353,1,0,0.050762748654045134
63,12200,1,0,0.13351778277322263
24,3095,1,0,0.14408715337287029
60,13915,1,0,0.025904395206748015
24,11733,0,0,0.18252385615833155
52,9026,0,0,0.12300801205577663
63,9620,1,0,0.06660219849491332
36,19262,0,0,0.03208501184362933
27,8098,0,0,0.10555581081867282
23,17055,1,0,0.028113996579796054
36,16288,1,0,0.10086095325412502
62,19923,1,0,0.14023841097248685
41,17946,0,0,0.005547179550146767
39,12614,0,0,0.0937799407973594
21,19832,1,0,0.011326522084223148
50,14158,1,0,0.0045048740271467535
29,2897,0,0,0.07031302565138339
51,2378,1,0,0.05174089263310073
57,13686,1,0,0.06494098932015208
55,10828,1,0,0.09964218309201806
43,17491,0,1,0.22138105063268534
49,10991,0,0,0.18775924951457248
38,5190,1,0,0.06906673898054463
52,17214,1,0,0.051359356718721556
51,9860,0,0,0.05393274313298212
29,19104,1,0,0.027978952052682644
35,639,1,0,0.08613643576150203
55,856,1,0,0.15741008820137994
40,3124,0,1,0.12580497770204496
31,19162,1,0,0.062093245245531004
64,2948,0,0,0.05130759400300345
59,14397,1,0,0.07158951849809816
55,14297,1,0,0.09341892088977834
39,17657,0,0,0.10574984890110688
45,12633,0,0,0.0861097405667274
62,908,1,0,0.06367263905579812
44,1254,0,0,0.08241209975054785
57,774,1,0,0.22839672993212373
58,12116,0,0,0.25525586250088006
56,8889,1,0,0.07065580764575402
47,1828,1,0,0.046860524268612015
36,906,0,1,0.06208701121062885
35,4442,0,0,0.17438035289570322
56,9855,0,0,0.0990960601656171
39,18076,0,0,0.02904869082315279
31,16630,1,0,0.11531226654860396
29,9221,0,0,0.17088289582929417
48,6092,1,0,0.11317395804174048
63,15736,1,0,0.03811862411101179
37,18774,1,0,0.09671898674835872
49,6629,1,0,0.06073593154011373
34,10207,0,0,0.060979912526273286
38,2660,0,0,0.05005390973310483
38,3029,1,0,0.01219115694121204
36,17819,0,0,0.08263507981765174
58,4908,1,0,0.061569336473503676
60,3694,1,0,0.08512241846303499
32,6720,1,0,0.10999752664456781
36,7318,0,1,0.13959608707971458
21,4473,0,0,0.01540142223721227
54,14174,0,0,0.02994795591823433
52,11691,0,0,0.04748864898383186
57,12040,0,0,0.15241947773661876
45,19717,0,0,0.15895435013396367
61,18595,1,0,0.07139531139587878
27,6004,0,0,0.0832460409456903
37,19759,1,0,0.012836849568213338
40,13730,1,1,0.13000611535794981
54,3359,0,0,0.07477602299872403
30,6723,1,0,0.03184317772871966
35,4918,0,0,0.05592404426004597
25,16084,1,0,0.024578971131359845
62,12963,0,0,0.11353126960512477
40,15691,0,0,0.05880717470789764
21,3361,0,0,0.10007962595081472
31,10556,1,0,0.18178771020938653
46,11073,1,0,0.03981181493638559
42,13777,0,0,0.013823817544806506
43,7770,0,0,0.016869466090676726
23,1727,0,0,0.07402047095677047
59,17818,1,0,0.15338914379756954
57,8813,1,0,0.11172402334521456
30,18402,1,0,0.054398343154951324
37,8578,0,0,0.05289418705827965
24,5547,0,0,0.019417698079927312
26,9551,0,0,0.04422952920084863
58,2365,0,0,0.19497067793992578
26,11396,0,0,0.08197110718677302
36,19826,0,0,0.10154694638688082
64,5496,0,0,0.19285332673977643
35,3422,1,0,0.042066264266730644
51,3168,0,1,0.07196028170698102
25,3881,0,0,0.07346286074105089
59,8158,1,0,0.05290252480871271
61,5417,0,0,0.05205479241750889
61,14424,1,0,0.12223610309021299
48,7146,0,0,0.01287850373903111
63,7581,0,0,0.0232580246810722
51,3381,0,0,0.030078899811271983
37,11677,0,0,0.10829066505092458
60,6783,0,0,0.054028494726244616
33,14260,0,0,0.039735284519222105
58,929,0,1,0.14078367184540738
61,13034,1,0,0.02139804107484245
40,16119,1,0,0.20317146110758239
31,14380,0,0,0.07964818521136205
28,5639,1,0,0.05528400292205018
44,14086,0,0,0.01539331997109096
50,16446,1,0,0.06529823486495248
46,10773,1,0,0.026260452099667788
49,13114,0,0,0.1350958261484536
22,16409,1,0,0.09681260069713903
23,9870,0,0,0.17022751109853906
32,3405,1,0,0.031856411084281014
60,19459,0,0,0.05559010818045636
43,6869,0,0,0.19800210134073595
35,8040,0,0,0.036510745016856964
50,12452,1,0,0.020087020592096383
39,3978,1,0,0.054526019701812915
27,7254,1,0,0.08851554307934882
43,11760,1,0,0.11304776708711928
51,14803,1,0,0.05315895421662257
61,3232,0,0,0.1098104680918697
37,16648,0,1,0.09393528614811428
28,5897,1,0,0.04579276681187616
59,18314,1,0,0.026116683604013254
37,18200,0,0,0.1442863576460161
27,14370,0,0,0.09408804465082
43,17897,1,0,0.1714939251873491
23,3617,1,0,0.1094262037779365
64,9581,0,0,0.03596731221984178
55,3248,1,0,0.12629470364159667
40,9826,1,0,0.016380760094164015
44,11854,1,0,0.2186733569700023
38,11552,1,0,0.08475052205919781
41,1979,1,0,0.09213238666814205
62,2141,0,0,0.014987255645367955
52,19964,1,0,0.12472341758800413
50,5436,1,0,0.2014363556595003
63,10144,0,0,0.08520242247808409
28,11809,0,0,0.1315246311980495
60,3606,1,0,0.011081536704865795
28,6762,1,0,0.17182094310424248
32,12229,0,1,0.11282338444825686
49,4661,0,0,0.035909729004585854
27,15952,1,0,0.028499597717652665
41,13123,1,0,0.05533263853523149
35,19782,0,0,0.12521406733056561
21,11545,1,0,0.05244212790139957
29,16106,1,0,0.0764613232440529
40,6877,0,0,0.11833409502608824
24,14036,0,0,0.08600437281176518
62,18779,0,0,0.0560175466614703
39,16535,0,1,0.251898124766799
53,15664,1,0,0.14402623425032587
29,9285,0,0,0.17387292418605033
45,12124,0,0,0.018913141451256537
25,12057,0,0,0.018500120555821387
29,4584,0,1,0.1509133352170146
51,5627,0,0,0.06841513563762504
35,13137,1,0,0.21669806977965897
64,12917,1,0,0.07177428827096846
64,13910,1,0,0.08028491177788999
26,12271,1,0,0.07057041457914756
49,11834,1,0,0.09417732793863287
55,10639,1,0,0.13002434462958878
33,12940,0,0,0.3282251160900042
58,7565,0,0,0.06667904068453825
53,3663,0,0,0.07030776749826623
35,13700,1,0,0.012960745942154598
25,7032,0,0,0.032964340368061174
40,15277,1,0,0.020773816774639135
37,17869,1,0,0.10330996373858405
44,8130,1,1,0.12693952648006884
31,3173,0,0,0.019189930883079905
34,518,1,0,0.13476772638922682
60,11998,0,0,0.08598661473341987
58,17703,1,0,0.2718703492485534
53,18004,1,0,0.03353617738917568
36,18025,1,0,0.07224359945526354
42,776,1,0,0.056546841371234176
33,1560,1,0,0.1245474436858658
38,19358,0,0,0.040390645158481134
43,13647,0,0,0.11823826187040475
58,17725,1,0,0.014896988081335862
56,19610,1,0,0.05803083884722901
29,14443,0,0,0.12676935352448143
62,8324,0,0,0.04896678244078476
24,14328,1,0,0.13915862289447412
23,12718,1,0,0.023427481944640637
58,17420,0,0,0.04249173730918661
33,17295,0,0,0.09845895533715623
58,3834,0,0,0.13046855032915722
24,17672,0,0,0.06758331782545722
31,14148,1,0,0.11137893895163237
57,14831,0,0,0.035618215814774104
29,7197,1,0,0.10734252565569523
43,9977,0,0,0.09892416159340998
52,17574,0,0,0.06077954812597283
36,3203,1,0,0.17221147694522326
27,10899,1,0,0.03492974836341895
57,19358,0,0,0.013631698373455965
48,15433,0,0,0.1264757733946887
61,3402,0,0,0.14197746875568154
51,3757,0,0,0.05414049860688693
53,10324,1,0,0.08313299347043605
48,5219,0,0,0.23360612201174255
50,17689,0,0,0.055314118668556095
39,16844,1,0,0.020864378010513
61,19100,1,0,0.10488597794751049
56,8207,1,0,0.04265697599776941
31,6068,1,0,0.11268953314986231
61,10792,0,0,0.10870774177987996
31,2743,0,0,0.14138786386333935
52,14647,1,0,0.3328189721962524
61,17457,0,0,0.09060973116194948
39,3808,1,0,0.019370076844751477
29,4356,0,0,0.2873210332365302
64,6399,0,0,0.2561719467210873
55,16117,1,0,0.13403362542467093
40,6850,0,0,0.1162475665365529
64,14720,1,0,0.03000200515533696
26,18375,0,0,0.12506647396524673
44,9045,0,0,0.03380213590569555
29,3182,1,0,0.08822505447691902
29,18359,1,0,0.04351857237273389
36,7740,1,0,0.057376885303030235
46,12181,1,0,0.12690707924246067
28,19206,0,0,0.016729958740586113
43,17998,0,0,0.14275300485517473
55,16779,0,0,0.029126759573639034
27,7392,1,0,0.15577978813176152
21,13574,1,0,0.08079300798767021
53,7013,0,0,0.05951167615289054
38,11204,0,0,0.028168962772679395
29,7078,0,0,0.12867828700851835
59,16855,1,0,0.16743044684590666
39,15147,1,0,0.05712866018699938
26,18954,0,0,0.08338739916463699
34,5693,0,0,0.05320150296943633
46,18519,0,0,0.3226388487206772
33,5326,1,0,0.045211221198957714
62,12962,0,0,0.07892467772535026
48,3888,1,0,0.14119990538671434
24,14693,1,0,0.06447264822128627
36,15611,1,0,0.08707100467729066
36,15618,0,0,0.08210530307648513
27,5907,1,0,0.12033483395751783
22,16282,0,0,0.07563806636918437
25,3601,0,0,0.20822328632457804
51,14794,0,0,0.07956493118997215
31,9667,1,0,0.04928368385532849
39,4009,1,0,0.03563089113620372
27,19498,1,0,0.12976725304756048
62,15311,1,0,0.10732597377311898
64,3351,1,0,0.0902598608890445
51,8112,1,0,0.14212328153908058
35,14894,1,0,0.09145904682003328
47,4396,1,0,0.06045120674117231
37,9723,0,0,0.05881932057419049
61,2499,0,1,0.11077634003399138
47,938,1,0,0.11168324408404771
26,5186,0,0,0.0362228944801514
25,14371,0,0,0.12036663623877118
55,10401,0,0,0.07226303403977324
53,6521,1,0,0.04550512285615067
53,5314,0,0,0.06492521567012023
35,16173,0,0,0.03048678013105227
50,13485,1,0,0.05218797852788897
32,17335,0,0,0.09097927359120744
49,19305,1,0,0.051610559496281294
35,12837,1,0,0.09345242913909385
26,1358,1,0,0.10388046102491859
57,18790,1,0,0.09250119856055623
56,3047,1,0,0.12982270485357703
55,14326,0,0,0.056694640516582843
48,5321,1,0,0.04363757090011678
49,15452,0,1,0.05861649433411585
54,16185,1,0,0.04242897630892728
45,15965,1,0,0.14494388241931966
59,5789,0,0,0.15859790001084212
54,13012,1,0,0.025573733565143017
44,4234,0,0,0.21286376498370027
46,17798,1,1,0.14481090833175306
63,3480,1,0,0.0775084078942688
43,16907,1,0,0.04794262281013148
25,3423,1,0,0.0634560158554462
58,6127,1,0,0.08502604697575024
21,14536,1,0,0.036766074781712184
31,19190,0,0,0.1028554226189034
35,14308,1,0,0.03407239677187057
22,7186,1,0,0.04945647897441209
30,6567,1,0,0.16728250587434798
28,12795,1,0,0.08339696008716985
45,9264,0,0,0.03271604319286908
59,4537,1,0,0.11721158499029082
33,12749,1,0,0.18761203984557087
38,8971,1,0,0.15034111730567293
51,19513,0,0,0.07059144801670447
50,1072,0,0,0.18050195183509904
62,14991,0,0,0.04379835238430089
43,16063,0,0,0.1442358778003307
54,16159,0,0,0.10512167679000808
58,14151,1,0,0.056325059527236924
39,19565,1,0,0.054631881659093495
57,6531,0,0,0.02301012631577981
64,7931,0,0,0.03828391296224947
26,18718,0,1,0.04082940954175795
54,1847,0,0,0.02429682511145973
48,16618,0,0,0.08330940499030039
56,15064,1,0,0.055440730101844214
45,11982,0,1,0.18333885040146222
30,2861,0,0,0.12316566769233755
39,12417,1,0,0.09072479091976979
51,9052,0,0,0.118828929790768
60,2209,0,1,0.16775282435497102
24,14898,1,0,0.1069163842830043
29,16341,0,0,0.05301581426618131
31,11387,1,0,0.12828278255735198
47,3676,0,0,0.06551167827658151
21,7659,1,0,0.017676981270611007
62,11043,0,0,0.03205467653570384
52,10529,0,0,0.08867830315982757
60,12035,1,0,0.17164612993448575
21,5281,1,0,0.08744028772036189
33,16027,0,0,0.16677273786786262
40,1945,1,0,0.08799047977615325
54,19735,0,0,0.1058007517797675
49,8543,0,0,0.06428522329162889
39,16666,1,0,0.10177170434488458
34,1637,0,0,0.09665514331925183
35,13550,0,0,0.033269383244010735
37,19603,0,0,0.3228555460178958
51,19230,1,0,0.07389020082730793
59,9228,1,0,0.1301285549603342
41,7793,1,0,0.1486456144280221
60,17706,1,0,0.05375131073315919
34,12934,1,0,0.10695073211594698
58,19059,0,0,0.022835943757027567
21,5068,0,0,0.08203078169693784
53,9262,0,1,0.12668382530790617
62,6600,0,0,0.03348030982577116
33,8696,0,0,0.11900860256425985
50,17520,1,0,0.008702287414714252
24,17921,1,0,0.0681961201615704
58,12108,0,0,0.12279765107408196
42,1176,1,0,0.10266201701576229
39,9113,0,0,0.07649202471115431
61,10000,1,0,0.07137038333111251
61,14417,1,0,0.2301557769611184
30,5737,1,0,0.15557455735977951
63,11783,1,0,0.12218730549513
30,15178,0,1,0.17003523106927312
56,11607,0,0,0.05566158121172683
55,16816,1,0,0.08322650439814608
43,5425,1,0,0.04538220331222182
47,12590,1,0,0.06770907880584397
38,9384,1,0,0.09205317210272347
38,8435,1,0,0.0724943156037385
43,8772,1,0,0.09511117585382411
58,11322,1,0,0.10163163219549219
42,10505,0,1,0.17273946233651666
46,11695,0,0,0.08198230160975102
52,19222,1,0,0.0584422951539824
61,12885,0,0,0.045646459554730685
58,11163,1,0,0.19620437572082242
37,18482,0,0,0.09689368584697948
58,5139,0,0,0.07846990222431763
40,5357,1,0,0.1446795295454097
25,2770,0,0,0.0421788265058199
24,4430,0,0,0.16212376094470227
30,2022,1,0,0.07176850938833436
37,4209,1,0,0.13113600014940247
38,13287,1,0,0.066839700417577
28,14096,0,1,0.08840135353581867
28,13130,1,0,0.11421079703218578
22,18145,1,0,0.09331134908781241
61,17221,0,0,0.1014916667192167
32,6872,1,0,0.03531802805822172
49,4200,0,0,0.11178766018040355
42,8703,0,0,0.11528093931010171
36,18585,1,0,0.06199435410053475
31,19379,0,0,0.15116841886281818
23,4493,0,0,0.07761705782792168
25,3332,1,0,0.048983657762289065
50,14883,1,0,0.09253543231082405
40,17651,1,0,0.039687656720389916
63,19028,1,0,0.09939106031986847
27,19206,0,0,0.10355064991976104
61,6014,1,0,0.011676500612397932
24,16090,0,0,0.10136904978938133
53,13642,1,0,0.07076083381481589
63,7059,1,0,0.05417507459008448
27,811,1,0,0.08797889640132207
41,13244,0,0,0.027350023678411488
61,7548,0,0,0.04825853187552718
56,6182,0,1,0.17805384196678728
30,686,0,0,0.03354089297966483
28,2856,1,0,0.0667912554782857
35,4207,0,0,0.051527642636630684
41,2593,1,0,0.08697731459000177
33,19023,0,0,0.05205578278958851
24,682,0,0,0.07275503802915166
42,8079,1,0,0.05611473906270473
39,19577,1,0,0.15502664563483823
34,2792,1,0,0.10141187761649524
57,13274,1,0,0.02470611354496919
33,5378,1,0,0.022792951856826244
60,6764,0,0,0.02677870027284713
21,9161,1,0,0.1309514321784312
43,11792,0,0,0.03386678276953977
62,15337,0,0,0.07418716750462288
33,12571,1,0,0.0950799091216547
49,900,0,0,0.11088314634579233
53,4067,1,0,0.01064830736098558
36,12736,0,0,0.022281239622322868
49,6132,1,0,0.08405845252269653
49,1666,0,0,0.06305927614597558
41,11171,0,0,0.05928294997848005
37,6681,0,0,0.039538708232651223
41,16875,0,0,0.17411993980838736
27,17847,1,0,0.01781550654444984
42,3026,1,0,0.00748271999166539
35,15654,1,0,0.08604504346722797
35,17237,0,1,0.07169618710921934
31,12991,0,1,0.16089857113006054
43,12375,1,0,0.07325449041933257
21,9547,0,0,0.11463864080914252
23,10048,0,0,0.062472711393215724
30,2039,1,0,0.15114165476581212
46,3306,0,0,0.03552179142703122
32,13838,0,0,0.11509437675088534
42,11223,0,0,0.04518872410847279
27,3892,0,0,0.01736830542907466
39,7395,1,0,0.08913970154416913
40,13102,0,1,0.10448030281956229
35,4184,0,0,0.023099386495139422
23,4609,1,0,0.07208648052418187
48,17659,0,0,0.016794595393963278
29,9431,1,0,0.06981393545451821
42,9481,1,0,0.019641616667077533
52,1930,1,0,0.008742912353355713
25,2055,1,0,0.02480322635081552
50,13164,1,0,0.014961449207130302
37,6391,1,0,0.13134954258632917
43,5953,1,0,0.09713860097169905
24,4039,0,0,0.01705369591213498
42,15192,0,0,0.15617724207681774
37,18815,0,0,0.05281224165234816
28,5580,1,0,0.021088423718264443
44,5239,1,0,0.19648763332204436
49,15703,0,0,0.018827124836710927
38,10374,0,0,0.055267287434288506
48,15986,0,0,0.05440320414172406
36,15037,1,0,0.09755582162564275
57,16013,1,1,0.06402339700367486
33,3590,0,0,0.052168985545411536
56,10935,1,0,0.2346576061353604
37,9031,1,0,0.02838932873093465
45,17403,1,0,0.08021528872895262
24,13238,1,0,0.13897979987218687
24,15027,0,0,0.14252282016129472
64,17698,0,0,0.025857945484080828
21,13965,0,0,0.13142022280758228
45,13255,0,0,0.13244387743513247
41,10831,1,0,0.04806365950185391
48,2061,0,0,0.023264688682021795
21,14555,1,0,0.09464839766639359
29,6770,0,0,0.034989064915478915
35,2904,1,0,0.1253527689004385
61,7343,0,1,0.2061486758960013
36,7266,0,0,0.030535568545245417
46,8071,0,0,0.014177094323173574
46,5961,1,1,0.15835942250928497
39,18861,1,0,0.00901986877303222
57,17729,0,0,0.0728701328935973
52,1196,0,0,0.00565107652535399
40,10185,1,0,0.04707011942839894
34,6392,0,0,0.02126239556812738
33,17052,1,0,0.1727570125513992
62,10102,1,0,0.05544547146424625
26,12867,1,0,0.05029961899606647
28,2184,0,0,0.10614775121033458
32,14406,1,0,0.19204245112528914
57,9928,1,0,0.002851712426163543
51,17566,1,0,0.10639303274677923
63,2589,1,0,0.07478012357155556
52,6407,1,0,0.09267842482542582
42,16836,0,0,0.09500423603896663
22,5064,0,0,0.022255230979740744
59,5766,1,0,0.09830016721503047
50,6393,0,0,0.06531062004406542
24,10698,1,0,0.009075340318849151
63,1564,0,0,0.07170728875557537
48,12557,1,0,0.14667588583427646
48,16289,1,0,0.0425141830497004
36,6461,0,0,0.208006835059418
35,3840,1,0,0.35502501682948556
37,7350,0,0,0.062374991978793544
23,13086,1,0,0.036764190946009405
40,10455,0,0,0.03815023528815075
23,12272,1,0,0.07324602846737024
47,16205,0,0,0.09227711767821636
30,18982,0,0,0.05944173168052731
48,9327,0,0,0.032613124537006544
37,15330,1,0,0.10249772481782915
33,10072,1,0,0.02471948735780841
27,3195,1,0,0.14172136242605987
37,12119,1,0,0.14606860122873755
24,19083,0,0,0.06390071514431202
31,8791,1,0,0.09782177592359813
41,11034,1,0,0.0649049337633693
48,14658,1,0,0.13129724350797703
41,16682,0,0,0.07366604766251979
25,595,0,0,0.03661989640976113
52,1611,1,0,0.05910090232436892
39,9918,0,0,0.09632680508822676
48,2681,0,0,0.11971628877492956
64,18498,1,0,0.03693328073981797
23,14239,0,1,0.07314628022975897
64,12510,0,0,0.10719292771080474
62,11883,1,0,0.05663009950543973
43,9984,0,0,0.12137196325049818
22,1469,1,0,0.045058360359074345
31,15554,0,0,0.15934620348643863
30,9824,1,0,0.10994515474059688
46,8163,0,0,0.15159347407240345
51,9014,1,0,0.019071900102202048
42,9611,0,0,0.08424902254100054
36,18861,1,0,0.036882267105623534
22,4305,0,0,0.05986769191335721
62,3952,1,0,0.1654053784163607
64,2921,1,0,0.0315980102967502
22,12605,0,0,0.12137241003432002
35,997,1,0,0.031868732021218066
64,15941,1,0,0.10902271498109664
38,14764,1,0,0.10524873857039585
48,14324,1,0,0.0732096960146399
43,9629,1,0,0.021462939348541023
48,8501,0,0,0.02714106922842173
59,18817,1,0,0.1366808222849863
37,16696,0,0,0.16937237432186464
56,3947,0,0,0.07486854951637198
41,5545,0,1,0.08045332989104377
30,5257,0,0,0.048759900364150704
24,9720,1,0,0.21548647286292705
52,12955,0,0,0.14280699894240503
47,4811,0,0,0.27039057242297104
59,1564,1,0,0.10455853290029765
31,8010,0,0,0.06273936452388738
52,10316,1,0,0.05717811648916607
22,13610,0,0,0.14330867308613207
27,2909,1,0,0.017207533551005124
47,13940,1,0,0.18464187597334392
44,3647,0,0,0.0738719701905442
47,6218,1,0,0.10054985767568574
57,10485,0,0,0.06536527932384031
57,2549,0,0,0.10752012814907363
29,11596,0,0,0.15587703090125538
29,1252,0,0,0.00466176219120195
44,4634,0,0,0.10332133147282674
63,11533,1,0,0.029522251788759807
50,5789,1,0,0.035758287947826636
27,8935,0,0,0.13458622397283002
48,6040,0,0,0.08169498177257564
35,10256,1,0,0.014452336686255906
25,3265,1,0,0.027383695249951486
52,3534,1,0,0.08459984600131665
33,19331,1,0,0.020231905995013684
55,6975,1,0,0.14392057999804478
45,13997,0,0,0.21515811762644804
40,665,1,0,0.03104754871556011
30,2661,0,0,0.04809421311019699
33,15858,0,0,0.0916181673362238
35,7464,0,0,0.023130247295358244
51,6353,0,0,0.027033476415714776
39,3865,1,0,0.020695976268735462
22,5695,0,0,0.03599676964714776
21,5070,1,0,0.11105675084374012
33,16048,0,0,0.1243323662535825
43,18819,0,1,0.14749373895952433
35,1180,0,0,0.09303225106730711
64,3166,0,0,0.07400780660356049
31,12733,1,0,0.13560561753901476
38,17656,0,0,0.12892702596626268
38,6678,1,0,0.12693629267046666
33,16915,0,0,0.05940964300478428
59,588,1,0,0.06166253181036082
32,15001,1,0,0.05022234476596358
21,18891,1,0,0.09064928939070674
43,10186,1,0,0.05568861151921574
48,11893,0,0,0.03626914265190231
41,5538,0,0,0.03836476805578809
39,15811,0,0,0.0579709047671359
58,16704,1,0,0.05815913524564588
37,16747,1,0,0.13957453181073468
49,16764,0,0,0.18751731206083297
57,2007,0,0,0.058336651112879806
38,10743,1,0,0.0818332880538894
44,10430,0,0,0.06947923952717086
37,1428,1,0,0.03639593632016741
48,16121,0,0,0.07462106195391176
45,4262,1,0,0.039135186651856176
58,8785,0,0,0.16228683264023414
32,1593,0,1,0.10047803464882973
28,15890,0,0,0.03389354297612165
39,4006,1,0,0.09267478152385156
47,10572,1,0,0.015747360898242847
33,10414,1,0,0.028555390946125463
64,2369,1,0,0.045429761208641534
43,17156,0,0,0.07932157490004046
56,627,0,0,0.09467299232726813
45,13238,0,0,0.00792715367648144
38,3856,0,0,0.11553584837362912
58,12217,1,0,0.0383688079446259
27,4902,0,0,0.05403461831771675
32,15085,0,0,0.09730922065713311
54,11497,0,0,0.03605877364043306
60,12978,1,0,0.057432528722974004
33,19748,1,0,0.08520869531977403
44,9146,0,0,0.08674657160185067
42,15298,1,0,0.09728877626724847
52,16399,0,0,0.034207274053321954
42,6828,1,0,0.08985608768325543
47,6548,1,0,0.09834823194912383
50,14266,1,1,0.055120022423705964
57,18598,0,0,0.08014988687519196
27,792,1,0,0.07210744103106759
50,2765,0,1,0.09379026123092572
28,3793,0,0,0.11399118369551567
21,12934,0,0,0.038084127783308365
52,8701,0,0,0.1251422894875644
38,10260,1,0,0.04542176899741186
52,6682,1,0,0.016320782214017837
62,8802,0,0,0.08970549394543335
26,15606,0,0,0.01400725661647122
40,8879,1,0,0.016962717247669422
25,8160,1,0,0.06502166914963525
57,1323,1,0,0.08308928391673429
64,7876,0,0,0.07573012333562212
59,15154,0,0,0.10569095930796167
64,3174,1,0,0.041391922998061395
35,7370,0,0,0.15080503473936743
33,6062,0,0,0.07784697572755683
58,9794,0,0,0.10043729502705827
49,16516,0,0,0.03624993733736944
37,17028,0,0,0.08008329946757611
30,7983,0,0,0.034864768425670205
22,11753,1,0,0.15153559273556985
22,16443,1,0,0.0017084733413862397
51,17103,1,0,0.021352254310807502
32,12249,1,0,0.052591689547226705
57,3173,1,0,0.10767936032780588
58,7846,0,1,0.08821400470430914
40,5995,1,0,0.18565055793395693
34,13760,1,0,0.0937457079286342
28,4944,0,0,0.036161672751777556
32,1169,1,1,0.11297951722151924
48,17783,1,0,0.139457264003732
54,2654,1,0,0.13132331788255105
53,15740,0,0,0.08619368861817238
63,19121,1,0,0.09644235805907149
49,16764,1,0,0.07294977291422072
43,10030,1,0,0.04062963305504842
36,11589,1,1,0.3477319426406956
35,14499,0,0,0.0316531320357636
37,4804,0,0,0.06806929430426534
59,8748,0,0,0.018492679873782746
45,7851,1,0,0.04714885625026329
30,5824,0,0,0.13386669440958632
29,11230,0,1,0.2644360459497343
22,8693,1,0,0.026543132372635836
58,870,1,0,0.11968260101211226
30,2275,0,0,0.09577246172714428
25,12973,0,0,0.03462672074946641
33,11255,0,1,0.09087100661788382
42,17169,0,0,0.10475421286259695
63,1931,1,0,0.17970973397375886
58,6849,1,0,0.052459487176466785
28,8055,0,0,0.22598654735966933
44,13755,0,0,0.057512855793383486
57,9016,0,0,0.09480621303176405
54,9929,0,0,0.024978082393877995
41,18449,1,0,0.06251084079463437
31,577,1,0,0.047002911710969514
55,17916,1,1,0.05373630074222435
40,6037,1,0,0.23922908125458894
31,1286,0,0,0.06929744321166208
52,10793,0,0,0.056544282549929194
59,4634,1,0,0.09034278013551976
60,14635,0,0,0.019724719438249282
62,15308,0,0,0.054319704863648996
49,8339,0,0,0.05773789939531581
54,15720,1,0,0.1358779411560861
31,4131,0,0,0.07717846393593225
35,7053,0,0,0.03875227652162571
27,1690,1,0,0.2650209623711936
24,13013,0,0,0.10922172796153522
58,14436,1,0,0.06644287386390833
41,15373,0,1,0.13216506756413018
45,7618,1,0,0.05629002434207682
24,16838,1,0,0.11822816269181964
29,13118,0,0,0.02983957563485379
24,11718,1,0,0.06690445531807068
42,4824,1,1,0.059141550538460305
46,16913,0,0,0.09935059854593624
26,15216,0,0,0.11947402959756971
52,17575,0,0,0.09502920886356318
25,7215,1,0,0.04874714814459721
57,11252,0,0,0.03601964664680166
61,1521,1,0,0.07688083441024143
49,12178,0,0,0.03724355828605254
44,10449,1,0,0.02127959352908007
53,16467,1,0,0.0578587649763643
31,14763,0,0,0.11604876521407598
61,19813,1,0,0.04323310012924585
59,18683,0,0,0.03829607405574005
51,3772,0,0,0.06658444311408762
64,19431,1,0,0.054007461613704844
34,1086,1,0,0.07788226620905112
59,9400,0,0,0.08517384227108978
22,18688,1,0,0.02140669005638297
53,12431,0,0,0.0432100435497021
33,19842,0,0,0.02862620708243433
63,11365,1,0,0.1416425649784705
45,13790,0,0,0.02340858473200174
29,10904,1,0,0.10369333103252419
34,18579,1,0,0.07027217466616101
59,2733,0,0,0.013062186930554016
56,8093,0,0,0.01664983697490486
36,13581,0,0,0.02162841073659679
32,10117,1,0,0.09466381337407932
22,19322,1,0,0.08665567402709674
26,11854,0,0,0.03333198917609437
22,2972,0,0,0.029295082940637134
35,12462,1,0,0.2712036244916627
29,6581,1,0,0.2853806248370768
21,9661,1,0,0.048758495923306326
55,2002,1,0,0.17033638239810317
59,17449,0,1,0.14564524704430384
60,8354,1,0,0.015472071939210028
57,16221,0,0,0.16617678737236574
26,9892,1,0,0.028123738476212874
28,18994,1,0,0.08125234643344198
58,7481,1,0,0.02321931714147298
21,2575,1,0,0.04159000670971667
54,9793,1,0,0.09746011762513307
26,1168,1,0,0.09297459307778827
23,16157,0,0,0.09257726781982917
55,18418,1,0,0.1448786848942364
53,4671,1,0,0.046529844920834756
24,1531,0,1,0.10827144133714636
22,15280,0,0,0.009147718169516176
59,13934,1,0,0.1733594124746785
32,15969,1,0,0.19191543098163205
63,11602,1,0,0.13449170108970807
44,11832,0,0,0.16868927091011482
64,5791,0,1,0.12287063493068968
61,6648,0,0,0.06010091822223592
48,12808,0,0,0.1496508242418926
25,18761,1,0,0.016596981550404944
60,6532,0,0,0.044663651373975335
36,7596,0,0,0.028677804570412597
32,11986,1,0,0.03679020016657843
46,1473,0,0,0.11378404063828562
36,13232,0,0,0.0717033678259734
53,3153,1,0,0.07797456782696532
32,13822,0,0,0.06310176279889498
61,17886,1,0,0.024934049620953504
25,18367,0,1,0.12741172402383627
41,3424,1,0,0.056531594742150984
63,12146,1,0,0.18132994738291744
57,9224,1,0,0.10588196248108614
57,10060,0,0,0.06191934982921171
48,13993,0,0,0.06130877389370737
46,19821,0,0,0.18203101040595857
29,11686,1,0,0.16648179610854785
34,11310,0,0,0.10665230893401563
46,13240,0,0,0.03851620075686426
34,10350,1,0,0.19292557405726746
34,7301,0,0,0.00919899930913302
50,16554,0,0,0.0565518744146975
51,13413,0,0,0.0504405316790389
42,11523,1,0,0.03219621313051188
33,677,1,0,0.10209756900619998
28,5870,1,0,0.05820367120616641
32,5633,0,1,0.10635231207560804
35,13167,0,0,0.06494683342126617
62,2910,0,0,0.06618554530039653
35,7947,1,0,0.08663961198360087
60,9377,1,0,0.1190508642790635
44,14942,1,1,0.14821603012583864
40,3343,1,0,0.019436250384754366
32,12316,0,1,0.008659219865206074
54,11173,1,0,0.044280709517759344
58,14913,1,0,0.03911744004480416
64,4022,0,0,0.0430418057118548
57,12195,0,0,0.07190786949388928
24,8578,0,0,0.17481080464413676
59,5555,0,0,0.0058507378712141685
47,1947,1,0,0.029116701212890922
43,7924,0,0,0.06681349456951265
32,9079,1,0,0.011163066260704853
43,1492,0,1,0.2263616292953959
56,16255,0,0,0.35129354194201934
46,13975,1,0,0.0265746924501474
25,6679,1,0,0.0354818561330175
54,1417,0,0,0.07706423224995053
55,14273,0,0,0.134135036827291
50,966,0,0,0.08446477731082314
29,8806,0,0,0.16773137823785053
33,4537,1,0,0.24468781656385913
41,5067,0,0,0.08202952316538048
59,15225,1,0,0.09032203451035345
56,6417,1,0,0.025111332065223327
25,5289,0,0,0.02571042188484026
23,6400,1,0,0.057512955424340574
23,3403,0,0,0.06043850427219126
61,14976,0,1,0.1170646542181754
59,10161,1,0,0.05184763315411563
30,4418,1,0,0.025074136045905415
61,6506,0,0,0.0483429989336623
43,19566,0,0,0.08371361406111433
34,11775,1,0,0.20218134926211653
53,13905,0,0,0.13256464787749211
24,17202,1,0,0.18289488226308148
26,8322,1,0,0.05938369482254184
32,7290,1,0,0.051621830908509504
47,19961,0,0,0.028992851449473195
57,11543,1,0,0.11766960126005645
43,4715,1,0,0.0272319298688658
40,17237,1,0,0.09407691334224279
46,15376,1,0,0.031244873943594497
21,8313,0,0,0.10547772598156395
50,5783,1,1,0.1826672505702073
56,13308,1,0,0.045277244483317915
39,11099,1,0,0.01520771337018686
49,5114,1,1,0.1806999425324539
34,1561,1,0,0.07226050662749044
62,16472,1,0,0.09155026252516581
29,17005,0,0,0.06727585404429144
27,18177,0,0,0.0922740572283499
62,7639,1,0,0.03498555546057115
43,14230,1,0,0.02319743845689576
38,11897,0,0,0.14878142042324527
56,5692,0,0,0.016341924169387647
33,18582,1,0,0.051586579382349014
34,7052,0,1,0.07726791905447337
23,1089,1,0,0.08513000459188769
43,3730,1,0,0.20764570933188162
54,19376,0,0,0.08244210551339894
64,1840,1,0,0.14370735310180813
44,10740,0,1,0.19615866897353273
24,9963,0,0,0.11222905254822269
29,15724,1,0,0.07290114934312847
33,16511,1,0,0.03199376916112621
60,9724,1,0,0.01087617867424232
46,12818,1,0,0.146909479239423
62,16410,1,0,0.03182612585821995
58,16287,1,0,0.12559771720112234
59,17670,0,0,0.11180428031663747
33,14290,1,0,0.016380973536389207
45,7942,1,0,0.16695357642750122
23,11400,1,0,0.04177303867671446
37,14591,1,0,0.007993530282861875
34,6280,1,0,0.07591457356751541
28,19973,1,0,0.0346762492399592
23,9153,1,0,0.1048534790588063
37,15264,0,0,0.08807366080838579
24,10367,1,0,0.005864416981062839
47,19159,0,0,0.033560280854783436
33,13521,1,0,0.2517609856440003
30,14864,0,0,0.06791044932569834
25,15602,1,0,0.09064492576795784
41,6932,1,0,0.019745743985171992
28,7306,1,0,0.011230798028555061
46,16629,0,0,0.08099753195241714
64,9511,1,0,0.04500052495610009
53,13493,1,0,0.04552899421244039
26,10600,0,0,0.08773635180335455
25,1144,1,0,0.050458766098650784
59,9687,1,0,0.0848855464807283
59,3862,1,0,0.285167870484087
36,2193,1,0,0.14486733572427632
41,5594,0,0,0.033604098528568487
37,6207,0,0,0.01361382950620997
46,14999,0,0,0.1367385789134518
30,5416,0,0,0.005909958054225964
62,16044,1,0,0.018418853285854304
38,4598,1,0,0.12178523727426518
28,16624,0,0,0.158549159023778
34,10757,1,0,0.05179956303202467
59,1810,0,0,0.12527907260026164
33,2656,0,0,0.03729333240914276
56,1907,0,0,0.014094454654302844
54,8503,0,0,0.0849747424562957
64,6339,1,0,0.20248005043775377
27,1402,0,0,0.08515587159681885
38,13784,1,0,0.0944840937230275
58,17134,1,0,0.20567005039539946
26,16922,0,0,0.029114532697366472
22,3438,0,0,0.026556390235032843
21,17452,1,0,0.10938294853927286
24,8799,0,0,0.06791235973754549
55,4546,0,0,0.08084303904346299
36,3101,0,0,0.04917562143258687
27,15464,0,0,0.007067653055855126
51,5497,1,0,0.03878733456548018
34,12995,1,0,0.0345133775922985
27,11307,1,0,0.17229017391951287
64,18571,0,0,0.06944458695023423
46,14458,0,0,0.24103610094161856
40,15570,1,0,0.1888734580054029
61,10104,0,0,0.09438429477960597
31,10808,0,0,0.07605432684967459
46,3412,0,0,0.21575700114614632
54,15772,0,0,0.03720946826166953
21,15165,0,0,0.08849870345422088
32,6511,1,0,0.1449969285077317
25,3229,0,0,0.06209176364098671
44,15829,1,0,0.053823184420064764
50,15534,0,0,0.12443373669244302
27,15732,1,0,0.13729302562430695
27,1084,0,0,0.1997906290653783
41,17176,1,0,0.07365357161220565
38,7517,0,0,0.0977279563868068
25,5226,1,0,0.13260120023868419
50,10763,1,0,0.10936996204841372
55,17055,0,0,0.0923525388797062
39,16392,0,0,0.09166646813192451
37,3796,1,0,0.040056987635878456
28,19540,0,0,0.025763918559079134
35,15552,1,0,0.16158475014134666
43,18693,1,1,0.13143868005585554
64,18633,1,0,0.08148637081518553
29,10745,1,0,0.04388241370219497
57,1198,0,0,0.11916566633091333
43,1911,1,0,0.2437122451589411
45,12707,1,0,0.008562105487234616
34,2275,1,0,0.055700343610881324
62,13362,0,0,0.02691831461414447
23,2514,0,0,0.025547655732998713
30,16395,1,0,0.14991220472717925
34,5710,1,0,0.13715511116633253
46,2505,0,0,0.04887041472640823
39,7133,1,0,0.018450180939240734
61,18233,1,0,0.0938927497212508
29,11262,0,0,0.1237758093698514
46,19878,0,0,0.053880845005223735
42,5537,1,0,0.08946634093517933
34,13606,0,0,0.0616144290508197
22,4141,1,0,0.16454690601294408
56,8883,0,0,0.1341297887062807
29,7844,1,0,0.1460268853578192
27,12882,1,0,0.13310098333393983
46,13629,0,0,0.20529753176770685
27,1566,0,0,0.09595996465452221
49,14060,0,0,0.07018784966348475
53,15184,1,0,0.06926903180757485
31,7943,0,0,0.05786345361302679
24,1864,1,0,0.22464640396660035
25,8736,0,0,0.08133508834013249
23,6790,1,0,0.13200462945506375
42,15952,0,0,0.056351006557321344
37,3218,0,0,0.14469629168921322
55,6289,0,1,0.09504576141405276
38,14657,0,0,0.052499245102864224
49,18839,1,1,0.1547821062975849
41,12091,1,0,0.02248143817130735
39,544,0,0,0.027282338534832015
53,14134,1,0,0.1577007029729574
43,1110,0,0,0.050014937726811544
46,1759,0,1,0.10469374602997442
40,13520,0,0,0.032250891502486695
52,7722,0,0,0.03128557822696411
34,1028,0,0,0.05652222076275127
23,8420,0,0,0.033002583076251535
39,7897,1,0,0.033803004744882674
34,12246,0,0,0.07577867521121033
60,18907,1,0,0.187936501879656
63,2495,1,0,0.06006913306612883
30,13482,1,0,0.03368854160359876
39,13121,0,1,0.08961435599847942
40,19549,0,0,0.08894539744682665
30,8196,1,0,0.08254662485748494
21,3655,1,0,0.047830155126571204
64,18165,0,0,0.06941403577796486
49,1477,1,0,0.12621021251519324
39,9271,0,0,0.08035806081759861
29,13244,0,0,0.018510825546109583
42,2490,1,0,0.1748802767826636
32,6287,1,0,0.11199137932455051
30,2516,1,1,0.048036806344121226
63,16988,0,0,0.05917515396834998
49,5458,0,0,0.16086817841685058
34,12265,1,0,0.033373239942568966
30,5176,0,0,0.08175930563514315
54,14029,1,0,0.13990045843819707
47,16035,0,0,0.07624432537164318
58,1284,1,0,0.07040380065054606
54,14586,1,0,0.04050044246078577
38,13386,0,0,0.09192947213613983
49,1995,1,0,0.08325147744610385
37,5655,0,0,0.013710424156227101
24,17102,1,0,0.1256113891224576
22,9147,1,0,0.1585477206763183
24,2374,1,0,0.1864372664931398
61,13017,0,0,0.04284021056340553
58,15819,1,0,0.06930420058286803
38,8947,1,0,0.1549701749777731
60,2676,0,0,0.0945170417208548
53,3042,1,0,0.052819915585493836
26,7838,0,0,0.2142092772579769
30,9942,0,0,0.02114723171506599
37,15143,1,0,0.16249586285171583
56,13785,0,0,0.04275332234159808
49,5445,1,0,0.10137958732417363
38,13951,0,0,0.058580682402244996
57,2709,1,0,0.1029927947181044
35,4092,1,0,0.09053731253092258
60,15850,1,0,0.07467650660667115
52,18068,0,0,0.08172017042811418
51,13974,1,0,0.08193117991413491
24,9398,0,0,0.05007318355934949
27,17879,1,0,0.06299430450780177
64,7391,0,0,0.1679453183544256
54,13010,1,0,0.04066983873859368
32,13869,1,0,0.05725116476121803
58,1942,1,1,0.11008438490217008
34,19201,1,0,0.15151024185110587
36,12953,0,0,0.16650284764381554
34,5194,1,0,0.039304427287364205
42,16538,1,0,0.08191278435536664
54,7930,1,0,0.12651030284234077
28,2131,0,0,0.11225697958575838
63,13675,1,0,0.036411355381346384
34,3146,1,0,0.022936406067117082
63,12140,0,0,0.029821520868472475
59,13712,1,0,0.11229111722507659
45,3560,0,0,0.08208516597629816
24,15930,0,0,0.0862832064529232
46,9414,1,0,0.021098319617963966
54,7386,0,0,0.2247188858260879
64,2484,0,0,0.09938882969120372
25,14837,0,0,0.08134550491209698
53,3704,0,0,0.08036476332813933
33,3763,0,0,0.0816781168152804
53,5678,0,0,0.041506294279808946
46,9158,0,0,0.0376145204823465
59,17642,0,0,0.10981060774840806
21,15085,1,0,0.0744082546484889
43,14887,1,0,0.10524733864437236
50,4380,1,0,0.1415990277212731
37,13137,1,0,0.14084332514126421
34,7303,1,0,0.13866853417610558
35,9741,1,0,0.09316259570738485
53,12766,0,0,0.13107940547903513
30,3749,1,0,0.19028557688310418
63,7246,0,0,0.057568641624253784
30,8208,0,0,0.03513207845356822
39,17546,1,0,0.15081860098492295
64,19359,1,0,0.16502245781733219
22,19156,1,0,0.019701867985473142
35,10789,1,0,0.06914452384534263
58,13024,0,0,0.0889730369386559
34,14466,0,0,0.16735307009909475
33,15756,1,0,0.0863097806989889
21,13690,0,0,0.04439008107480631
27,18180,0,0,0.176285270237541
29,7969,1,0,0.14504143321776714
59,14186,0,0,0.02066919137755037
45,12408,1,0,0.21313977492425012
31,15579,1,0,0.11710103310432766
56,18625,1,0,0.154957160474601
47,2064,1,0,0.10361270113319726
34,17128,0,0,0.10098779802060266
32,16563,1,0,0.11594926173864699
30,17467,0,0,0.13680894569240235
52,5854,0,0,0.15365895897124687
52,11790,1,0,0.08139031131662311
49,1880,0,0,0.09521352484878216
40,1687,1,0,0.05335227424966763
43,11994,0,0,0.02876879441395148
60,19432,1,0,0.14603659867439572
45,4922,0,0,0.09514902523709727
48,15910,0,0,0.1542008115489115
30,2057,0,0,0.18178078684053367
41,1760,0,0,0.04502220578639258
21,12386,1,0,0.02491628904559782
41,5938,1,0,0.06261264200067634
56,2421,1,0,0.0386626211076038
50,18340,1,0,0.21569299621905788
60,17800,1,0,0.08100842492814514
35,780,1,0,0.30187241052556485
55,19400,1,0,0.1201253059034377
53,857,0,0,0.11940853929664498
52,14894,0,0,0.12110813453946909
56,15786,1,0,0.011984991237658803
41,6109,1,0,0.003236813790606138
36,3150,0,0,0.03750624115043425
46,11469,1,0,0.08812587415885816
37,17775,0,0,0.08551424282260894
51,1112,0,0,0.040314391026795536
59,17096,1,0,0.1120553389881587
22,12617,0,0,0.061262346377202716
48,19741,0,0,0.021253509908124885
39,5644,0,0,0.0607285245805722
25,13071,0,0,0.041433763706665315
30,9372,1,0,0.09074995613905051
57,12874,0,0,0.03893319924105682
37,3987,1,0,0.18168480498257705
24,10207,0,0,0.11360282648649021
53,19737,0,0,0.05157333820680601
31,16958,1,0,0.024440127432408445
36,4544,1,0,0.0724369331146895
29,1649,0,0,0.03762127363800586
53,8630,1,0,0.09374206376666755
61,4961,0,0,0.02323318430863235
63,5464,1,1,0.13957086156811976
24,4056,1,0,0.16713464459619992
61,11060,0,0,0.047725601931737235
48,2325,0,0,0.03152384236340872
57,18154,1,0,0.026438857040608384
24,1093,1,0,0.13211505756270128
58,3686,1,0,0.014110230612894532
35,11457,1,0,0.06677928796981016
38,3245,1,0,0.018568855835800556
60,10327,1,0,0.014955199170692273
53,1944,0,0,0.0034587416920152407
43,17464,1,0,0.11203094082729913
50,11992,0,0,0.03593212790326566
36,6420,1,0,0.03422034324200416
64,12240,1,0,0.10970856071359389
24,11046,1,0,0.09288717540574297
46,16517,1,0,0.11803902663532091
22,14666,0,0,0.05674074359336971
39,16801,0,0,0.1090576392030159
43,17342,0,0,0.15521477491775965
57,2487,0,0,0.12976656080357338
62,15499,0,0,0.11973119347495188
53,18255,0,0,0.03199070485357568
63,4368,0,0,0.09544248574603616
26,16672,1,0,0.08422111310386324
44,12399,0,0,0.05082250144226308
47,13121,0,0,0.039424425913497665
24,14406,1,0,0.09264212100569567
47,7267,0,0,0.04968814894389522
22,18009,0,0,0.1410269011554932
48,15038,1,0,0.06394255851535485
30,9052,0,0,0.14827471595568287
62,12603,0,0,0.029950013703703482
35,19103,1,0,0.14430006352631997
47,7384,1,0,0.15337506617106972
47,17918,1,0,0.22741026710227308
59,758,0,0,0.0528579680664946
35,15977,0,0,0.1615848834954109
36,12052,0,0,0.15537663106048663
51,14345,1,0,0.08555184278190099
23,11741,1,0,0.05425906251203392
45,9835,0,0,0.12081918546214725
37,3514,0,0,0.059561422373261924
64,5236,0,0,0.20738492717582613
44,18173,0,0,0.04057711174717763
54,8429,0,0,0.14353956687475977
57,3605,0,0,0.0359105675018686
27,3010,0,0,0.10120922650911965
48,6098,1,0,0.10511018667937415
50,14768,1,0,0.10924176312293508
40,7753,1,0,0.1032709434939538
29,8891,1,0,0.14016241116710712
41,13817,1,1,0.23710849526194377
23,12303,1,0,0.02932126456357741
64,2091,1,0,0.16145226329419712
24,8131,1,0,0.01526015041055258
27,14196,0,0,0.03025753946815253
27,14331,1,0,0.04374650835754379
30,8582,0,0,0.05665600792387374
29,4682,0,0,0.11773414816592186
48,4067,1,0,0.045711645673913774
25,2255,1,0,0.06494168939041088
51,2685,1,0,0.17335108179477215
38,19414,0,0,0.11434728356672706
38,8540,0,0,0.06725724744467912
43,6751,0,0,0.07480970784976902
22,9196,0,0,0.029135207969931118
43,10590,0,0,0.09067398647250505
43,3177,0,0,0.011082510327110872
53,18133,1,0,0.005069747697775592
27,9908,1,0,0.08300049977303721
23,11467,1,0,0.07703568131763824
23,10297,0,0,0.0026928950000801055
63,18781,1,0,0.04691703288949736
36,19629,1,0,0.1296096980974956
31,2953,0,0,0.1695243292960438
26,14409,0,0,0.07535572150635561
32,3682,1,1,0.11448857158576607
40,737,1,0,0.07519738729514798
63,11265,0,0,0.07773602124751298
54,9798,0,0,0.018093199726355143
58,10096,1,0,0.11219935793745198
23,921,1,0,0.05963242163106916
46,13050,1,0,0.15581146193014997
42,10468,0,0,0.22540208967296824
29,1633,1,0,0.073568074019542
42,7089,0,0,0.18719372152634975
46,3132,0,0,0.1212211919222773
21,18118,0,0,0.019042587118935955
64,14973,1,1,0.11944981025955935
53,10119,1,0,0.06284702805235563
61,2197,1,0,0.16707283965133995
24,17073,1,0,0.013955617807170013
23,7420,1,0,0.011339075171974468
62,11885,0,0,0.03512478052452628
62,14542,0,0,0.025075660784234143
49,8232,0,1,0.12675412933163205
29,19457,0,1,0.11444994830729442
33,4979,0,0,0.052928065054309956
55,7195,1,0,0.12540740048940155
61,4071,0,0,0.02020161664821783
50,7197,0,0,0.20901234541523508
38,15993,1,0,0.1443032576552178
57,9694,1,0,0.14404198349143274
32,17718,0,0,0.06925611772656654
26,17863,1,0,0.009197527034892619
37,6819,1,0,0.06209371868770208
41,16005,1,1,0.05583462253635398
47,10144,1,0,0.10008864007304892
51,8758,1,1,0.13414782280470208
52,6106,1,0,0.19302608758606926
29,1797,1,0,0.0530750113413761
50,9378,1,0,0.08859769763586231
22,13530,1,0,0.02415688172602599
61,17455,0,0,0.0486819630635601
40,8532,1,0,0.12091081614977686
63,3190,0,0,0.0069110407158076165
59,9641,0,0,0.2712233109102077
29,6183,0,0,0.13244918472421519
25,18419,0,0,0.07748282981394897
61,14057,0,0,0.08415078581491921
42,18158,0,0,0.07936688436242109
25,6557,0,0,0.05743890743083972
47,9184,0,0,0.017512361348647063
63,2082,1,0,0.09365503970349932
47,3134,0,0,0.1320086010815131
32,7800,0,0,0.03457181474907228
35,8240,1,0,0.05182523412293944
32,13689,1,0,0.08266625633513039
44,4699,0,0,0.12486519433895749
39,19688,0,0,0.09586250472728346
36,15717,1,0,0.003853540806165773
28,17896,0,0,0.031011406520845174
22,6479,1,0,0.07481036624360922
57,11456,0,0,0.05645833488685697
56,10593,0,0,0.12162013579085122
26,15657,0,0,0.1351646031989987
31,17036,1,0,0.15527783285302849
40,11642,0,0,0.05782676956973053
47,19502,1,0,0.09660657006565042
60,10130,1,0,0.09418554274978255
51,5850,0,1,0.11286764876526531
48,3827,1,1,0.08437388188625551
53,7857,1,0,0.04873427363220878
47,6197,0,0,0.014292125693928725
61,4405,0,0,0.025380279378575295
64,9316,0,0,0.013327368329944777
40,5598,0,0,0.1370235858671017
21,19719,1,0,0.1994198954980792
64,6442,0,0,0.14162036635379283
35,12366,0,0,0.03824500177558828
32,15169,1,0,0.13666319170332725
26,18925,0,0,0.1091510491306636
54,13894,0,0,0.12221986353225285
29,5544,1,0,0.15360334853154708
63,11342,1,0,0.06259553040036825
30,1844,1,0,0.026311893964413347
24,5772,1,0,0.06045306507440823
48,19578,0,0,0.08717054585722449
30,596,1,0,0.06174202756250992
32,6927,1,0,0.052449558762691584
25,1542,1,0,0.1323833962357047
50,10938,0,0,0.016291755027091587
30,15147,0,0,0.06983968276633547
53,1887,1,0,0.15604973818296336
32,3011,1,0,0.18713934935013488
38,17277,0,0,0.08248812261766333
42,5940,0,0,0.044959250099576305
44,513,1,0,0.056090313752228824
57,2412,1,0,0.004028552884676622
26,18167,1,0,0.02181031081875254
31,18505,0,0,0.11965821149560639
54,3724,0,0,0.12756772929527496
58,5965,1,0,0.04124081783990384
39,4077,1,0,0.07552661940465921
21,10090,0,0,0.08093097118197194
57,16603,0,0,0.0036343888621712755
47,15310,1,0,0.08646250977768491
44,8031,1,0,0.14528766115113048
38,14059,1,0,0.10975388518532384
51,5492,0,0,0.20380900952910397
33,18227,0,1,0.06846748102072939
36,12130,0,0,0.1132565383631681
54,18384,1,0,0.0882403617677173
37,5461,1,0,0.08015208877605344
62,19028,1,0,0.03387561240962587
40,6087,0,0,0.0698170974381946
45,13844,0,0,0.15223258331633813
48,1388,0,0,0.19340937726759005
51,4995,1,0,0.06510214366793769
43,11018,1,0,0.2220755652921618
36,10337,0,0,0.06914784424509628
56,3023,1,0,0.0725694580718555
52,694,0,0,0.055725887065671366
23,16823,0,0,0.03442188859519241
48,5267,1,0,0.20189725214891976
60,15144,0,0,0.07393629160355104
45,3877,1,0,0.03561489709556907
61,6066,1,1,0.2161364647733873
38,825,1,0,0.06259604362424336
31,10908,1,0,0.06283793052625232
42,10580,1,0,0.014304888978836776
25,11758,1,0,0.16704146222121533
23,15097,1,0,0.12415318005135563
46,13495,1,0,0.14244490005464894
22,4447,0,0,0.12682192792723085
23,8668,1,0,0.06340406259536839
41,1987,1,0,0.05949906098684845
31,13224,0,0,0.06654425300390937
28,8229,1,0,0.08505350091042861
43,3803,0,0,0.1140146862013339
35,17618,0,0,0.09497835484319732
48,9684,1,0,0.09675798402363113
39,1524,0,0,0.03280026341297879
29,2333,0,0,0.017003728717459015
51,6185,1,0,0.12018672628588443
62,18850,0,0,0.17446274892879776
52,2417,0,0,0.1163673472561381
28,8327,0,0,0.07768245607446193
45,8251,0,0,0.10181481938575963
27,12540,1,0,0.1716172746359841
22,12180,1,0,0.13929362475076904
28,10051,1,0,0.05254026895207193
56,16232,1,1,0.059139045695033005
61,1022,1,0,0.10083634268116683
47,8170,0,0,0.14826002133354602
59,1722,0,0,0.12673275516316337
39,6369,1,0,0.10760560865206192
22,5658,1,0,0.09737672381281869
60,17732,1,0,0.039826331996551514
52,13661,0,0,0.17276239176859645
49,5175,0,0,0.017931964901993912
24,13007,1,0,0.2363586950351149
63,16731,0,0,0.11739995022021374
24,4164,1,0,0.11671137344808176
21,11508,1,0,0.1765000900733169
24,10027,0,0,0.2385761738816835
62,18326,0,0,0.05933418362173566
57,7657,1,1,0.07510100772348964
25,13732,1,0,0.17022432874721702
39,11586,0,0,0.14504577467869917
44,6798,0,0,0.1281734169732916
45,7026,0,0,0.028967020235604633
29,17307,0,0,0.1239455784263388
22,17975,1,0,0.014930048521696375
22,5575,1,0,0.01693341494750025
60,9712,1,1,0.13108621986884106
48,3282,1,0,0.09019173765030675
64,8818,1,0,0.11260087547975318
58,17417,0,0,0.11044332262049215
31,14214,0,0,0.2506808616359404
24,9973,1,0,0.06581054472271768
49,15723,0,0,0.07785234932911904
30,11278,0,0,0.17085687172158392
50,9032,0,0,0.019821942701016206
63,831,1,0,0.07800290139268641
63,2624,1,0,0.06380190198592117
32,11004,1,0,0.05198343050528368
42,2159,1,0,0.07481358940001531
52,725,1,0,0.05743005772193526
31,6874,1,0,0.024854826362708953
45,11342,0,0,0.020266984534139405
36,14785,0,0,0.0701567584650844
46,19331,0,1,0.28276569161448034
49,13245,1,0,0.05624727524087951
59,19515,0,1,0.1151840785481684
41,6110,1,0,0.09691314876507862
33,13324,1,0,0.04547952711543338
24,585,0,0,0.1716991137152378
51,3149,0,0,0.09119459903285458
56,13032,0,1,0.09216190532714726
39,6658,1,0,0.1243779122235321
59,11505,1,0,0.08388606494087865
41,18884,1,1,0.23876876362481803
42,15563,0,0,0.09891567847495683
23,7360,0,0,0.16426702443434796
44,13880,1,0,0.16487291435009419
47,18509,1,0,0.21789934252734097
42,5314,0,0,0.010954201680835975
44,11321,1,1,0.10317907341578944
44,14791,0,0,0.07012223912618196
51,13352,0,0,0.003544827695062803
25,9984,1,0,0.02275754667501733
44,8943,0,0,0.02815688492691654
40,11708,0,0,0.027915159957895758
36,10181,1,0,0.09950038386003411
40,7461,1,0,0.05430792716524869
50,17551,0,0,0.11909250749724681
64,15916,0,0,0.08311438356482241
30,13003,1,0,0.05947441716484449
23,4323,0,0,0.09537263597322133
36,10527,0,0,0.10825246231541827
34,4488,0,0,0.05551537597135261
24,3672,0,0,0.13121180733578094
42,5129,1,0,0.07639371897541274
43,3571,0,0,0.08993072611181371
58,15896,0,0,0.08239794170920181
51,10523,1,0,0.08183290148200273
41,14698,0,0,0.1247128964160557
49,19541,0,0,0.062048649373263445
33,5756,0,0,0.06810054072808286
27,4304,0,0,0.08205057773215267
44,3305,1,0,0.14734409018556785
42,862,1,0,0.025504951179320307
34,1049,0,0,0.1536897045251361
60,12106,0,0,0.12025218369712132
45,13834,1,0,0.03774066595347852
45,6202,0,0,0.022894869211866693
51,11008,0,0,0.07071766355141755
33,4532,1,0,0.10797990003335309
44,14195,0,0,0.07994134942019948
60,14362,1,0,0.03229065247563053
47,14310,0,0,0.10112128095022832
58,10483,1,0,0.13424393699433732
22,16973,0,0,0.013476362681600653
52,2128,0,0,0.05606905472333143
49,8611,1,0,0.07381898020649097
60,1734,1,0,0.038970897277710796
63,16631,1,0,0.0829727539636394
27,1935,1,0,0.24239078901166197
42,8997,1,0,0.24760932390131837
62,4126,1,0,0.13109618910132265
56,14302,1,0,0.08329918805650614
25,8345,1,0,0.169692247820284
45,11247,1,0,0.09877538111706892
36,19263,0,0,0.08431055614491949
51,18467,0,0,0.008978405934325032
43,8856,0,0,0.1282270057840246
34,7717,0,0,0.038922787180971766
39,6333,0,0,0.17044132937634957
63,13951,1,0,0.042209582960871087
37,19897,0,0,0.059343762652012126
30,12162,1,0,0.03007882994136123
25,11520,1,0,0.03148301114154261
28,19974,1,0,0.08060284355951662
23,4207,1,1,0.17647220043615783
23,2006,1,0,0.015520273243785071
44,2350,1,0,0.08058979753997002
44,12163,0,0,0.10311211082565448
56,17978,1,0,0.061681137192570054
48,5032,1,0,0.11483848778416675
29,14619,0,0,0.11985081310440864
49,17741,1,0,0.04307911845221211
40,18371,0,0,0.020622285022885423
28,15992,1,0,0.08213234605359009
49,7662,1,0,0.16911228135715362
49,13405,1,0,0.016655837862989763
39,11320,0,0,0.03606396641450047
28,9866,0,0,0.07540976886376705
22,14307,1,0,0.08472777720710356
54,13785,1,0,0.023973422625463984
27,16264,1,0,0.14659796717185505
33,11309,0,0,0.03545700214617945
50,13341,1,0,0.01786537015803631
39,6102,0,0,0.037085714143794184
57,9729,1,0,0.0693823471620336
37,16478,1,0,0.10999386473558767
60,15546,0,0,0.17005848838276758
37,10495,1,0,0.16565390368344743
24,11554,1,0,0.10061932990992842
52,5513,1,0,0.09295110950810853
50,7966,0,0,0.09962659294644682
64,13454,0,0,0.08405789402974541
25,2753,1,0,0.05339602803442638
44,863,0,0,0.00803297315910772
52,12197,1,0,0.20046756918684486
38,14541,0,0,0.043538830627356744
32,19624,0,0,0.10704993354126609
33,9671,1,0,0.07305814913937916
21,2903,1,0,0.0736301732010056
48,12869,1,0,0.06185157116566463
55,6505,1,0,0.078127923746482
40,3565,1,0,0.1951741564706114
22,12612,0,0,0.08027138241058408
55,14505,0,0,0.11163920864871776
60,1572,1,0,0.02469691289050052
47,14603,1,0,0.23583405037597338
24,11698,0,0,0.11664952251612393
39,14961,0,0,0.11515187773417511
46,12784,0,0,0.08241682689250258
62,9610,1,0,0.3418678293753453
42,7015,1,0,0.12021493168534512
21,12989,1,0,0.05358506480467085
51,4391,1,0,0.036223455203156674
51,11210,0,0,0.010104927064131497
31,15182,0,0,0.13979936889295877
39,5045,0,0,0.05221262293992931
22,2165,0,1,0.131447038966276
26,948,1,0,0.1901629940558244
34,11320,0,0,0.06635849116052685
25,8564,0,1,0.021426083054351425
33,13256,1,1,0.2662389409983229
49,16390,0,0,0.07722475680077664
37,19589,1,0,0.17858304565123562
27,6783,1,0,0.0570760202771682
48,2691,0,0,0.03067744392382166
58,15105,0,0,0.13026015612802178
46,873,1,0,0.09311352691434673
34,12973,1,0,0.11524882618055886
56,5864,0,0,0.04515522923918434
36,7388,0,0,0.03568567460510868
21,2915,0,0,0.2287562483379898
50,511,0,1,0.20272356186899826
52,4282,0,0,0.0731399074996595
30,8904,0,0,0.0182664956196602
37,6230,0,0,0.03281727814036636
21,8160,1,0,0.03824962536715508
41,2679,0,0,0.1532274167765967
40,3205,1,0,0.06713744148859013
32,15077,0,0,0.0718225405687969
44,16465,0,0,0.053089627441777996
50,14929,0,0,0.03270827647320792
40,19131,1,0,0.16844184655736513
56,14763,0,0,0.21363834828351952
41,2864,1,0,0.16252888445380437
39,14873,1,0,0.09716497669456413
50,5003,1,0,0.11559788865139654
28,15655,0,0,0.020788723180082038
58,12833,1,0,0.05633643076259448
47,17014,1,0,0.04140873003174869
37,19041,1,0,0.0870536476500134
31,13927,1,0,0.07533914150740442
55,18712,1,0,0.10820007178330793
21,11036,1,0,0.06302853861772355
23,18661,1,0,0.013835184970020373
47,2235,0,0,0.06858556499649127
42,9082,1,0,0.029957446737128562
28,15373,1,0,0.07283704357865088
37,19725,0,0,0.12392827470385358
55,17447,1,0,0.06778477196910618
41,7610,0,0,0.10038936035673404
44,12744,1,0,0.0479226412395779
25,2190,1,0,0.018825985268145492
52,2760,1,0,0.05593338152769581
27,14236,0,0,0.030139269020310656
31,6603,0,0,0.04132823893028516
33,11345,0,0,0.03300969640005256
39,4523,0,0,0.13065706429446222
33,16089,1,0,0.15626326978348098
56,2177,1,0,0.1996646659855028
37,12611,1,0,0.03648618269157513
22,13704,1,0,0.038630298032079444
41,16502,1,1,0.12538067350911367
26,5480,1,0,0.10871473024780767
30,7205,0,0,0.08252433713057426
47,11340,0,0,0.072056795419252
48,6114,0,0,0.14998961264925867
50,14861,0,0,0.05587546531222846
37,15266,0,0,0.083579820005396
57,15235,1,0,0.04895519218908018
23,10205,1,0,0.04349239034664834
37,12742,0,0,0.14865593309801375
31,3998,0,0,0.10270358814351999
22,4353,1,0,0.04761237815883619
45,7812,1,0,0.10465274090306782
23,4533,0,0,0.09578253026935468
47,16112,0,0,0.04678107166366036
58,5524,0,0,0.047930449927288586
56,18516,0,0,0.015214644292916319
50,8513,1,0,0.055004575372514436
31,15326,1,0,0.03395636608888135
49,1985,0,0,0.12122536586910211
45,14503,1,0,0.06377859654569833
42,9387,1,0,0.21112967639356983
41,16327,1,0,0.17220314440356746
27,4028,1,0,0.05678809364969161
58,4410,0,0,0.14438820728323742
57,17322,1,0,0.12816618172674088
53,11801,0,0,0.07507430955098125
45,11463,1,0,0.1331853109118183
26,12086,1,0,0.038220389019288876
48,7476,0,0,0.0501866759943236
63,18945,0,0,0.03559074869549511
26,11309,0,0,0.028078064705658417
36,798,0,0,0.028070703104283168
60,6085,0,0,0.04092963145215295
63,19425,0,0,0.04276924008858918
40,9980,1,0,0.03217001194672507
33,14658,0,0,0.00913388624969582
33,863,1,0,0.057098041751910494
41,937,1,0,0.024755167671780945
35,4488,0,1,0.03554142095289951
45,10616,1,0,0.1595752757743811
24,12384,1,0,0.07499208918227623
23,1860,1,0,0.08239690727528247
21,18376,1,0,0.02788292376291236
52,12266,1,0,0.06442776203933887
61,7353,1,1,0.24349637617538095
25,9306,1,0,0.024086636458640506
61,10363,1,0,0.19496606832909924
28,15562,1,0,0.06250907025099783
23,2310,1,0,0.1269399851805366
33,11798,1,0,0.13636142562980563
33,10696,0,0,0.15603783485785622
63,15834,0,0,0.11688051899329571
25,7520,0,0,0.053148582609689694
63,7691,0,0,0.09308186442569633
58,16243,0,0,0.022894807418526644
42,17209,0,0,0.09007654247836808
50,16558,0,1,0.16281863216452272
44,17392,1,1,0.18328887216917086
61,2497,0,0,0.07432100582495207
30,13281,0,1,0.2741278422964149
63,13916,0,0,0.16311479707699594
39,5642,0,0,0.0277493617801356
62,9342,0,0,0.03966643690989276
64,19832,1,0,0.1838908610485502
58,3215,0,0,0.016403718437271075
55,16445,1,0,0.10970198182183347
40,6699,0,0,0.10833333595675577
51,17107,0,0,0.03354171451509934
31,10925,1,0,0.31964826210224356
33,725,1,0,0.04626909305670166
53,2627,1,0,0.0606413133867633
54,16609,1,0,0.07111285479214086
32,15935,0,0,0.10174712951687725
63,4746,0,1,0.26636421974081353
51,13008,0,0,0.025868861645066195
64,10410,0,0,0.10162797599265468
42,1549,1,0,0.10531805539967248
47,14233,0,0,0.03270662809431617
49,3608,1,0,0.08292769288492889
28,8500,1,0,0.06845259334039137
33,656,0,0,0.022772387042127258
63,5250,0,0,0.15617413939498004
50,18754,1,0,0.16450264696975717
44,10253,1,0,0.09374338174460572
21,14609,1,0,0.057745857773039595
22,6345,0,0,0.08017567731066635
45,1344,0,0,0.016287608763508526
24,12498,0,1,0.1659105187457974
27,5186,0,0,0.02603046918177857
46,2639,1,0,0.06267541404126498
63,10140,0,0,0.12577630217726107
57,8462,0,0,0.1954667294299364
41,2762,0,0,0.1603819331422544
62,12036,0,0,0.11889218481954486
47,9194,1,0,0.14555367769174862
62,19815,1,0,0.08676405946705958
31,2235,1,0,0.09985562488868308
46,10161,1,0,0.11082525217232132
61,15970,0,0,0.18419057064810965
64,8804,1,0,0.13884306057344048
58,4571,0,0,0.04558800776815133
27,19789,1,0,0.2501524140774721
48,6841,0,0,0.03679130967774962
25,18545,1,0,0.033035296744817144
37,16896,0,0,0.18055001896257425
22,13622,0,0,0.1124610003823806
54,15579,0,0,0.09196871533725495
55,11123,0,0,0.08126936499914009
25,13542,0,0,0.1578824632233074
61,5782,1,0,0.11832301100741262
57,1590,1,0,0.05665048283956672
57,12665,1,0,0.21960755538575544
40,16162,1,0,0.19340167060298577
62,16762,0,0,0.06622828130226596
64,15361,0,0,0.14871934755534041
45,19640,1,0,0.09459536991470414
37,12094,1,0,0.13730298391650647
54,3833,0,0,0.020237345242388734
22,4502,1,1,0.22853403912838827
35,5844,0,1,0.0454329143282925
21,19522,1,0,0.046421593428323964
54,17746,0,0,0.13424406390140217
22,14649,1,0,0.0633153365059987
54,17288,1,0,0.100314375733677
45,7167,0,0,0.032044020729048314
40,14474,0,1,0.10230881092669397
48,3751,1,0,0.1169635642672831
22,2522,0,1,0.13957286536873909
56,13019,0,0,0.01286684595401517
32,14271,1,0,0.06946605150222378
58,12105,0,0,0.09971437086956286
59,9646,1,0,0.0652958956019129
45,12317,1,0,0.027004537008855564
46,7739,0,0,0.08734932194291832
61,6230,1,0,0.0455836945313829
38,5388,1,0,0.05592225409862506
38,7603,1,0,0.10488323344868893
62,6700,1,0,0.017110953724491954
38,3591,0,1,0.30588733105095073
37,10947,1,0,0.12408048116670033
21,8519,1,0,0.07009043005852404
35,3658,1,0,0.09061669199392756
31,18181,1,0,0.0438232961078219
54,10431,0,0,0.016993319181791876
43,3280,1,0,0.04462265169902593
36,1439,0,0,0.03867391295365797
62,2166,0,0,0.04337652946175599
40,8507,0,0,0.16574501665286617
39,5224,0,0,0.12539762496108253
52,19220,1,0,0.04059167090908687
32,9660,0,0,0.007665065415811683
39,14910,0,0,0.15732549011137656
52,5266,1,0,0.08111395349492079
35,1837,1,0,0.1690243186837066
39,7029,0,0,0.10518766599497477
21,13912,0,0,0.067342117544162
55,15399,0,0,0.050795448396425524
58,4324,0,0,0.058679458147628136
50,6281,1,0,0.10118711674710754
44,9746,1,0,0.06630318224475296
60,7264,0,0,0.05349363785799385
58,6236,0,0,0.055219587200740404
41,19681,1,0,0.031666314128803025
48,18716,0,0,0.1748979534206562
62,7446,0,0,0.17122061202539765
29,1561,0,0,0.04927581166913103
55,7498,0,0,0.17965741936016996
36,17678,1,0,0.03897204530890302
25,18038,0,0,0.04091174858284785
39,14176,1,0,0.11246637054817671
43,13676,1,0,0.10957598822900334
53,7574,1,0,0.13082866894161674
27,9096,0,0,0.026227622128420072
45,17653,0,0,0.19195602640022805
50,4712,1,0,0.02671245451743159
49,8422,1,0,0.07360377373320971
57,17605,0,0,0.28042589307494814
54,14118,0,1,0.058893177240358204
41,2632,0,0,0.14863329833478017
33,15863,1,0,0.12034243505997406
59,1824,1,0,0.09753444210318031
59,6084,0,0,0.07416864771053257
26,18436,0,0,0.10365369981731977
40,1908,1,0,0.07515749570489606
54,4157,1,0,0.10019267286293433
50,17428,1,0,0.10137569952976035
59,13560,0,0,0.0999730155439284
30,5010,0,0,0.1194045874647767
62,7209,1,0,0.0543161375915117
31,18670,0,0,0.0775869933237713
25,12305,0,0,0.10105422912110294
53,6643,0,0,0.04121359665484434
61,3315,0,0,0.033314151912117305
36,8590,0,0,0.07078966667735055
28,6683,1,0,0.06091364721144199
59,8891,1,0,0.036657050245534964
25,1449,0,0,0.055044397928861864
50,9623,1,0,0.007107639557117265
26,5308,0,0,0.04237138566918753
50,19273,0,0,0.11231105050038837
26,5897,1,0,0.067707541083954
37,5279,0,0,0.0538526797037097
41,6391,1,0,0.2417988281307345
60,12361,0,0,0.1115268827224931
52,14759,0,0,0.0892820394557983
62,6235,0,0,0.09249575411939849
44,14034,0,0,0.07998782571415648
32,3053,0,0,0.06073885259743447
39,4236,0,0,0.07047156546659177
43,6131,0,0,0.023026278378144176
45,14137,1,0,0.19353129088891555
60,11271,0,0,0.062047595893590074
60,9496,1,0,0.1064005242561795
25,12336,0,0,0.006944052269497691
55,4326,1,0,0.06688670212560197
34,5642,1,0,0.12181330095544579
46,14266,0,0,0.14170807689525539
62,19752,1,0,0.020320856936736683
