duration,event,age,credit_amount,rate
8,0,52,2723,0.13385725059044531
47,0,45,4341,0.1964403103949091
40,1,55,11013,0.12188832889022526
28,0,27,10002,0.06178341875992102
27,0,62,7540,0.07218792951376546
51,0,51,902,0.08343787314120985
7,2,50,8257,0.2162555374353995
42,0,57,9926,0.1941665378030309
14,0,62,19729,0.20277320274456162
8,0,56,7857,0.23186602593870065
33,2,42,10534,0.11052101793378669
58,0,53,763,0.1986151005917135
44,0,39,4001,0.12291581816907549
46,0,27,12643,0.20713722766270753
43,0,64,9940,0.1891788398119329
47,1,48,6603,0.24795964921661845
32,0,55,8211,0.2014140772661825
10,0,51,11856,0.051181086098459866
50,0,35,8887,0.18996207939970955
28,0,54,17775,0.07032850640126552
31,0,35,4769,0.1592191183137665
24,0,52,17355,0.08146433949670014
13,0,57,18503,0.14894556206763526
55,0,48,10319,0.2085250983667304
47,0,41,3876,0.10782211420651067
39,0,53,9689,0.08053719417359273
25,0,24,18153,0.11289893392673991
49,0,58,10899,0.08473071131621301
34,0,43,12740,0.08671237632507667
28,0,46,8111,0.18944503623276238
28,0,29,11846,0.1908647443343336
15,2,27,6254,0.1558282598025682
8,0,37,5643,0.10044429764196956
34,0,56,3573,0.15592992221793137
53,0,21,14128,0.23970862496671685
6,0,50,18344,0.12673849169269596
51,1,64,7483,0.13471295653100146
50,1,51,1702,0.14885258147369113
18,0,33,8363,0.08568230942702026
39,0,33,7229,0.0989427151620772
12,0,35,12613,0.18818861886760613
46,1,27,3745,0.08231494697530839
42,0,47,15785,0.17090222050026554
23,0,55,1680,0.1271780372525433
6,0,43,7990,0.11125659664557462
58,2,23,3868,0.15995006495032427
28,0,59,17516,0.09513709245340729
53,0,38,9391,0.11193351762563944
41,2,43,18264,0.15490732080703423
47,2,43,11399,0.1814585474392243
46,0,48,15277,0.21727040028327127
14,0,21,17940,0.21493170090981445
23,0,31,16571,0.14954783660079807
29,2,47,13834,0.06484366781595874
31,0,38,15982,0.08761226759845056
5,0,26,16138,0.05009375236526845
34,2,61,13564,0.08711995006137371
11,0,31,11289,0.05614729608061589
45,1,30,10436,0.19294694903339615
41,0,64,4424,0.1592311068855417
55,1,31,11731,0.05714619539658852
45,0,45,17072,0.17352928188729314
23,0,43,17104,0.21283005641361774
58,1,63,9753,0.05570705740485718
26,0,62,9968,0.07540996501432069
21,0,42,15539,0.14424085728295347
54,0,22,19610,0.058461294576638956
24,0,56,623,0.054255429948935265
7,0,49,14165,0.1664834401155233
29,0,22,9189,0.162515506869428
48,0,27,4998,0.21133029040912749
13,0,33,7108,0.06557990395844576
29,0,58,19881,0.22943875813274578
10,0,33,6295,0.05372649947509405
42,2,60,10316,0.11027221428369763
30,0,24,13659,0.05973418250442813
21,0,43,5649,0.09885230140985729
15,0,62,16578,0.21303394026684547
35,0,49,1912,0.075027795905419
41,0,43,17347,0.09037594554313998
56,0,38,14065,0.17227355571737635
27,0,47,16114,0.05433248962947153
12,0,32,2294,0.17048424691105246
50,2,43,16327,0.22887514090355338
38,0,23,5974,0.06391123466919624
42,1,31,16784,0.05118093634990844
8,1,53,7337,0.13119019867248682
20,1,61,14024,0.2198120611686845
46,0,39,19867,0.2370386336929095
50,0,50,15318,0.2102338447237574
27,2,40,2087,0.1798664173541305
48,0,26,4812,0.13531128163276707
50,0,63,2998,0.2077948736393987
25,0,41,19166,0.20133844861886185
54,1,25,6799,0.08672486024327737
19,0,21,10311,0.1931557672148284
16,0,29,11755,0.20851563633478548
41,0,50,5623,0.2301751856678193
39,0,35,7699,0.19592366899294777
10,0,44,9363,0.19647841761919432
50,1,28,778,0.23032328167144872
14,2,60,16553,0.08885486969372199
48,0,63,18151,0.16000700754209055
3,2,62,14003,0.22869987896921906
48,0,48,9008,0.17632971830953797
47,1,25,3475,0.2362685982956481
47,0,26,6893,0.06008565716234415
40,0,24,9053,0.09279135588329322
29,0,42,4371,0.09426900465263302
43,1,60,15225,0.0657060933389529
18,0,56,9296,0.17454496593069363
47,2,43,14032,0.13029063246929623
34,0,53,10547,0.09849362032664521
29,0,41,4196,0.19554698426445277
31,0,48,13218,0.1852341918460118
35,2,46,14985,0.057843229183607764
5,0,47,8789,0.1379006080579584
10,0,41,13659,0.19404445895207256
16,0,53,19671,0.07067395627207361
9,2,48,5265,0.20899022321878308
28,0,32,17847,0.17321016934242875
41,0,62,6497,0.19362605926733617
40,0,42,1347,0.10008025583050476
29,1,47,8678,0.199540054410211
51,0,44,16488,0.08473926071257842
35,0,35,13637,0.22206828442327226
7,0,24,6983,0.09119933198058049
46,1,30,19053,0.10364532099506214
35,0,63,19688,0.18417092824971593
39,0,63,19897,0.116709621496254
35,0,28,11293,0.111809925292079
34,1,46,13940,0.0625098484779324
8,0,32,10839,0.2140210525309873
34,0,45,8542,0.14187246497898034
48,0,49,10742,0.12861016404825976
20,0,22,1834,0.09910729678448285
37,0,62,3677,0.16104483179552193
4,0,61,12063,0.16191618410016395
22,0,62,8669,0.050470538640407986
27,0,41,9893,0.06712055632414914
59,0,52,18349,0.172584803551099
15,2,64,13579,0.10679427876669251
18,0,29,1905,0.2467618730323149
26,0,28,19307,0.09971619635325274
59,0,56,17332,0.08040977050571052
51,2,35,3752,0.058927713537793386
4,0,28,17097,0.18730396623340284
16,0,30,7727,0.108123676343023
49,2,51,7759,0.10479346829068144
6,0,37,11734,0.07208700671212749
51,0,34,18159,0.06049446402413781
19,0,63,7338,0.0960721005264771
55,0,64,11724,0.12932361477824678
19,0,39,3932,0.18241247235292496
27,0,31,2166,0.07023938852381034
40,0,57,12171,0.12323314497795274
10,0,54,5087,0.24848262200935212
34,0,54,1267,0.1862245336291961
31,0,30,664,0.24983882104394212
47,0,34,7852,0.06588163280965711
59,1,24,5355,0.13097497262496155
40,0,46,19467,0.09604582886415886
26,0,22,9829,0.23831246635319997
26,0,58,9825,0.23105733612025509
26,2,34,3541,0.16380313929574553
49,0,47,2480,0.11142578742634829
21,2,28,6338,0.15897128366139962
12,0,32,16768,0.22422445215549974
22,0,32,12604,0.1647734013352692
4,2,58,3991,0.20305277048869524
9,0,64,1218,0.18755290780275924
8,0,45,5391,0.06950691531724917
46,0,25,5826,0.2015740422621206
44,0,64,19267,0.0917180191052902
42,0,33,3825,0.22410947758947108
29,0,49,15614,0.11193003906974569
43,0,31,8027,0.16285150261566575
12,1,40,6777,0.10714864566773262
54,0,22,4579,0.05170574341985164
31,0,40,13121,0.2060269833199369
56,2,50,13968,0.1929734759667131
11,0,59,10011,0.2347295527303066
31,0,62,18984,0.16450097776532419
42,0,64,17903,0.08762958411725347
31,0,63,15879,0.08416737130357546
28,0,39,11425,0.1278595959099479
12,2,32,10654,0.11613149286168006
24,0,28,13385,0.13160330357445085
16,1,28,11861,0.09499209305554515
20,0,22,3408,0.24772935740124186
41,0,52,13261,0.06714138875952194
38,1,35,5372,0.19783215872348398
37,0,43,14922,0.16352681771600486
23,0,36,1017,0.16112346147988071
57,0,44,1461,0.1726670668733139
7,0,39,11970,0.23080917452198058
22,0,46,15809,0.18503023124465068
9,0,27,11469,0.10417392932278731
22,0,60,3810,0.10384913118853159
57,0,42,6502,0.21562178964370743
23,0,51,9151,0.1456146965927067
54,0,62,5026,0.19097439710191733
31,0,24,19269,0.12518300619347647
42,2,31,9334,0.19763700304486143
29,0,44,17889,0.13482036830993643
18,0,51,2523,0.14863082614516682
46,1,41,9582,0.2356869366570144
58,0,22,17132,0.14897416286118575
18,0,51,5965,0.09496546139740128
47,0,49,16721,0.15628540059496804
17,0,21,15258,0.0517085190935932
43,0,62,12124,0.1057883518427386
47,2,60,1361,0.17083025686674375
28,0,33,18080,0.06418953628824374
45,0,47,9806,0.14107905024801537
18,2,56,12462,0.16977000593156255
7,2,40,13928,0.09530071233575499
8,0,24,10072,0.09356420510643329
28,0,38,3607,0.18375893401358828
54,0,36,12199,0.2448393012541651
10,0,56,12194,0.1114690561634776
28,0,21,2166,0.09154352066034965
43,0,62,4382,0.2468034643693941
14,2,36,4741,0.216931013923017
44,0,37,7561,0.23719860039924084
20,0,34,11387,0.05921956327556217
49,0,21,12452,0.2367209672715977
36,0,51,2688,0.217665952293436
34,0,53,17249,0.10993676892420974
13,0,33,16287,0.17484391707813957
29,0,26,2301,0.08443274645042989
51,0,57,3819,0.13354197992516403
4,0,51,16881,0.17048896165784383
46,0,33,8659,0.07206371218502694
31,0,50,9147,0.2432978564423562
44,2,30,9949,0.23583167666140487
40,0,48,19826,0.22347419152782977
27,0,42,3579,0.07571108825090107
20,0,29,18854,0.1838318416635346
38,1,49,5222,0.2280859370544111
10,0,28,18023,0.07752492288911915
36,0,60,9945,0.1794595305265076
8,0,25,15292,0.09083613864697343
40,0,56,2582,0.18796997028666584
38,0,33,7620,0.17950427675423014
7,0,44,4149,0.22432200312839573
46,0,58,11688,0.14714385332786906
26,2,64,952,0.20177298458400406
47,0,42,7929,0.08836505626406971
5,2,34,10375,0.17852533618352395
13,1,53,9811,0.22536748356904485
31,0,64,16534,0.19459840414549467
13,0,34,12335,0.2257178077869022
21,1,37,16310,0.17595724151863568
40,2,57,10256,0.16028198946010913
11,0,32,7420,0.2330087153087667
41,0,45,6203,0.11468072335559326
8,0,37,13905,0.19967105575798522
12,0,43,18474,0.18860992911924834
36,0,46,19803,0.21285152548306618
48,0,43,5026,0.14952610133531513
12,1,41,8756,0.14872083896719626
20,0,37,12612,0.05683735052777988
55,2,23,18319,0.23628001909926893
59,0,55,6539,0.1274625689527945
36,0,36,15681,0.16040417005526353
28,0,24,16894,0.08964440278765362
22,2,42,3948,0.17324198549134756
37,0,57,6616,0.11922278981128649
36,0,50,9162,0.16701099993454194
19,1,47,17060,0.19706755601179016
4,2,62,18650,0.1719980141114354
11,0,50,3743,0.05612569077733725
57,0,63,3767,0.21121586135291315
26,1,60,7990,0.16217350875112213
30,0,43,1623,0.09767939257180012
29,0,24,10546,0.11473272828358827
47,0,46,5711,0.21220784682122523
6,0,62,8040,0.23725675008291108
7,0,51,594,0.21269283753019358
18,0,30,5012,0.22725100739712695
30,0,57,2978,0.14797537877748979
41,0,57,4861,0.13335238894017615
30,0,53,8812,0.2137657683342229
28,2,27,5077,0.1289144879216966
56,1,52,15406,0.19117143170614215
12,0,59,9307,0.17260937511639318
35,0,40,4667,0.08057620844730605
33,1,51,12677,0.11173388144724966
29,0,59,17068,0.09249389266458319
49,0,53,10220,0.07509535075891074
18,2,50,19764,0.1340357588293275
57,0,39,7447,0.0896826127368201
21,0,28,9551,0.06429130652491988
34,0,32,8769,0.09139117352005557
32,0,47,19846,0.1737780507756671
51,0,53,14561,0.21168587751716456
28,0,34,11767,0.14258416370397933
19,2,37,7623,0.17186740241820536
4,0,29,1674,0.1800912812003701
23,0,36,18091,0.18028903239285282
50,0,49,2656,0.2473718360535898
3,2,21,14666,0.17179384955454108
54,0,49,10502,0.1592474769654793
33,1,23,14146,0.22334716785498632
10,0,63,18475,0.17418947870176452
20,0,53,4308,0.1416280236257983
34,0,63,2420,0.1984835260550365
20,0,37,7723,0.09484687862597506
9,2,38,11648,0.1845099654782662
40,1,42,1804,0.2034449754298397
41,2,28,16314,0.17771281037193426
9,0,52,12308,0.08754727788172197
19,0,27,19670,0.1530007216334175
16,0,58,6080,0.2119884799025415
40,0,63,18206,0.13054827917155643
44,0,32,7981,0.23555418726034538
44,1,38,2567,0.05963072528157307
56,2,22,16865,0.18301269068893017
46,0,36,1997,0.09657229790396511
21,0,30,14392,0.17974367310364836
9,0,48,4502,0.23986892332862086
38,0,55,13569,0.16499620195993597
55,0,23,5957,0.13738213993326023
58,0,28,2071,0.22173088526133955
16,1,49,17383,0.14272079764502849
16,0,41,7369,0.1628488174470793
5,0,59,13081,0.11141566122501119
11,1,55,1272,0.15986766587960838
34,0,52,18873,0.19316119868168957
34,0,63,12606,0.15185878587243928
24,0,39,8667,0.09216856958130099
20,1,49,18054,0.053928967700707965
50,0,26,8497,0.09359805406584559
29,0,25,6919,0.2200516817999461
49,0,31,5952,0.24184853951060775
57,0,34,13228,0.1624847881729959
21,1,32,9031,0.21581460740565028
14,0,50,11596,0.05939613173626923
57,0,37,15922,0.2207180695303939
39,1,51,13281,0.10744001690224325
19,0,26,14085,0.08509108700192344
38,0,36,12392,0.10541663288792454
32,0,46,15899,0.14960368213166178
54,2,64,14585,0.16751090626472437
17,0,37,16698,0.051392119334043376
59,0,46,12829,0.11860109876394015
56,0,42,583,0.19089333789662732
13,0,21,18225,0.20006225220728086
12,0,33,5127,0.09687647760687984
33,0,33,14531,0.09929486770910008
5,0,40,13257,0.1859332612510876
20,0,29,13384,0.171914994076925
27,0,52,9201,0.14943344664619468
58,0,41,9312,0.1593070573284444
59,0,24,2790,0.14989103097892476
11,0,36,5283,0.13144286686770612
53,2,43,1763,0.20757487858190143
8,0,30,18198,0.22771701382348114
45,0,48,18895,0.1779686787472372
51,1,54,2595,0.10394876433913619
53,2,50,17044,0.24488530775062883
15,0,50,13763,0.06764463319808223
53,0,61,6721,0.24041196225375044
9,0,44,3577,0.16119927275965035
32,0,55,12966,0.19203183810940622
29,0,36,1040,0.13470940831402056
21,0,53,3361,0.12141753356020163
4,1,46,2551,0.09466063878601405
47,2,59,3131,0.07244810170425559
22,0,24,631,0.11255484800951361
40,0,61,7005,0.1009030053404225
26,0,31,16128,0.15674036536911085
24,1,57,5984,0.22144710672084328
53,0,37,5331,0.0667192093385972
8,1,48,19597,0.19939670805227966
44,0,35,9893,0.10351020068618169
45,0,58,974,0.17821719138846642
24,0,52,11972,0.1754522728471894
17,0,35,11172,0.19750082041224215
3,2,26,8779,0.05304745595067206
56,0,62,17155,0.05027563756449922
57,0,63,13797,0.08374700062098339
16,0,28,1005,0.24607612076004326
4,0,34,7779,0.11833489818594245
9,0,31,11297,0.1750506181002926
6,0,31,13409,0.11160151574646478
50,0,27,7909,0.14756529779417443
53,0,53,9175,0.13757939777744727
11,0,55,4709,0.08761131535417072
45,0,47,12205,0.12164545636482677
13,0,40,5089,0.08812846119671669
23,1,64,10030,0.10593535126530361
37,0,53,16381,0.13345716308306527
44,0,23,18364,0.20910873929076834
52,0,43,9556,0.0892845234918893
5,0,28,4545,0.08914850527677219
14,0,38,1394,0.09947198864541631
18,0,38,16972,0.20786803607235405
20,1,60,8472,0.09946245664462566
59,0,57,4175,0.2138906178131395
47,0,40,16426,0.11453264437625216
21,2,54,9892,0.11058386307339917
58,0,48,13938,0.12565546316326426
31,0,45,1743,0.13962523010741817
31,0,58,19121,0.1339558041538529
27,0,48,6637,0.12887407478786583
11,0,30,15575,0.24955395962218413
56,1,38,6290,0.18862365663714908
3,0,38,3833,0.22632424554830188
12,0,58,8504,0.22872558361411177
16,2,27,1803,0.13538741651315983
18,1,41,10401,0.20504118509130004
10,1,44,9519,0.1441517594067664
4,2,62,2006,0.16893656577604216
41,0,55,9173,0.19690150183641308
58,0,32,11616,0.166361502017834
9,0,23,11180,0.15144887632320642
19,0,26,1902,0.05236814913220336
31,0,23,13597,0.24395291838826444
55,0,38,6962,0.0575967828533224
42,0,53,5459,0.07405909671846381
46,0,49,17140,0.05849465106727474
36,0,52,19772,0.17524057435041324
26,0,44,2711,0.11052662040367273
14,0,38,10147,0.22875495128766482
52,0,57,5661,0.1685393650772834
48,0,36,14441,0.20630540896097754
4,0,46,12347,0.0790436628107638
43,0,33,8463,0.13212515895302082
7,2,37,15066,0.1748891233669258
45,0,23,13846,0.0875560305677287
50,0,47,18590,0.12640214499353347
10,0,43,19676,0.20089178289787796
27,0,34,8566,0.18643803760620709
10,0,48,3494,0.23038052663231356
35,0,26,18490,0.1616389904052743
55,0,59,9000,0.09137149403105448
7,0,22,17827,0.22574730675547933
25,0,44,14091,0.24240494807711677
58,0,32,10708,0.14712174595244654
20,0,27,17208,0.0668943856191555
10,0,28,15206,0.1005804669186228
30,0,34,12925,0.2004312734664187
31,1,48,10601,0.05004589547607048
40,0,55,5010,0.10895281651446372
20,0,62,4624,0.12379813503914688
57,0,48,13080,0.20767961526995232
32,0,42,8003,0.13740935662332482
19,0,54,12643,0.15510992540933755
57,0,56,14472,0.18431965262557837
55,0,39,1351,0.20698540104364288
31,0,39,2182,0.1176187848042864
4,0,23,12334,0.08436688116536889
37,1,21,19541,0.08639566541851303
34,2,60,10885,0.08202970603048612
11,0,59,13653,0.07288869097308465
39,0,36,6144,0.1381790707688499
50,2,62,4715,0.08662331483044619
9,2,24,5158,0.20650306184018008
44,0,63,18843,0.050011466613394645
10,1,46,15473,0.24070456595310175
45,0,43,7442,0.052644128897491
26,0,53,1765,0.11506671316479122
3,0,31,17253,0.20081161915571272
58,0,42,6047,0.2244126384559733
12,0,31,5149,0.06744463941851211
36,0,48,14170,0.2102163574247568
13,2,39,2897,0.20030221961048533
56,0,39,4579,0.14197435170575134
45,0,53,10258,0.1753816410732803
48,0,56,2793,0.12343118306522588
27,0,58,18317,0.11236569843425392
29,0,55,19666,0.05660811717435983
39,0,28,16704,0.05136711789319326
47,0,52,11529,0.15523176273406447
51,0,52,11132,0.052317574940202644
4,0,21,5740,0.07456834980216916
40,0,29,3415,0.06930442835082373
9,0,43,3502,0.17661725914051102
19,0,34,3417,0.1837898778857947
50,0,55,638,0.20086271564477814
17,0,54,14987,0.2446382948907005
48,1,31,15120,0.24597722495286595
29,0,21,14712,0.09151566912933656
16,0,32,7471,0.12034407655458168
22,2,60,2494,0.16230060074527677
33,0,60,4293,0.05883880115446989
46,2,43,16493,0.08848545967823607
37,0,58,18118,0.22071562814289802
56,0,45,1618,0.1316304038363414
52,0,64,14078,0.14692411695770302
45,0,27,17983,0.19730627784370042
37,2,42,16303,0.21174729871130304
19,0,28,5337,0.22298129551832563
26,0,26,13286,0.2289747923557977
9,0,27,16468,0.10890657980112753
24,1,21,18375,0.17980986924381925
55,2,62,13771,0.07224567876261093
27,0,52,7216,0.2437784912095768
9,0,42,13541,0.10352772328519096
40,0,56,3549,0.12807538462784257
57,2,45,2225,0.23613632873780926
52,0,39,630,0.17603002907031795
18,0,42,11213,0.10765895431635122
28,0,39,1159,0.06725371294547369
33,0,38,3143,0.14774088556954929
17,0,57,17150,0.168143823572875
18,2,63,8478,0.18367899896162537
16,0,29,12489,0.08293442391762282
59,0,53,9092,0.19118409455412672
45,0,23,1388,0.12251747855500078
50,0,56,12075,0.23880220596418555
49,0,63,2581,0.18069011360545428
57,0,52,13601,0.23361426218794318
9,0,44,14081,0.056026030249150344
53,0,62,14430,0.23067411488952544
6,0,54,8005,0.22557395913045342
30,0,55,9831,0.152157885480381
36,1,63,15600,0.2452818172457359
23,1,44,9071,0.19984407022965706
11,0,56,18762,0.24901231999725132
13,2,60,13180,0.20126752114643093
50,0,41,15241,0.2330375610358098
21,0,53,13483,0.08942939922597273
20,0,49,4040,0.08939776657988406
55,0,64,9553,0.15154753687027067
11,0,48,13168,0.19585438916198888
55,0,52,10582,0.1029996856547947
55,1,61,12109,0.1333890831716048
37,0,21,18183,0.08448304986054403
12,0,27,17034,0.23510549193944064
11,0,35,4683,0.19888290904938738
19,0,51,4405,0.05767569076497323
35,0,40,3337,0.054499841103570736
11,0,58,14518,0.24875919687128062
28,0,24,10155,0.12921696718749065
9,0,36,12195,0.1704568627074551
33,0,27,17410,0.239569727119259
4,0,52,9812,0.24116176818703433
43,0,32,12783,0.06918689179509663
6,0,31,6176,0.17708855641853477
14,0,47,16678,0.2485655653283358
12,0,24,1007,0.0859308880972871
50,0,61,11761,0.18256494625497438
6,0,22,16209,0.20480062456398834
27,0,36,14459,0.06511283764070011
36,2,44,2594,0.1274046088327232
32,0,21,17138,0.09105816465602153
41,0,23,7858,0.06135556453310023
48,0,64,10637,0.06985982766893678
25,0,47,10175,0.11835530729344385
50,0,22,7220,0.16583376397179994
21,0,37,6929,0.24072402467165704
59,0,35,18323,0.23713446964679347
31,0,21,13417,0.22447864867166323
44,2,46,19857,0.20428732406727618
52,0,30,6905,0.05813875530006825
48,0,49,6299,0.13112634421001104
51,0,53,10568,0.20587067828189326
33,0,39,12400,0.2434981915675674
5,0,37,2356,0.14244905413828157
31,1,49,7552,0.1902551301170406
13,0,52,8972,0.24906680429529754
53,0,38,2165,0.17460209887031142
16,0,56,11868,0.20575710906042294
15,2,33,2852,0.24326287281178827
17,1,56,17305,0.1920170127525554
39,0,37,10610,0.07638027909607292
35,0,50,4041,0.2458221298427109
57,2,64,10691,0.21079380503614703
26,0,53,7103,0.1029177338741033
19,0,35,9078,0.24746428167946316
5,1,46,5556,0.06592879581206319
3,0,29,8775,0.23797022715489374
24,0,41,3476,0.21822315384260382
55,0,48,6177,0.10499135896476447
32,0,23,8019,0.22208273800170208
53,0,38,15701,0.06208186935732301
8,0,63,18212,0.2404438178386144
8,0,64,17571,0.17096599219950548
50,1,57,7772,0.1542183493553218
9,2,52,7709,0.2482082515839431
5,0,50,5807,0.05527224236403521
26,0,44,10477,0.15248647492928513
55,0,49,19181,0.19704377051774685
42,0,31,5306,0.0724531464544806
8,0,46,14451,0.05299309081289641
50,1,45,5439,0.17304273009619675
51,0,25,7708,0.11760512506567111
48,0,33,10707,0.14636108564320793
54,0,35,15111,0.17446026857047328
16,1,51,16894,0.12723549210677015
58,0,35,12951,0.09291036235116075
21,0,30,12313,0.09771630908518443
48,2,55,17169,0.0874746110387776
36,0,43,12682,0.19319857430221204
47,0,47,2664,0.07685842002962912
38,0,35,1515,0.244436229783981
39,0,38,11027,0.050955954843124096
38,0,46,686,0.11072209216712192
47,0,35,14191,0.2105383560594657
45,1,62,15669,0.06801927490856506
10,0,58,19954,0.16759571820617725
50,0,63,940,0.10812756354761566
33,0,55,12233,0.2430849304656862
21,0,24,18725,0.0937963005558417
32,0,56,3243,0.06419379353943509
58,0,31,15631,0.17274823651162377
51,0,38,19445,0.12520791345824644
50,0,39,1861,0.2307794504342135
29,2,42,9446,0.23299575314811855
47,0,56,1907,0.2090105230796681
24,0,46,10019,0.07572948706436865
42,0,44,17160,0.18161305008570433
39,0,29,5436,0.06843835066933768
17,0,56,15962,0.05504827810738089
18,0,36,16365,0.08943705397988971
6,2,50,746,0.14889030732089875
10,0,42,10821,0.1402192466113309
27,1,49,5394,0.20520070297389165
30,1,50,19491,0.15468139365899958
12,1,45,14072,0.10284509241463312
26,0,40,10621,0.07794275728316978
37,0,52,13182,0.16394227301867148
16,2,27,4020,0.18496844604315793
22,0,63,10332,0.09258435224120204
23,0,39,15520,0.17636634759235864
31,0,64,18925,0.22204230923983265
23,0,44,3380,0.09843963510948613
45,0,26,18155,0.21388718925471867
21,0,49,6025,0.24007471935809893
27,0,43,17364,0.2372988829440757
24,0,58,18819,0.07823847391054202
13,0,57,16000,0.05978827672028935
42,0,31,19539,0.19531554353375807
16,2,54,11329,0.12640916296951324
19,2,45,15644,0.0855466330557243
48,0,41,18204,0.1394149821988726
57,0,39,4534,0.15853708134084668
41,1,50,14401,0.082353756833522
55,0,51,14967,0.05757067395615814
51,0,59,10100,0.20636097700215145
30,0,59,12084,0.14121938698322134
46,0,31,13275,0.09887514214786364
21,0,41,9211,0.24103898620830277
29,0,64,12119,0.20181117441304575
33,2,58,9199,0.1305305410471353
57,0,40,9670,0.10457022914736301
51,0,21,9334,0.1958413247602191
30,0,31,9529,0.19487011692378792
40,0,61,6785,0.22679859444963196
14,0,52,2583,0.05262626271246654
48,0,55,10991,0.1759230952373229
34,2,55,8752,0.10634954006398839
33,0,26,1212,0.24492374042880416
46,1,46,10812,0.05496416581436075
39,0,50,17045,0.14748863283054203
7,0,25,5494,0.19216164814631798
19,0,43,17992,0.20025272234529817
13,0,32,11041,0.1766149059485177
44,0,63,8120,0.1444243683472929
5,0,32,17492,0.23188600602325032
14,0,34,18997,0.16535214960655065
37,0,60,18524,0.1542413228284845
42,1,47,15634,0.22142321477056248
31,0,62,12716,0.1386396270063603
52,0,44,17033,0.17157687864958154
55,1,29,17235,0.1158031076388057
10,1,30,17879,0.09243458453882275
57,0,28,16687,0.14206757617193821
38,0,56,7136,0.1172059444707994
39,2,22,19365,0.05754664356266435
8,0,53,16347,0.14733924610032684
38,0,40,17387,0.18124719012286766
44,0,44,3330,0.06040072915347519
36,0,57,751,0.16346363034869665
7,0,62,19552,0.1120071650994705
32,0,33,12527,0.05815668286324565
56,0,61,12107,0.06937748247841763
44,0,61,14185,0.1932640429939661
10,0,56,14035,0.15782724423580397
57,0,26,1304,0.24117937751447976
57,0,27,6474,0.18631704035399937
12,0,22,11040,0.24251427359618055
48,2,60,1121,0.10702466972799192
26,0,62,17771,0.16649664361536975
36,2,34,3680,0.16172729948764775
28,0,44,8883,0.15472244739441612
47,0,46,3270,0.22948245994614225
59,0,38,1720,0.15554154269242085
48,0,63,9127,0.10272762756186914
56,0,62,15653,0.19039289664581366
56,0,31,6204,0.10296967449261521
8,0,45,9446,0.06667155994680694
17,2,29,18915,0.16772791270053025
44,0,24,7825,0.07749527552400085
36,0,58,16909,0.19284324681080378
5,0,59,19751,0.13763936517745928
8,0,21,11027,0.22323972869011816
32,0,44,12431,0.13094684102642856
38,0,28,17121,0.129238854349109
12,0,45,13751,0.13577190511003895
12,1,35,11909,0.19274501699923696
10,1,44,17736,0.08103615245648706
35,0,53,18440,0.11826096023172672
3,0,24,6437,0.10357610064496366
35,0,42,15030,0.12759169237788576
30,0,36,5572,0.23233335571748875
29,0,38,14836,0.1762646449439424
41,0,61,2185,0.1506542938189277
32,0,61,5860,0.0758017031853983
44,0,49,15953,0.1652531469209627
46,0,54,15992,0.20974692223389407
55,0,37,9650,0.12218905994338246
48,1,48,15561,0.2305751350459584
32,0,41,9980,0.12029350644625186
31,0,35,2078,0.08209122287302201
16,0,55,16335,0.2155450069038714
37,2,58,1628,0.16311784708377275
10,1,36,16128,0.15335928516841102
56,0,32,17684,0.23513807353516158
51,1,38,539,0.2149566714097058
9,0,62,19587,0.24854727318031877
47,0,54,12531,0.1883320580937657
9,0,32,12290,0.16592165526829897
44,0,48,6826,0.15776768409229217
7,0,57,3830,0.12119832795907726
30,2,36,943,0.08618616997227771
40,2,61,8713,0.21502557710623044
44,0,62,15925,0.05132663876168733
26,0,30,910,0.22757134768652637
55,0,47,4854,0.1024953998155709
47,2,31,16523,0.09788004766267402
14,0,50,9043,0.051412339504566695
41,2,24,2511,0.12199948705253752
44,0,49,19656,0.06776159903866888
22,0,36,7035,0.08690842205344762
45,0,43,3948,0.1876618914459146
54,0,43,11472,0.13306632643564656
49,0,64,2161,0.05218839254983496
46,0,24,14112,0.1133763783378339
39,0,46,13077,0.05122577099800148
18,0,27,18187,0.23303675977744992
48,1,49,6232,0.2220948024854184
23,0,39,8725,0.12065577554081718
33,0,28,13552,0.09808966138847422
20,0,28,4225,0.07138370793411833
20,0,26,7558,0.19103776707071574
11,2,55,2623,0.07408739036383338
57,0,61,14166,0.18390828271514054
11,0,35,13341,0.1016706822630225
7,0,37,2330,0.1958592060362786
56,1,23,3011,0.12864785639568635
34,0,28,8310,0.0773680493936271
27,0,27,13335,0.10547606712220575
45,0,62,15898,0.1880117502305338
24,2,34,9396,0.18701811466540624
10,2,55,16170,0.16945123999880324
44,0,27,8622,0.11464940701191934
13,0,28,12061,0.17705151253345425
34,0,30,5587,0.05844183404507586
57,2,29,13004,0.17085434651922804
56,1,30,18084,0.2062566935894697
23,2,33,6079,0.07764213852447942
47,0,39,14465,0.2132965893314066
37,0,29,9353,0.23100119361452698
30,2,44,10731,0.2418044342575401
10,0,37,11778,0.05600773640669188
24,2,48,8763,0.22912538547056782
40,0,46,13488,0.06268904069816017
59,0,61,7528,0.12588484013831905
3,0,48,3690,0.15967580581180618
43,2,51,8283,0.09434280464119649
51,0,57,9106,0.11891537515826939
57,0,29,17145,0.23161406884441477
27,2,59,13002,0.08501586168182179
9,2,40,8717,0.15775881526493224
18,0,50,17129,0.21539682860987946
51,0,53,585,0.09822073112226214
53,0,30,13904,0.23701465178018255
39,1,45,18503,0.24602208317760904
9,2,33,14049,0.10321683614601092
9,0,28,12060,0.1446004126060601
30,2,59,10858,0.05224455045433854
36,1,55,3730,0.24215195461282374
4,2,29,3493,0.07745917102006744
42,0,29,2968,0.13556119804555222
34,0,24,18724,0.18453462215894545
3,0,36,7843,0.18010964757314757
8,0,31,19324,0.18051150640984676
28,0,53,12438,0.053423656069612836
44,2,38,15191,0.19683663014153235
50,0,63,18813,0.19920116434212048
27,0,45,10500,0.15907295651109254
19,0,60,1561,0.19627335482257963
58,0,25,16557,0.05011933416405943
29,0,63,7379,0.08324289490962439
20,0,35,3499,0.06484864260878585
28,1,38,5514,0.11257600046316325
3,0,47,19837,0.09072110042563263
20,0,40,8713,0.08721564835621456
32,0,34,11749,0.13391427979994042
55,0,28,15945,0.17472538982971444
45,0,39,11796,0.15868326050808382
47,0,41,3591,0.21738254266360546
34,0,26,2156,0.12876060556372554
9,0,55,18731,0.13155074436580283
25,2,28,4419,0.05214248976860425
59,0,24,5500,0.20204208832267873
5,0,35,1293,0.17044967642219894
53,2,35,15177,0.07516065147409996
42,0,34,10379,0.08833020015951763
19,0,61,12969,0.08423042180584135
47,0,47,4104,0.1315059770201397
50,1,29,11181,0.05760119590327837
5,1,43,11249,0.205732773018034
9,0,34,16955,0.11362928515258804
40,0,62,14403,0.2337392031805972
59,0,62,12339,0.10432335442900097
4,0,46,13572,0.12327073284208796
40,0,36,15758,0.234195660906876
10,2,26,4836,0.08369259465162412
40,0,57,11988,0.2191342350371216
38,0,22,18871,0.08029043471849336
8,0,33,14549,0.1490895997027875
41,0,45,16811,0.22479808014823643
54,0,32,1426,0.08195121940402991
52,0,52,16854,0.057489068718028086
4,2,29,13079,0.09787558481510934
17,0,58,4036,0.10242550227848282
16,0,23,17835,0.13141843789466384
28,0,35,17614,0.19875727906307022
11,0,39,13181,0.059587121653117
51,0,64,19249,0.16437552089970633
47,0,52,16453,0.19505303036309624
49,2,64,8698,0.21143711474284654
14,0,43,19823,0.2433151048426817
3,2,62,9765,0.21507263125913018
54,0,38,3546,0.07063967596952002
19,0,22,2762,0.08515523712435982
40,0,29,13937,0.1941146846631609
54,0,37,3255,0.09234818340623129
5,0,51,17996,0.0994022131383645
3,0,30,18624,0.21983441215871968
3,0,32,1060,0.14232168391608807
11,0,49,3782,0.12937114227500313
5,1,22,3886,0.14386446653433288
49,0,59,14260,0.101336679608606
37,1,63,5368,0.0675059921103999
58,1,56,13575,0.24543931349442927
48,0,62,17665,0.10838923858130174
57,2,28,13363,0.15241058501937504
16,0,30,19556,0.06173130646085565
19,0,59,9989,0.07984014898529285
51,0,31,18313,0.07042926968885066
16,0,51,15622,0.060226392804816925
6,0,46,9743,0.18019612787497674
41,0,34,6050,0.05338392393374676
48,0,39,13519,0.1413739567684334
58,0,40,15640,0.1829958158784349
55,1,60,2527,0.12262042034162884
9,0,44,6652,0.08003746087600441
47,0,39,19592,0.09467685680565192
51,1,50,3140,0.0807233217260124
42,0,26,18908,0.10907821720671743
49,0,35,3068,0.12125173993658014
50,0,45,12128,0.12933014747973892
28,0,48,6609,0.0946171546266556
5,0,25,3290,0.09684041780805651
29,2,34,4847,0.17787793099071486
14,0,40,18975,0.0546105012589055
9,0,21,5858,0.13829010314900392
10,1,46,17967,0.23583712663108924
42,0,58,12897,0.20228715483961301
31,0,62,19818,0.11658104797753902
33,0,49,9528,0.15970104017448333
45,0,33,10403,0.24638685532051285
34,0,52,2077,0.19326485556380707
38,0,49,7289,0.16792636350064744
7,0,22,12088,0.16184995350358933
51,0,21,7854,0.22885050478152497
28,0,64,3857,0.08895767407346727
11,1,59,10193,0.16573641466553596
49,0,38,19554,0.12003348747086329
44,2,34,18289,0.14363631595462678
6,0,25,7657,0.05798323320484844
14,0,31,3009,0.20864324983822352
3,0,25,764,0.08685800766093627
18,0,25,13146,0.16254079965796997
8,0,58,13924,0.2346644363115889
43,1,55,18345,0.10149208586228163
32,0,55,11804,0.11554640842009134
58,0,23,5838,0.1312228585611254
45,0,37,992,0.15879615620899246
37,0,48,10741,0.09602243418076872
32,2,45,6110,0.1976868288337964
6,0,34,15992,0.17594078339727764
7,0,38,13063,0.0686458444281981
38,0,52,10537,0.15192414282983596
3,0,58,14977,0.12196048654751873
5,0,63,10785,0.12012500619084687
15,0,52,13137,0.2466173746457731
53,0,33,15449,0.1310954211079723
29,0,60,1872,0.05479629148563201
43,0,48,3711,0.12098614853788842
26,0,54,9854,0.16991479199443832
12,0,37,14440,0.15555617228762753
24,0,45,8646,0.06541690520146755
8,0,43,18320,0.08363703527913331
46,0,53,19578,0.20387309289234712
13,0,24,2487,0.051448126517639775
24,0,44,13439,0.0961065291452903
58,2,29,1673,0.24614364030610392
36,1,28,15776,0.18112791256220112
29,0,55,2205,0.0991056104980309
33,0,44,2486,0.08880243441769814
47,1,36,14840,0.13330415905824106
17,0,50,8228,0.1791135356299321
39,0,21,8128,0.0842087144697729
52,0,61,8900,0.19958905238484043
35,2,35,9557,0.05838631453521717
28,0,26,13588,0.08879924317664456
11,0,50,14702,0.1680550902149197
17,0,58,19093,0.1912373299500693
56,0,63,10700,0.18444279936243696
33,1,54,16970,0.10236270060658975
20,0,58,12202,0.12709952465132318
26,1,34,1828,0.057526107546964994
35,0,54,17087,0.05009412989484257
33,0,21,9064,0.13329668677906858
42,0,61,9299,0.1586708031538644
17,0,56,16827,0.21422500651611948
40,0,50,17559,0.24253320671141454
28,0,62,19915,0.1698291744809266
56,2,43,10702,0.2133106144723827
12,0,35,9151,0.07609537118499952
11,0,44,8336,0.2133328913351636
29,0,23,7073,0.10067848818449861
31,0,62,5590,0.13195113234914868
42,0,43,6706,0.054264927727588376
26,0,21,14741,0.14360872392704876
55,0,47,6302,0.18025922016307722
30,0,43,12627,0.10041140990255111
10,0,64,5256,0.21173457595455514
9,0,54,16259,0.23523892225946946
58,1,33,8704,0.16413583830071923
10,0,22,11160,0.09881158972671591
57,0,40,19457,0.19105458568625527
18,2,57,17403,0.10892122776073782
8,0,52,6994,0.0825583864305208
20,0,58,6105,0.10703821287302913
38,0,57,11179,0.13780204864772105
27,0,44,14744,0.09513738675661874
47,0,56,19374,0.11745292025953419
37,0,57,8169,0.1291242789891624
25,0,25,11809,0.20077138209804252
39,2,27,2721,0.2215289555976167
58,2,31,14746,0.21498017135697078
26,1,62,10802,0.08864418460845758
11,0,58,13144,0.21195091726756277
26,0,23,5010,0.1781070486188261
50,1,61,8873,0.09755960002562646
15,0,22,1703,0.12520101418513557
57,2,54,7434,0.11909939394313898
36,1,44,7582,0.13702937736082454
37,0,49,9394,0.21896881914972893
21,0,53,19562,0.13232142539222452
55,0,59,12529,0.06093271095508315
5,0,51,17934,0.1974664574552631
20,0,44,4410,0.2074050304379586
26,0,45,19606,0.16445620404520345
30,0,63,12280,0.1450255424807985
30,0,55,1057,0.2044207889844682
11,0,48,17334,0.05441604100523878
15,0,47,3480,0.1668398011865858
8,2,34,16200,0.24038766916412974
35,0,58,5084,0.20885898608016884
22,0,52,13706,0.1051043493546622
35,0,26,14866,0.2335368615992232
36,0,56,2823,0.09049284793161097
43,0,64,19573,0.15938717802700253
34,0,52,17795,0.17499887059659075
39,0,59,8424,0.056807380433827985
36,0,55,5348,0.07544868862081866
40,0,60,11879,0.15886897000354316
38,0,46,15935,0.08618054618215898
21,0,36,2224,0.13382971903961072
17,0,41,3475,0.1911602741793959
47,0,62,12769,0.17507276989934462
22,0,51,6097,0.224848766566083
34,2,27,18050,0.2342343970300232
14,0,38,11064,0.23531937852827517
27,0,24,13355,0.12847812360331207
33,0,60,7322,0.07438449259120564
38,1,38,13239,0.18343159088966804
33,0,24,5512,0.23380158292766234
23,0,62,10005,0.203852789445231
57,0,58,941,0.18940471102359113
32,1,63,9274,0.21051922184017452
49,0,36,15432,0.1319629693946015
44,0,42,7711,0.15035241546903477
34,0,43,1636,0.0899761562013737
53,2,54,16493,0.1843085723915776
10,0,57,6148,0.11959576130867555
55,2,44,13072,0.10349249647298304
51,0,44,14499,0.10013530019629364
31,0,25,6342,0.15214235074507437
44,0,29,6237,0.15799484995620794
32,0,49,10598,0.21524821171661784
18,1,40,9575,0.23326632479600334
48,0,27,2756,0.11182986278249807
17,0,25,2103,0.11636493013030969
20,0,49,1392,0.10623826655269103
32,2,60,6652,0.11041101733546983
50,0,31,3157,0.1956973385032244
24,0,44,15266,0.17581968803177173
31,0,32,17417,0.06556687140291553
5,0,56,16022,0.16450720633388155
9,0,50,5515,0.21954517126918133
6,0,36,7009,0.06203964575638257
7,0,41,19280,0.23109451259737823
52,1,44,3102,0.101360220614404
50,0,57,7096,0.11555234797612668
49,0,42,9160,0.1298995979869887
6,0,50,8489,0.07845670503801053
7,0,41,18841,0.06969392270937601
18,0,33,16334,0.09812503844359675
35,0,47,19662,0.051078094321991556
22,0,55,4866,0.16545035252155874
30,0,64,1822,0.07689515293992187
12,0,23,18233,0.06866985734708275
44,0,63,3196,0.16264634925279337
20,0,53,13241,0.16852475521073357
6,0,33,17867,0.18197800710230005
45,0,37,1711,0.15075508583023844
54,2,50,12600,0.2268645996385789
3,0,34,19154,0.07497204948705419
27,0,35,19224,0.20725805863236463
50,2,43,6105,0.13224023902213916
43,2,51,5522,0.23069124045040001
51,0,60,5023,0.09690606968156684
26,0,58,12142,0.23955050966205388
24,0,32,18015,0.22343471297309764
43,0,29,18289,0.08463405167648802
11,0,64,6845,0.13698372352277155
16,0,62,10565,0.09861515165499941
37,0,46,14591,0.07840891104130619
41,0,51,13677,0.12760368659096027
9,0,32,1166,0.1570323587768362
31,0,48,17777,0.13031586753571162
23,1,51,18460,0.11633887635947877
31,0,34,12920,0.11557640232254372
57,0,53,8479,0.0822062975837978
7,0,37,15936,0.09454920818716393
59,0,44,3982,0.15588385145689804
28,0,23,4821,0.08181304986508992
47,0,26,19634,0.2158972196564471
27,1,48,7323,0.1972332070011517
20,2,56,14964,0.24777077346816523
46,0,45,8319,0.1133481887815059
42,0,56,15972,0.0864789872474126
11,0,56,16169,0.06510335721093674
43,0,54,10266,0.1199912976826204
45,0,57,7912,0.23418891459346536
25,0,54,13925,0.16823915522823824
55,2,57,4483,0.24170818289737123
39,0,37,6172,0.23280309505803748
22,1,38,1460,0.12594832813721002
3,0,42,10602,0.1375842674416098
41,0,44,13031,0.10987118406232521
14,0,50,7921,0.198381959848571
46,1,45,15107,0.16387809128414144
32,1,28,8789,0.06268440724021236
29,2,38,4575,0.23373519614983923
12,0,47,583,0.20709744357538012
43,0,22,17111,0.23659267596328776
12,2,25,16311,0.09989174429808761
26,0,62,9270,0.20059843516637937
50,0,58,4749,0.17677120609218355
55,0,46,12029,0.07463629668704182
59,0,26,9734,0.10191411951222269
57,0,32,7364,0.08835248013482755
34,0,54,13349,0.0806758057940386
14,0,53,4962,0.17987725391963177
50,0,30,1171,0.22321102425013323
48,0,23,3723,0.24757396432597106
59,1,61,7177,0.09300562044026171
40,2,52,16638,0.1848456461246482
11,0,49,5644,0.06566181506378597
31,2,59,19244,0.09780706992282535
28,0,39,3090,0.21947547767371905
51,0,25,19971,0.23830390670453877
25,0,22,16361,0.24413170588803523
21,0,64,1830,0.14289366033306142
7,0,47,11061,0.1971622763255793
50,1,53,13774,0.12382569441613174
46,1,37,9397,0.1902004131030533
5,0,25,19637,0.08043821627684733
27,0,56,3083,0.07442338618723572
30,0,56,11015,0.2467622506676847
29,0,55,10524,0.11230540036886474
55,2,43,12392,0.22943369913664707
11,1,51,5714,0.05454599696637668
20,0,34,9993,0.21629449747924756
13,2,32,2968,0.23733724383525784
16,2,22,2902,0.053110397490310504
54,0,28,10773,0.12785237815208553
56,0,40,14825,0.21165420968554283
5,0,42,13794,0.05089580518237083
39,0,40,19151,0.11097298492276025
16,0,40,1607,0.10164514440930145
13,0,30,8954,0.07674437566023343
19,0,50,1596,0.06759420420481532
14,0,40,7527,0.09979434130585219
30,0,44,14902,0.08998915472844521
59,1,46,12098,0.24488065144600218
36,0,42,4531,0.05442046175417392
44,0,45,1857,0.07590318514449448
31,0,42,3495,0.2114289337783984
3,0,37,8737,0.20249848673628074
7,0,43,19261,0.14365057422162447
18,0,50,8107,0.12705523145008896
16,0,59,4009,0.11926971712662132
50,0,25,5677,0.24469642272539288
51,0,28,13849,0.22340219290547908
51,0,26,5919,0.1023522499408331
39,0,21,16392,0.1422267001526044
34,0,57,1247,0.19919047426262654
40,0,30,6911,0.21496339016427984
26,0,33,5442,0.07439655177382361
41,0,34,9529,0.24116263786013387
48,0,58,8229,0.21387177102875182
46,0,47,11306,0.15070983702952107
37,0,25,6914,0.1501232611654495
6,0,58,4411,0.15141868324344288
44,0,64,13059,0.21315714293501054
23,0,52,6272,0.15928976092990635
45,0,42,17585,0.2125097769863291
33,0,64,19280,0.22270740306001846
53,0,22,5007,0.19049553459582697
22,0,21,5834,0.059375131585847285
56,0,55,19077,0.13956903187764572
51,2,29,16340,0.10112864089699124
21,0,23,9227,0.05869536252921879
30,1,24,10935,0.1797185585662922
33,0,40,5226,0.15256662124523662
46,0,50,13091,0.06222197748713592
42,0,40,18783,0.17435989620673253
51,0,39,9416,0.08801095622828133
24,0,27,8969,0.23745118477078103
31,2,34,11971,0.18942582608852698
27,0,62,16514,0.050750322644985316
54,0,34,11031,0.2242815071701198
20,0,36,9119,0.06301369629841697
36,0,60,9897,0.05232049721066226
9,1,23,756,0.12904512120284667
51,0,24,16155,0.0811402510228889
24,0,60,7458,0.21357682397951883
22,0,34,17664,0.23893635890913129
36,0,31,7732,0.20668311739303008
31,0,42,5483,0.12364092932251643
51,0,22,17753,0.1084266353249601
33,0,39,3149,0.11852736007508445
32,0,21,15668,0.06731550296673844
8,0,51,16318,0.23071999004362787
4,0,58,4827,0.09880949992096424
25,2,47,4631,0.10003623249067128
59,0,28,6993,0.19317542478480265
55,0,56,17391,0.173545481139723
38,2,50,7215,0.24176982749386644
38,0,58,2500,0.2462546256939549
25,2,61,8401,0.13345644016555416
13,0,38,2274,0.23418512617631054
3,0,63,10886,0.24102696909693072
22,0,59,4042,0.22122440361036505
21,0,46,5936,0.23650434934155345
13,0,48,731,0.16999856061411414
17,0,40,900,0.07286508119046825
4,2,58,15078,0.2219148962601885
37,0,23,18500,0.11150964953661546
55,0,41,8244,0.23502774212929128
42,0,25,855,0.15384805934831097
28,0,22,18933,0.14794252490801685
26,2,62,8477,0.2162624220880101
20,0,49,7623,0.12765325151109658
11,0,41,15958,0.07124414727289839
37,2,63,14208,0.20674771353352306
35,0,25,14890,0.10812141228905132
3,0,61,13820,0.2191817159309788
26,0,42,869,0.23316280428108765
18,0,27,6831,0.12838254481142403
12,0,33,13698,0.18408261502028256
43,2,42,17906,0.05352109614073097
32,1,56,12840,0.20880381232225625
39,0,59,8258,0.14187321683434495
43,0,26,17905,0.10287191728175181
58,0,39,11251,0.22505614141007635
48,0,38,3068,0.13185871188187703
38,0,43,8264,0.2146826139063152
53,0,45,16999,0.13411283779374544
30,0,64,8989,0.23990111424744703
59,0,32,11244,0.18408030819929377
46,0,42,1566,0.1834391213344379
40,2,33,13333,0.07475383656642798
54,0,29,6548,0.19950283676829322
32,0,38,2317,0.15404775931247194
44,0,22,18992,0.1936712192872007
19,0,55,8478,0.2234925442566707
57,0,41,16713,0.19063417046444225
38,0,40,14169,0.14982728722217709
47,1,43,17663,0.2204114688243936
29,2,43,8938,0.1976325735080639
52,0,61,14400,0.2029509914119736
7,0,46,18780,0.23230359887109847
9,0,55,13238,0.0776233246740496
31,0,57,13410,0.14980573149763232
44,0,23,18022,0.0747831926235564
49,0,56,7407,0.19992551186549884
28,2,56,10988,0.13639863924978413
40,0,49,14735,0.19406726052755108
34,0,24,18361,0.07435125250085828
57,2,21,16046,0.17403956096821077
40,0,21,8596,0.07256627296042416
26,0,51,15853,0.12063110447215067
58,0,45,12153,0.15713698730834336
9,0,37,9391,0.1883209858104628
59,0,44,9697,0.15021633339408508
11,1,40,15303,0.1961479007043831
19,0,34,871,0.0847736610472809
49,0,54,19016,0.17838981914366736
44,0,41,4379,0.12715366067897407
58,2,45,14048,0.08084443689125975
45,0,61,18593,0.22067910746443659
39,0,61,4566,0.24517904970710042
22,0,50,12162,0.09791861254992074
3,0,60,10969,0.0815077940618651
10,0,36,1408,0.20289398573828582
19,0,37,13097,0.24812510832329904
5,0,62,19360,0.1337153308718957
31,0,60,17904,0.20818345363138957
47,0,28,18596,0.07943030921558816
57,0,21,10022,0.09561194881527156
30,0,28,14383,0.07818246084496593
52,0,54,5126,0.1832259094153697
59,0,31,6021,0.16750022361220257
52,0,64,18654,0.18237871102489117
29,0,31,6252,0.083778593267501
21,0,28,14591,0.06624728040562118
58,0,24,17372,0.15679353592121628
16,0,62,12768,0.15596069649246602
26,0,34,1681,0.13431808608553558
7,0,57,19037,0.18659224481543807
48,0,45,5128,0.13375383918468392
40,0,28,19827,0.22129624775293438
7,0,30,3744,0.20553984508692286
15,0,24,7246,0.11715428084479179
34,0,25,14468,0.22884310687899173
33,0,56,1538,0.14840866224962396
48,0,49,7944,0.14288066545856654
18,0,28,18071,0.19419841725843057
55,0,39,18360,0.24125778832436223
28,0,31,11071,0.05666013261824759
49,0,49,16156,0.08504685968215256
16,0,26,15977,0.21105752903208708
5,0,31,19700,0.13835371514926742
6,2,50,8934,0.22173558076707378
24,1,54,6330,0.1202929241988454
57,1,63,17611,0.245104547454005
5,0,63,9761,0.09319217250984593
24,0,52,12183,0.23978217684585723
9,0,32,13366,0.20794613823876706
56,0,57,16121,0.24482084026032458
41,0,49,19507,0.08235352707132412
46,0,63,7693,0.12065436737384667
43,0,54,7220,0.08952020175177866
40,0,56,17652,0.21595182290349796
47,1,44,6873,0.10366285351774274
3,0,56,13172,0.15516000764641874
52,2,33,12721,0.08865154063456376
45,0,24,9052,0.1914816506357418
45,0,30,13472,0.19860353928194258
25,1,45,14549,0.0730251467992426
48,0,49,4184,0.18717670142005477
24,0,42,4144,0.08309657979455183
5,2,42,9362,0.24084302062818802
54,0,29,17290,0.2259847646253088
16,0,57,7858,0.09031315816045532
8,0,31,9632,0.118009686754799
38,0,24,8712,0.16915538423803103
16,2,27,15905,0.21136522064820462
51,0,22,3239,0.2386572421207187
28,0,64,12277,0.13380499905752335
3,0,37,13138,0.1477679358091018
57,0,55,4501,0.0813118671258565
32,2,41,4156,0.11989134619455635
17,0,61,14275,0.24839245048744296
41,0,49,995,0.2374893665837549
33,0,31,4691,0.1327592939201371
4,0,26,10171,0.09466257474946643
46,0,28,563,0.16458995358908093
25,0,46,1252,0.13465645079803684
42,0,22,12792,0.20051751727594747
54,0,56,13488,0.17598149938547913
37,0,33,19113,0.1821542542977666
41,2,61,12090,0.12486354586277937
17,0,26,2724,0.17342838410463496
16,0,60,11551,0.18792022902713773
26,0,59,984,0.17960060642434234
51,0,43,2356,0.18910088019072385
32,0,42,4726,0.22803870305184765
22,0,60,2915,0.10363638716721156
47,0,56,19491,0.08125316994605328
51,0,44,13474,0.05693092707935435
54,1,35,11914,0.19001249489835215
20,0,24,1128,0.11708217842926688
43,0,61,3222,0.15117929579113945
36,0,63,2760,0.06466645604461152
28,0,59,12642,0.23538626155138193
25,0,21,15393,0.16769851709310202
9,0,39,12409,0.07493801602777722
18,0,33,3755,0.1312664653987266
34,0,40,5602,0.11257463838336441
53,0,23,10166,0.2233359166437281
52,0,44,9103,0.22524131205815645
13,0,44,2420,0.20809430837693127
41,0,31,8884,0.1276297264952026
7,0,45,5084,0.23863478885401573
41,0,44,4305,0.10505741913877512
22,0,49,17647,0.182303885763054
28,0,31,2914,0.15469315005458995
43,0,27,15187,0.13753552906289984
27,0,35,1515,0.08769542733157998
49,2,21,4176,0.09798387761263512
33,0,51,17758,0.21435315810456484
59,0,32,4683,0.18374287084263452
39,0,35,1656,0.23623758010041113
19,0,23,9738,0.18625727500507966
47,2,44,5268,0.06215506509910258
26,0,22,12829,0.07325835840066611
33,2,41,11329,0.1947017431562838
10,0,32,11855,0.10018482990901308
9,0,48,1287,0.09973365872392002
35,0,64,6050,0.13126497295936285
13,0,45,1264,0.19904931609860055
59,0,56,18961,0.17776287135685404
51,0,29,2329,0.08885302620820229
42,0,36,16785,0.22925471180557272
44,1,56,17530,0.24444983663746211
36,0,37,13206,0.20839234881920954
6,0,61,16269,0.08861308015092387
25,1,61,18205,0.20874149135228948
31,2,53,18022,0.15432212062582762
55,0,50,6233,0.055711191575094125
15,0,36,15421,0.18350584051238295
31,0,57,6345,0.24538925941831252
22,2,64,3021,0.13631790861326826
10,2,59,6525,0.06266131297305957
8,0,36,18899,0.09612125918978001
23,0,28,3627,0.1616933529718801
7,0,61,11858,0.20821897824942287
6,0,21,3228,0.08710371105620834
22,0,56,9713,0.09387600869301092
14,0,32,18230,0.23446770481882678
34,0,54,19040,0.22634054709687595
4,0,47,17225,0.2331348660902247
20,0,26,16789,0.08515602476464426
28,0,60,11203,0.2365391791718831
57,0,62,1188,0.11798780598482302
39,0,34,13382,0.15337169705080106
53,0,27,9245,0.14128115518971085
22,0,58,5150,0.24556900031369822
28,0,40,14228,0.1025338645338046
26,0,50,945,0.24155607688683767
53,0,57,3486,0.24183046282567155
57,0,49,9110,0.23348945379107394
57,0,41,4066,0.1214444272286399
45,0,52,13556,0.12500672903222643
31,0,24,16085,0.09081331535411943
33,0,43,13757,0.14509936698803566
58,0,47,2991,0.09972627928516953
19,0,50,12283,0.17542487839649218
22,0,30,18792,0.2235381274978933
54,0,55,18544,0.2399333740152726
25,0,35,3680,0.13752177681562833
16,0,46,4581,0.13630775380165322
34,2,52,3927,0.15291559571111768
21,0,22,5640,0.23233025127501306
53,2,62,18188,0.06574203420974703
54,0,43,2052,0.11125381022405507
20,0,21,11397,0.08942372380865538
33,0,47,18760,0.20503923255386125
59,0,32,16589,0.12565330981259365
45,2,59,9365,0.2428618255738853
15,0,28,10935,0.24583988565486464
36,0,21,8332,0.22617097676731562
38,0,52,13511,0.15179312531490877
40,0,23,19720,0.23618639006708186
4,0,29,11865,0.12538388663538003
20,0,37,8841,0.1285631932467094
51,2,59,18095,0.1445856012523115
16,0,56,7029,0.1894303445552416
20,0,47,1741,0.06269598668637757
21,0,42,4569,0.15717360953002701
13,0,50,13247,0.24316891692845077
11,0,34,9077,0.06346343103693848
22,0,59,17915,0.06725999191430543
52,0,51,13870,0.23875983574666182
3,0,46,11697,0.21624078277524278
19,0,43,18324,0.05012789476710682
6,0,48,15013,0.14027101767632427
35,0,46,4229,0.11190313431417978
17,2,51,14327,0.08351240821333303
48,0,39,14000,0.06045377400705938
36,0,34,18764,0.09998182264822886
47,0,52,629,0.1805468660955326
39,0,34,3661,0.11077968030165744
27,2,21,16117,0.11152645125400054
52,0,24,19266,0.10250206636630116
30,0,21,5962,0.06942224471085241
57,0,44,19208,0.1686007467405497
59,2,51,1264,0.19627171933209153
36,2,33,14198,0.2460040892111563
41,2,22,8187,0.09531968693946354
17,0,49,12987,0.08258596652872788
49,0,35,17904,0.19145468855086106
41,0,56,11622,0.11463606623957422
54,1,37,5040,0.151713183660389
18,1,49,19092,0.1917048719967131
47,0,48,6102,0.13391197394842683
29,0,33,10284,0.12427318642939292
13,0,54,3771,0.13792249105471158
12,2,56,17562,0.1413900711940242
35,0,57,19641,0.05015092934890826
21,0,35,7959,0.08772163582132711
8,0,33,8937,0.17186579922033451
27,0,33,9560,0.053489083114495656
40,2,28,18982,0.10528832582423392
21,0,59,12416,0.13808568946538635
57,0,64,2291,0.13836563472506436
47,0,57,15205,0.05955908601734412
32,0,22,9248,0.22507154196146845
56,2,62,1815,0.06809574188642807
27,0,56,9748,0.22514598219085608
10,0,23,1749,0.24816252600410255
5,0,21,5490,0.08572736568592124
56,0,32,14888,0.06411509238493796
57,0,42,10197,0.07422189228960097
45,0,36,9006,0.22050753408024482
8,0,49,7335,0.24447144848666652
19,0,51,17651,0.16829319336116588
5,0,42,5308,0.23945202710406904
5,0,37,18889,0.20393717206181444
17,0,45,7623,0.1637408369540146
35,0,25,8128,0.23285971432016966
6,0,22,12885,0.14365046565176343
59,2,55,15424,0.132328395508712
28,0,27,9629,0.19398118212718224
18,0,64,12918,0.19973330970929815
32,1,45,8480,0.1209019208655675
48,1,44,15633,0.1451204381251499
20,0,57,17144,0.09316504954066139
5,2,30,17375,0.0739593105984675
5,0,45,13075,0.12036266094816112
51,2,41,5934,0.14855834209290844
9,0,42,12920,0.08145745618814496
39,0,61,12669,0.08260263941293139
24,0,64,4835,0.0747950395015684
47,0,38,17160,0.22515143137066013
6,2,38,15126,0.18881995852039035
54,0,32,9121,0.07910541683351745
42,2,37,1219,0.18225472130168036
28,0,40,14562,0.14716519910387033
14,0,24,4665,0.16310619290569123
58,0,31,15124,0.21572188373115825
20,2,55,8549,0.14520287893729206
30,0,52,14440,0.10762061670047646
25,0,23,17838,0.2060285801692761
16,0,60,2261,0.08188287248511794
26,0,26,1046,0.23494627257662593
11,0,28,13657,0.23830412909433957
3,0,23,9174,0.1189841571410149
19,0,27,14116,0.20445067059626598
9,0,29,2836,0.2344005399736459
26,0,60,17443,0.23384506591989668
52,0,40,4985,0.07287516426062778
12,0,29,3094,0.08355480857879777
3,0,22,8404,0.14808133537787865
9,0,31,16459,0.16041658106317208
31,0,39,2420,0.11882034480476611
18,0,40,10259,0.06532468612189826
30,2,42,16675,0.13589506311867264
4,2,29,10579,0.1062251167672806
21,0,25,2116,0.13953159133755294
26,0,42,4428,0.10466099644620275
27,1,23,11914,0.1371834924997416
34,0,60,13168,0.1676207942105337
47,0,34,3683,0.12207246807356104
29,0,49,8112,0.09213064308905089
50,0,49,2577,0.12931676424437935
33,0,22,11695,0.1020993586514656
17,0,47,9523,0.06284134577672074
16,0,48,13247,0.17676387571974594
21,0,26,7235,0.17677216798967993
37,0,46,19745,0.1136057585625004
16,1,25,1381,0.24184834215833156
55,0,41,5221,0.20780599017204082
30,0,29,1765,0.23048150539328227
52,2,35,17190,0.1438838079122029
41,0,59,6334,0.15475627857267152
22,0,60,1090,0.18828186879806946
16,0,61,15765,0.1676178280370373
45,0,63,17909,0.18364545864366733
21,0,43,17102,0.1364871697772897
17,0,58,4577,0.07656888339467115
56,0,60,1793,0.2124085499792875
30,0,33,6190,0.12746889949711185
5,0,26,3848,0.1716748996270565
31,2,38,15459,0.1238036867976312
29,0,49,7112,0.1464356241441626
52,0,26,9230,0.1777928686898117
43,0,49,13176,0.16570194418188033
13,0,35,9146,0.07818546316982522
11,0,40,6060,0.0970822011266191
37,0,37,4726,0.08477509481825862
5,2,53,4826,0.16517856092507016
21,0,35,3019,0.1289149514480813
10,2,41,11971,0.099285237214307
4,0,48,4946,0.05881630655386012
55,0,58,13788,0.20350695189662338
8,0,41,7532,0.060808513837045955
3,0,26,10006,0.12615159468833537
56,0,45,16918,0.14115586077840614
13,0,21,13535,0.14061028983389282
49,0,50,6174,0.07769961651897289
4,0,37,579,0.19189167064542012
11,2,49,14689,0.09543241288804334
9,1,26,6893,0.17581311469057714
43,0,42,1976,0.12560665630280998
38,0,28,12385,0.15423350674652686
30,0,45,16231,0.14044442698297113
16,0,23,13193,0.24105208275552786
8,0,43,16603,0.11929422874189549
35,0,39,4291,0.0805998366904892
16,0,26,17157,0.12216590507358155
36,0,53,6975,0.14980899127195474
42,1,57,10721,0.06324797276072021
51,1,45,4914,0.23368976668314428
31,0,43,12497,0.08974519665294833
3,0,36,18021,0.23612146562736708
18,0,33,19502,0.13083578556466935
51,0,21,6272,0.1610835206291263
33,0,42,8375,0.18660426540420783
38,0,43,17698,0.06298972165262325
29,0,22,6565,0.13278506075515178
12,2,35,17730,0.10632373413556746
54,2,45,11017,0.08370609508986089
47,0,31,10751,0.18379928577636268
59,2,47,18753,0.08312375861368232
51,0,40,17480,0.1665766707696636
19,0,61,18404,0.12808699936412038
17,0,28,1995,0.2452467512334256
17,0,22,2713,0.2313164691273063
55,2,35,2960,0.05151332721376618
34,0,56,10936,0.21216986296262613
28,0,61,8430,0.08373140846961921
58,0,48,4785,0.14409833916842435
37,0,47,13989,0.21240141388215444
54,0,52,4891,0.10749351599808324
59,0,64,19425,0.1967700639835791
7,0,62,7470,0.09818531462158252
23,0,48,9603,0.22459329398726596
44,0,36,1643,0.1378044990811928
49,0,25,643,0.08985766981399086
11,0,28,3626,0.060675968741540603
21,0,50,4039,0.17130453045745955
34,1,24,2340,0.1865773516212691
48,0,59,9041,0.186105956332405
9,0,42,14194,0.14950310474926332
37,2,61,13954,0.13055210460852973
19,1,58,16107,0.17380350722320337
15,0,45,11937,0.056665893388189705
32,0,39,3221,0.09788952179988589
26,0,26,17584,0.10110406717501585
39,0,63,16974,0.20568465319896584
21,0,49,5678,0.1382667209684333
49,2,39,17320,0.059162032531066666
7,2,27,11029,0.22901203638686862
52,0,58,8019,0.1270753600461918
4,0,23,3312,0.06539495536065082
44,0,50,18719,0.1336921255506456
22,0,30,13082,0.23990697676797507
24,0,48,9028,0.21029263976645546
4,0,25,15365,0.16869971740660472
43,0,56,15600,0.20182245829627338
12,0,40,10511,0.15328640552712697
40,0,40,4719,0.2107966081620486
44,0,62,9238,0.21803763356521316
51,0,29,12392,0.11747688751508714
43,2,50,4124,0.1390784697836504
20,0,46,2861,0.09529458773670225
45,0,51,18714,0.1870063454442178
50,0,49,11849,0.0774071613055065
21,0,56,12320,0.1444085948912557
10,1,36,9089,0.2433094229398361
53,0,31,16395,0.14319153223117143
11,0,50,7713,0.06365853613390267
36,0,46,972,0.05366777387161264
16,0,61,15462,0.2400278079157731
10,0,52,5400,0.19143209405028694
47,0,31,15332,0.19192191275393605
11,0,34,9906,0.12398232489434213
41,1,51,7499,0.15022760536777346
42,2,38,10956,0.16167995219221398
6,2,61,9059,0.20340630409618737
12,2,51,8396,0.1518779746676955
48,0,37,5801,0.11134478060249241
31,0,56,7077,0.15651521225838677
9,0,51,6982,0.1862441316699504
59,2,36,9282,0.06158206479544473
18,0,39,19453,0.14472485583900618
3,2,48,7636,0.11891740370106285
55,0,31,12648,0.2292274777523396
3,0,50,1280,0.12767509942115068
34,2,35,565,0.17578562353644833
59,0,61,14008,0.1410997058251598
35,0,46,13515,0.21265200846133925
36,0,55,15540,0.23595283966119568
25,0,45,11405,0.06672115864009816
10,0,29,6569,0.05393346549837803
35,0,50,2440,0.19092622437809753
54,0,48,19335,0.1762977961044646
8,0,27,4076,0.16088718076403777
53,2,63,19744,0.13615336845118658
26,0,24,5825,0.19995676561536124
33,0,37,11587,0.19073088190441462
12,0,26,2313,0.13332504116767346
38,0,54,15984,0.11499673616679029
13,1,39,8348,0.2423757330541197
18,1,44,11137,0.13115231398694804
44,1,60,3044,0.09180141916562201
5,0,40,5591,0.2420273670261729
28,0,42,8394,0.19124731045754134
36,0,46,1865,0.16167411102738377
10,0,61,14903,0.20354625231763535
19,0,39,7216,0.09439157525693959
22,0,31,14837,0.1615998913120139
40,0,34,4114,0.10471086508618983
58,0,45,1153,0.22259199862355666
50,0,54,18484,0.07734497934972427
13,0,58,4809,0.09350109372026175
4,0,44,19439,0.09875665009337711
5,0,42,14068,0.13752540319059414
36,0,62,10868,0.07660394616088227
11,0,50,12857,0.15888759470444236
16,0,21,11482,0.19656074528590767
51,0,49,7832,0.05162254348096185
52,0,54,18644,0.22744513561488122
50,0,54,1677,0.22044697228054855
17,0,27,15075,0.06016481907997136
38,2,43,12546,0.0636708443925339
37,0,54,3658,0.16478077670146574
13,0,62,13463,0.11271375970880047
34,0,59,19063,0.14808752458155788
32,0,55,6203,0.16349187827415704
25,0,55,11641,0.1775523697997189
45,0,36,7907,0.19632476653904846
41,1,47,902,0.2214099301924663
33,1,22,1606,0.17133248862809297
44,0,26,4326,0.07100993221266577
46,0,32,12873,0.07724279384938493
35,0,63,16038,0.1727440508422739
18,2,31,2026,0.1917578431740246
46,2,35,2991,0.20081604364670042
43,0,56,17270,0.15373233466542952
59,0,22,17100,0.1700778107687394
11,2,28,10878,0.24491009402690223
26,0,21,15833,0.11964702717536951
55,2,47,4660,0.09283401538565549
32,0,53,1187,0.24379799289103543
56,0,61,18204,0.2337525846372694
3,2,57,6955,0.051417177460678046
5,0,52,7458,0.13037610210819234
48,0,56,10384,0.19696858159562192
23,0,61,12336,0.08549295151556631
32,0,45,1982,0.056379928654464534
27,0,26,11933,0.05728541614958913
26,0,48,11802,0.16295878206455697
56,0,34,14996,0.09605578464718148
8,0,60,19615,0.1015776526487534
47,0,44,14475,0.053030114173228116
53,1,50,12202,0.19518060005963112
40,0,43,17809,0.21872562337932472
25,0,36,10127,0.19670500654119394
12,0,61,1559,0.07725673854070228
41,0,62,17403,0.2414454091745316
29,0,60,19379,0.2424266587601719
11,0,63,19297,0.10182616178958424
23,0,21,18330,0.24661388140192264
57,0,48,18073,0.1388384039654441
18,0,39,13930,0.058335969237997644
13,0,45,1220,0.16508074127763642
41,2,40,15078,0.15534115993335512
14,0,62,2442,0.22165893543419746
55,1,57,3386,0.12113462075497593
51,0,55,12501,0.2033267642336022
59,0,49,18510,0.20734503089669798
55,0,26,4920,0.0569900827944547
16,0,28,3741,0.18462855571922826
15,0,63,10660,0.1458944253564176
22,2,22,7406,0.0904855576503566
29,2,52,16850,0.1333789126208496
53,0,46,4244,0.2214436098854231
44,0,53,18799,0.187954526930397
39,0,64,5607,0.17543928035230266
53,0,38,7005,0.06630275001517655
39,0,47,13578,0.1833342883485614
24,0,21,17049,0.20170501240147676
26,0,36,9881,0.239996946897175
32,0,32,10328,0.20960854772125198
8,0,57,13019,0.06598855763329331
45,0,35,13342,0.2387057715675605
40,0,34,15796,0.20838519491636626
44,0,41,2945,0.05066770137493948
33,0,46,19117,0.1925370013271518
47,0,51,1735,0.11079407554327472
57,0,63,5108,0.17100635503391493
35,0,40,15717,0.10655741148016945
28,2,47,5984,0.19600883790016943
8,0,37,12169,0.08734542636340965
47,0,46,3570,0.21690670499169096
54,0,31,16565,0.06458025749255836
42,2,31,6356,0.05481863316954719
52,0,54,2757,0.07638533377094765
52,0,50,2655,0.12690899637191522
48,1,55,3851,0.18133649351882952
31,0,52,14777,0.1461196355984823
8,2,36,1728,0.1451419794551412
3,0,55,12145,0.2231159468006242
14,0,30,13177,0.16185364374611616
27,0,21,6892,0.15152140557960725
45,0,30,12503,0.1338860974653998
28,0,51,6219,0.24568279108475638
4,1,50,8798,0.09856188419240648
14,0,53,1067,0.08111326101139651
58,0,54,3138,0.148473596296197
59,2,30,2507,0.18555285675633998
24,0,55,965,0.054333572606229535
48,0,41,7067,0.22139845132930658
44,0,59,5549,0.10662323215756203
56,0,21,5497,0.17907683582029016
53,0,54,554,0.08465725437003291
38,2,51,15844,0.22438391527949447
25,0,42,19000,0.12177837582779234
38,0,59,14891,0.08739223097907689
21,0,32,3818,0.05394891198570151
22,0,37,15751,0.11175708687358302
37,0,37,5677,0.1258417945846339
35,0,42,6378,0.05702353152771203
36,1,33,16072,0.16107205192477736
24,0,50,4602,0.14094108584313086
26,0,25,19901,0.1486124921526784
3,0,22,17208,0.07669457692055373
37,0,27,12600,0.12661530685099667
35,2,40,10347,0.24356841810578
56,2,21,5439,0.12148314118631492
31,2,48,13257,0.20859224969225215
29,0,29,9331,0.07483322795188184
6,0,54,13155,0.07456429869851555
14,2,57,1663,0.24978514699134652
22,0,58,7712,0.17967259327472251
24,0,44,2625,0.1829668879519995
23,0,44,8561,0.13518477679003105
25,0,38,14337,0.20222925746414117
46,2,26,2719,0.23563547571114335
10,0,31,16674,0.06640064836260469
21,0,31,16617,0.08448030318525127
12,0,46,5767,0.22321442914881234
20,0,21,4276,0.06582832491534685
42,0,63,14898,0.12182689895408577
5,0,26,15440,0.06664128125880936
22,2,36,12987,0.1315941578826677
4,0,35,3376,0.13943207883870534
57,0,58,10438,0.08602646141891963
44,0,48,5482,0.06632896184082392
16,0,62,6140,0.13347747002998395
14,1,61,11783,0.15289799778302063
8,0,55,19711,0.19740628775477476
29,0,27,4367,0.19519920525926093
45,0,47,5335,0.06398347140501633
36,0,47,5302,0.1375928725638476
53,0,34,4569,0.21875376939489105
22,2,22,18894,0.16939787104997467
18,0,22,2643,0.22097148697297253
30,0,37,4296,0.2401718191135645
14,0,53,13350,0.11685505741302045
58,0,28,7338,0.07659125242599962
13,0,63,18073,0.06678460831971536
30,0,33,12059,0.07528390847083488
32,0,51,3116,0.18649697965970796
6,0,23,9919,0.07391301487449371
29,0,22,2536,0.2404815044112376
28,1,43,8820,0.1817965895928796
17,0,27,18136,0.24110584932074886
10,2,48,9852,0.16270119473124262
5,0,38,13380,0.09046377152600982
3,0,31,8051,0.08363534950609644
30,0,64,19395,0.20357780270394765
8,0,38,12118,0.0500215646608351
57,0,24,14350,0.2250568597953384
16,0,27,16036,0.055901108933527247
40,0,34,15548,0.17088694368933569
41,1,42,18876,0.12777319224800987
31,0,45,9503,0.17231368521320758
53,0,40,3658,0.2064329792841731
9,0,25,5147,0.07239084594433104
16,0,32,5183,0.23925915031093786
17,0,26,11598,0.16915581211434186
10,2,43,2204,0.1263921396437978
19,0,24,7485,0.24581621496315126
20,0,55,14733,0.21232489078883449
46,2,43,9659,0.08241356794191163
20,0,33,7034,0.06770950168240358
52,0,33,10555,0.23457704339024377
47,0,22,3019,0.1669734721606302
54,2,22,1018,0.14268847457905126
8,0,49,14537,0.0654607473156422
59,0,43,12366,0.15835509473392634
37,2,26,13897,0.1042975170463157
58,0,53,7491,0.08861903421763911
23,0,63,4829,0.1282121622480657
57,0,50,16336,0.05713778445506812
36,0,59,14796,0.1695728341725109
7,2,51,1597,0.17422059634527115
26,0,61,19357,0.18899985713296563
10,0,45,11345,0.05456891518663518
56,1,56,6239,0.08511644486996026
20,2,55,7520,0.20447045506724754
15,0,35,11187,0.1649357803829783
34,0,23,2319,0.05181092832417396
27,0,39,2078,0.1961405147216005
8,0,29,8567,0.13332039378421204
49,0,59,19145,0.10261463704385909
51,0,51,8480,0.20085058428375724
45,0,60,17230,0.12207295724644196
38,0,35,15189,0.1407226973016254
25,0,44,17026,0.2221554587639024
33,0,31,3464,0.07993815912684953
32,0,41,19952,0.16313152947535842
12,0,22,16692,0.0707898272411358
7,0,36,17236,0.2455712585411053
17,0,59,1434,0.1123710974717182
28,2,48,5693,0.23204558495522842
12,0,57,10556,0.12340174592978333
9,2,54,12794,0.21923445872245118
51,0,23,13155,0.2029211441708077
24,0,42,19582,0.09650991877101354
36,0,34,779,0.17938423524353692
32,0,26,5379,0.09666834980160588
44,0,30,1848,0.0537952513443166
45,1,21,10899,0.11009569124770191
19,0,30,5833,0.19211159001652772
51,1,50,12525,0.08570863794384039
24,1,32,7938,0.17556036452644513
50,0,52,5466,0.20297723843565796
26,0,34,7256,0.11206785549223171
9,0,23,12810,0.07041534531480105
46,0,52,19440,0.16931836302589975
4,0,28,3824,0.0762711863497879
47,0,63,3755,0.050519615842555536
5,0,39,19276,0.07614681880194557
14,0,22,17869,0.10332955066096759
37,0,31,17886,0.18547584828606595
56,0,35,18919,0.11651892090720853
26,0,42,4668,0.23371371436368232
9,0,50,3924,0.19845254937201767
16,1,34,13249,0.24749421258558496
54,0,34,15292,0.18305908670872134
44,0,61,16730,0.05427783632529548
8,0,29,19964,0.07977621389530354
24,0,53,17998,0.10391866374629855
18,1,28,5333,0.19066624562281875
13,0,32,6229,0.1790524760141754
51,0,47,10303,0.09104475739674214
38,2,25,6316,0.1896121815599065
13,0,27,15297,0.10580989388814022
40,0,58,16542,0.1836917551633887
26,0,25,14828,0.11215763266635269
6,1,27,677,0.09206408882606154
28,1,53,16746,0.1489682872261034
13,0,41,6101,0.24614989178076524
16,0,36,7290,0.17931797828971446
53,0,57,11406,0.12032827754624101
43,0,60,2852,0.15368893845310563
10,0,26,14780,0.1377215659838797
51,0,42,13690,0.05626875303798387
35,0,61,9233,0.18485761883218493
52,1,26,7121,0.09109952644462989
45,2,39,6046,0.1568455284645185
22,0,29,13098,0.0641820712866249
33,0,27,19786,0.20805945589643665
33,0,59,9731,0.053485820910017946
44,2,49,19509,0.11429261085983143
17,0,26,9442,0.1266634112278662
21,0,35,581,0.2044747007218441
16,0,34,17689,0.24471743555633324
19,0,61,7358,0.08826633455029156
12,0,34,12988,0.07781166428709173
5,1,25,9658,0.17434040626395708
56,0,64,12677,0.09345952001832103
7,0,23,15375,0.054843694962397854
53,0,63,19431,0.09636213841874111
3,0,35,19195,0.09690485192885055
47,0,51,5760,0.1603062180334734
21,0,44,931,0.14000590874348642
32,0,31,13926,0.1166891692479172
19,0,44,4464,0.10781834410272101
30,2,28,7432,0.1035741042495063
28,0,43,15192,0.22235139045616337
33,2,23,12178,0.14216202830115157
25,0,31,12174,0.2209849720769993
33,0,23,16433,0.24915032783740904
50,0,48,12827,0.14912070643257247
27,0,62,18494,0.23569883675936676
23,1,22,4349,0.0849171529961263
10,2,47,8828,0.11195706301736624
23,0,43,9119,0.1817815071569593
10,1,29,16725,0.09760303512031983
13,0,51,16786,0.16835301023898847
57,0,55,7033,0.22979030300837733
8,0,61,18427,0.2447228742733899
30,0,24,13390,0.15697516671724537
50,2,28,5095,0.19734360294613207
57,0,43,17613,0.17064671771938644
11,0,54,3850,0.13398135665721705
12,0,29,13865,0.12129974043061516
24,0,36,18679,0.17282995867277406
34,0,40,14261,0.11912552228348049
57,0,50,10280,0.19980045608298586
14,1,31,16833,0.07523429231200854
12,0,34,4193,0.19371831482787955
17,0,27,5422,0.15221251508929162
52,2,30,13076,0.06635589576756717
4,2,61,15064,0.21791289055542734
24,0,53,5841,0.15997148084956664
9,0,61,12934,0.19697215326610462
11,0,62,15889,0.07474347628706964
55,0,42,11144,0.08103215779899856
3,0,28,3683,0.22572676978398604
21,0,55,19514,0.14336494801008318
55,0,64,7477,0.1091782717848991
37,0,29,8544,0.15377558296115446
7,0,54,11669,0.1243012614814904
29,0,38,5079,0.24476394960333875
58,1,61,1941,0.08939764588721805
25,0,30,16865,0.1560139864100403
33,0,49,15178,0.11648196888951468
33,0,24,4109,0.08302264840559148
40,0,61,10546,0.18629799736486197
13,0,39,15032,0.07739549477794079
50,0,42,19676,0.10490522570408436
59,0,53,18600,0.14747180697147383
11,2,31,1795,0.13475483869979377
49,2,53,16520,0.23211119067890917
49,0,26,3270,0.1801941630269393
45,0,40,12846,0.06388335249186042
24,2,35,12043,0.07864208438897669
29,2,40,18501,0.1672448205858268
50,0,46,11860,0.09509710560169787
11,0,47,10033,0.08914180849987674
50,2,30,12317,0.24751125006211283
55,0,62,1975,0.19189627953237925
41,0,50,1085,0.11049364350620568
22,0,27,14831,0.055564618669602744
34,0,27,10192,0.20902088521965934
5,0,38,14478,0.16544755782380652
56,0,63,9930,0.11226654001030477
22,0,60,17374,0.15546525427892136
6,0,31,6589,0.22930034405807082
48,2,45,8418,0.06268957911325096
40,0,35,5665,0.19639819185939345
38,0,55,3328,0.2225504354867796
6,0,53,2794,0.15410003569894273
45,0,41,2502,0.24218005181173652
39,0,36,2444,0.09633502945301305
48,0,61,7235,0.1942438271708456
50,0,39,9183,0.13497231539292293
15,0,60,15962,0.12581314557403403
15,0,22,16577,0.17726031844975587
55,0,40,10666,0.17188899808106667
33,2,44,12055,0.12343546687450013
27,0,21,3823,0.12509940891184906
19,2,23,5603,0.14597829866001988
39,0,45,5215,0.2485680660625978
45,0,53,10148,0.20970050257783224
3,2,29,7294,0.12325955416486128
34,0,60,4599,0.12263438118980184
59,0,31,9865,0.22935128399965643
18,0,23,2810,0.2058517635707564
19,0,39,16869,0.18070978362696355
53,0,25,15271,0.19282538730420357
6,0,40,19850,0.06139895091926813
25,0,22,5742,0.06852563898404618
29,0,58,12185,0.11314616821006396
48,1,49,16332,0.14451845748100306
10,0,22,8089,0.19219803005935948
27,1,61,18720,0.20642597400492446
11,0,33,4075,0.22695797352252317
47,1,43,3842,0.10418796511360616
39,0,48,10464,0.1996004239027322
31,0,38,7420,0.24893712553299951
25,0,48,12455,0.09163716133928086
11,0,28,17127,0.06394243379524611
55,0,34,6875,0.22930320557353118
39,0,50,14936,0.07697952742915078
21,0,28,6816,0.1939552876551704
26,0,34,1355,0.12746507166447812
44,0,33,16655,0.12110352485086112
44,1,26,10696,0.23811779518874565
29,0,60,13369,0.12022839518918181
20,2,64,7780,0.13152958443702303
40,2,32,9280,0.053139105460009994
40,0,58,16474,0.08671031519666234
37,0,42,11375,0.12229758713294103
7,0,31,3394,0.18318713273448983
29,0,62,10342,0.06278668716137469
37,0,26,3125,0.1199015654753568
57,0,26,3900,0.12305403267491138
32,0,39,19710,0.20820246946581888
22,0,59,17471,0.10499697126997812
34,0,34,17405,0.2283833393669394
13,0,53,2274,0.23879378462531314
8,0,59,19953,0.09431669848942932
41,0,42,4654,0.1255521183272975
59,1,26,3972,0.19669196141954698
51,0,62,11453,0.10372820339265974
36,0,56,7924,0.2152028456663535
5,1,24,9492,0.2447769515300251
59,0,46,17381,0.17627244247356022
28,2,58,12109,0.08225979811602852
19,0,45,6335,0.050386989572201696
53,0,29,18434,0.13197664978355977
45,2,62,14261,0.09537763547582655
45,0,36,6076,0.20478379521765094
18,0,21,1559,0.14396086302969793
59,0,26,3438,0.17644588810707634
28,1,41,4475,0.1712522015024455
33,0,42,2865,0.05725831138028037
45,0,48,18526,0.19159906931389353
40,0,28,1651,0.21514203116352915
12,0,25,18993,0.14424529448793869
20,1,32,15919,0.16641013810787963
23,0,23,1978,0.07875639416186553
57,0,23,9420,0.18174356509593265
43,0,49,634,0.23792564434261454
23,0,34,5488,0.19239110601535808
44,1,27,5771,0.05289444483045902
45,0,28,13644,0.11188445464788413
25,0,56,4223,0.24078588934132145
25,0,51,15658,0.183648348742323
53,0,22,14244,0.11493858059331095
35,0,49,18774,0.17009032660788875
11,0,48,11248,0.08265865267455648
44,1,50,8289,0.23492817321191434
36,0,55,14526,0.12799523411648375
32,0,50,13943,0.08841841720998411
44,0,52,4596,0.06498326701483542
54,0,25,5777,0.05699573098711208
21,0,61,12972,0.17901301734961145
26,0,30,17376,0.18628696848841136
13,0,54,10727,0.18170897307081574
39,0,53,18219,0.11282558936555023
25,0,42,11148,0.20850481481408922
22,0,42,12789,0.21797988519729222
42,0,60,7621,0.17061479125777823
26,0,48,13349,0.17309924078376174
29,0,32,2000,0.08848898560304559
28,0,23,13362,0.22161872184937081
17,0,26,8327,0.06692103359306567
10,1,37,12035,0.21046662255516185
50,0,50,19755,0.13373036309194863
8,1,40,9056,0.06962867549850567
21,0,54,13704,0.06228013322812025
41,0,51,14936,0.2476970131707263
10,0,52,3777,0.16380725857123968
40,0,61,19544,0.13887881053407158
44,1,24,11331,0.23508521677237854
40,0,46,15043,0.14260652414052213
20,0,36,2973,0.219398765770764
4,0,54,6536,0.2207376096235295
53,0,56,18809,0.20001282150388866
21,0,49,10258,0.0690230077184046
48,0,53,918,0.24092974998789474
14,1,61,12142,0.1754621216753544
12,0,45,17113,0.13170027982324128
47,2,56,2103,0.20328831424515392
56,0,25,4209,0.06478627212135102
52,1,31,10093,0.08569683988384498
45,0,60,8311,0.18552387992602065
17,2,30,2497,0.17591164853329616
55,0,21,4245,0.15487925331344882
41,0,61,10455,0.18492050729575266
12,0,36,12186,0.2399796067169982
10,2,47,2196,0.07606044851803989
52,1,54,14500,0.11856801447385382
18,0,40,7546,0.10868980334869448
46,2,21,19974,0.23704428917390225
10,2,51,19112,0.08744208541461637
18,2,49,12562,0.12355830729335236
19,0,33,645,0.23117045092906813
19,0,50,2972,0.18400795175598023
41,0,56,5848,0.05623215221514069
55,0,64,9091,0.24204270639226066
54,2,44,7748,0.06202810798840866
45,0,23,15615,0.15437935031700026
14,0,59,12005,0.09842621168015626
57,0,40,6282,0.1763733882765428
33,2,49,19326,0.10672465048783826
34,0,60,17954,0.21351515668269772
42,0,32,12975,0.1630376952253744
46,2,21,4764,0.11258077946016559
57,0,63,17928,0.22312352688510506
36,0,28,14742,0.205447110482325
37,0,38,3670,0.1486276745659763
45,1,55,3896,0.14824448423906778
17,0,54,6127,0.14357578655631975
20,0,28,12780,0.15801430414093567
38,0,32,17797,0.2216332076120674
6,2,51,3208,0.0647540943903771
21,0,39,600,0.12768575119264514
43,0,43,13817,0.20002543939204726
58,0,53,9348,0.2428115312451612
32,0,58,2023,0.08063087094363137
25,1,51,9331,0.0586941938763089
28,0,28,1276,0.21101989371046465
42,0,62,18951,0.24408227237418023
34,0,45,17318,0.19293781635941204
4,1,56,9259,0.16080989130226486
33,0,47,16562,0.09667599691774519
25,0,35,18173,0.24167222053503973
42,2,49,1086,0.1944543806066215
52,0,58,11913,0.18882151407958409
57,0,57,4829,0.2263917418817069
37,0,61,6349,0.2251314589151362
23,0,23,12884,0.06613620464905322
28,0,62,3391,0.05399226554146455
13,0,35,18420,0.09454032579431414
56,0,60,10058,0.2320583093070519
51,1,44,17459,0.15672991540629422
51,0,51,844,0.17950515773497383
21,0,55,15932,0.11919760517180732
21,0,56,7036,0.13496946863385442
51,0,35,14268,0.11000463843854305
34,1,49,10699,0.2380709168852116
43,0,45,11716,0.13241095808254383
30,0,35,11386,0.2171794397796471
28,0,22,9902,0.08108192742927607
39,0,56,9156,0.1134480113579977
49,0,39,19470,0.08629048259664625
22,0,31,19297,0.10868488611971959
49,0,35,11959,0.1835213237544034
16,0,39,3390,0.07829088329682166
25,0,64,1533,0.15719512831319898
55,0,36,19951,0.0506249255836641
57,0,26,4096,0.2466208069766163
55,0,28,13981,0.057117445713767846
21,0,61,14354,0.20087875321854587
51,0,56,16587,0.223851139617066
56,0,21,6475,0.24924602555948883
58,0,41,12869,0.18002471164842576
4,0,32,9390,0.17131530895075447
45,0,44,4691,0.16151548478597033
59,0,47,14693,0.2029222619601333
46,0,43,15137,0.2241462502317202
16,0,42,10600,0.15554115712094307
46,0,51,17039,0.19403224879658681
8,1,52,12619,0.24248066466848434
30,0,28,15162,0.0723707603750246
38,0,51,15128,0.16794536128157078
29,0,43,17541,0.06347326138929049
42,2,38,12941,0.13712916154475122
16,0,32,1738,0.19522969140034052
37,0,45,19246,0.12606090035569395
39,0,63,19258,0.07002100193622295
39,0,41,14697,0.2159801704487994
19,0,23,18814,0.09879881956985377
20,0,31,4520,0.15046798004072393
17,0,61,17991,0.07996168642930145
29,0,56,3007,0.2478661587060122
36,0,23,12929,0.12654145666933264
23,0,56,10485,0.2143350656576864
26,2,25,17010,0.12691051230168532
19,0,34,10902,0.11993043108516588
15,2,60,12295,0.09809898474655426
40,2,49,6675,0.13090754410432065
49,0,49,10098,0.22505090972261188
19,0,30,7684,0.18233119594388753
52,0,35,18654,0.06061787175171207
35,0,25,11107,0.15821679135735595
12,0,46,4547,0.1495535578035378
23,0,42,1380,0.18738991596835258
3,0,28,17105,0.20106375831018397
5,0,33,12674,0.16314669416668814
22,0,23,9090,0.2251799535468788
28,0,23,6051,0.1784056142157891
48,0,23,6192,0.11760344603870337
10,1,35,12620,0.12526529368653488
50,0,32,10370,0.22170719057000393
16,0,29,10899,0.10196483694148675
10,2,28,12927,0.07850849410321614
42,0,62,18582,0.20046352532444228
47,1,38,4063,0.13549759428617306
37,0,43,12770,0.09533400318619756
9,0,59,15147,0.21591843431175678
9,0,64,10041,0.08699272448979256
25,0,37,8195,0.19648714905927883
28,0,54,10773,0.11803676133405926
59,0,38,14222,0.1924713924131065
19,0,32,7183,0.20457746129868826
13,0,26,3564,0.08145483782528581
56,0,36,2130,0.21496361474818776
11,0,64,1591,0.17369030603755656
4,0,28,18125,0.22181536490440096
27,0,27,3650,0.0562888682822001
25,1,32,13373,0.20136736289673424
38,1,35,4020,0.24718392378729764
53,0,37,10739,0.19057784602136618
56,0,62,15349,0.23355996633494386
19,0,61,3355,0.13295112481771287
58,0,41,10105,0.1903207843331189
39,0,60,8766,0.16344201117302082
6,0,35,15398,0.11704309914956763
56,0,38,11545,0.17464102155919453
10,2,52,15065,0.12216887442585736
36,0,59,11950,0.23987344624224843
48,0,22,5282,0.2095284515707454
17,0,46,11551,0.22417459711768012
18,0,35,18262,0.17714232673492458
30,0,38,8410,0.21809126411641894
53,0,46,15496,0.12336702658595385
15,2,43,13478,0.18228605280354482
40,0,64,2164,0.11675528379092853
28,0,40,2185,0.1688940574593153
9,2,63,11660,0.06428641467074242
43,0,50,4290,0.20840862576042957
50,0,48,8547,0.1343437480551662
35,0,44,9199,0.24679309666879984
13,0,35,9459,0.221648598130968
11,2,46,14648,0.17287058305396258
27,0,45,7658,0.10317199453518627
31,0,25,2493,0.17597777653519203
34,0,62,10177,0.2013424418958059
16,0,60,17386,0.14444402530151573
31,1,50,7434,0.16849670666228594
19,0,50,15392,0.2252584794727639
42,1,27,9525,0.07743910665731679
48,0,47,4278,0.14989561698686482
40,0,63,11122,0.2231700849413103
3,0,26,9890,0.12823118524501081
59,0,60,14746,0.2268181616433645
4,0,36,13902,0.1616410235955072
59,0,30,3454,0.13027057846257045
4,0,60,1614,0.24831217320321086
32,0,49,3103,0.08237547979537463
9,0,56,13518,0.11945788198396452
8,1,59,10208,0.09395857826653242
41,0,21,7861,0.24661046777998152
44,0,30,9762,0.08004768161032338
9,0,31,511,0.07387000736654731
58,2,61,11495,0.10278257157458102
21,0,44,3655,0.17171759797255293
21,2,28,12460,0.10295598214383679
19,0,51,3576,0.11542121277412037
29,0,36,5845,0.1568206152406612
13,2,46,18912,0.17721998012213347
27,0,62,13130,0.1659606445398814
14,2,32,17747,0.17299353889937374
5,0,62,10165,0.18418116456610717
24,0,53,14614,0.22545225817026604
41,0,22,10169,0.1850165426580559
46,0,38,12780,0.19418916134511244
23,2,59,12081,0.1293034764981289
21,0,58,585,0.23893138387064644
47,0,51,12436,0.21165092262350094
41,1,51,3049,0.1665532639965645
50,0,59,12529,0.13968544168913927
54,0,27,2835,0.05378327188716643
49,0,41,16696,0.24730000292677923
56,0,36,11921,0.07830032013436967
26,0,64,10240,0.1518165573494003
25,0,54,18776,0.11836048650371225
21,0,53,18850,0.11521030331961324
16,0,25,5955,0.13389233872555562
45,0,54,18955,0.1644894979307138
43,0,57,8753,0.05200068787368846
48,0,39,7039,0.08081799685306534
12,0,58,18864,0.17263716873869486
31,0,38,17684,0.1978693215466542
15,0,49,17158,0.1850180893767422
53,0,30,8708,0.24819794707813725
18,0,43,12003,0.05954548182206516
11,0,23,19498,0.15303908019253
35,1,26,1301,0.13369732311527172
53,0,60,18584,0.08978308934343696
55,0,51,18712,0.22809749795696943
8,0,46,9070,0.07870477879166014
21,0,38,1236,0.1509184442998291
11,0,45,7314,0.08842654080835564
20,0,52,2567,0.1372960235197408
33,0,35,13877,0.20810428795316904
18,0,35,7433,0.19011878800938492
6,0,53,7667,0.19008262682376154
32,0,44,11515,0.09301428710713222
6,0,38,13377,0.054571327275378195
15,2,40,3039,0.194013438016846
3,0,56,8716,0.0712219839417684
7,0,43,2330,0.1280384263364316
27,2,24,10286,0.21878456093999715
51,0,57,6961,0.13189603317776058
47,0,31,7885,0.14308607656870725
8,1,24,4033,0.24158784371010011
4,0,33,16035,0.2318119834344063
22,0,26,5969,0.06817502108960181
40,0,22,12226,0.22336943320524955
45,0,51,13080,0.14891966549706104
49,0,50,13823,0.20959455468642496
22,0,34,634,0.12042433835290745
12,0,51,16508,0.2414451049691358
4,2,22,13213,0.20931152393491487
11,1,39,16026,0.13988143947929643
6,0,46,14921,0.12214391764145219
52,0,55,10435,0.09220921607055824
18,0,33,14991,0.10507881397435395
49,0,62,5457,0.13841284979848567
34,0,37,7141,0.1208436465265931
33,0,53,7586,0.1788233986475421
28,0,28,8093,0.17710793215439452
49,0,50,11264,0.08869856887077124
5,2,45,14841,0.10215215773441964
8,0,40,5155,0.059039408692612066
27,0,32,6895,0.12649154449253933
25,0,45,15726,0.14469012192051356
34,0,39,15732,0.07101858272598603
45,2,33,4972,0.06702581709731326
36,0,44,2516,0.10356241678035663
17,0,31,7036,0.14828481333304502
21,2,49,2820,0.24668688508643966
45,0,22,12838,0.23301479404807474
14,0,31,14543,0.12968360974462967
31,0,42,14105,0.16121663377270193
33,0,26,7128,0.16193245847998985
45,1,30,8195,0.11861651005366661
43,0,39,9958,0.22137263329954288
29,0,41,15236,0.10832310589657662
20,0,36,19052,0.13542084108699995
23,0,56,18088,0.23137990163211758
26,0,43,7108,0.11918438433231027
15,0,37,3705,0.1522178824217757
38,0,43,1518,0.22411720605394952
14,0,35,18360,0.11550100711745287
39,1,23,18882,0.2423403382502824
45,0,40,10992,0.09071031228159494
57,1,36,1835,0.186834741262689
9,2,42,9252,0.062007405002843435
46,0,43,14589,0.157418672537745
7,0,32,16018,0.08187862575694332
22,0,41,15728,0.17569575489769845
13,0,47,15789,0.1733644723488506
12,2,31,2362,0.13329263522808715
12,0,22,13809,0.2349661207074284
5,0,29,19844,0.22828101257023387
49,0,42,8465,0.19699623147163403
6,0,51,10504,0.19393037267722163
25,2,49,5711,0.06364560855410405
42,0,55,16127,0.11471127439547268
59,0,41,7527,0.0906324547306595
51,0,59,19756,0.1277093506892697
10,0,64,11679,0.07183399605138555
59,0,21,7156,0.11365252292551886
40,0,27,11497,0.16418568014340584
13,0,38,1277,0.08323821164291852
28,0,40,18516,0.07115105093930146
55,2,30,9426,0.19133674199900558
25,0,33,9405,0.09938525894151143
13,0,22,8487,0.14564252162550229
52,0,60,13499,0.21768825708126938
57,0,55,15727,0.1257099031788413
58,0,28,13370,0.06971456642233023
57,2,38,2958,0.20706703219132594
52,0,43,14767,0.19770153671028062
28,0,40,13063,0.17204331623565688
13,0,39,19833,0.1575834100118379
38,0,45,5684,0.20043813315700904
15,0,61,16139,0.12065339956627968
29,0,44,17588,0.11593819862073784
40,0,45,1273,0.17548279373549797
56,0,32,18369,0.08328579034862421
19,2,41,16326,0.17664445881553037
17,0,50,16157,0.2234129044700407
44,1,46,19997,0.15302403030059947
3,0,42,4417,0.06658582664452684
35,0,52,1239,0.182572695282042
45,2,30,12473,0.22386481431042254
34,0,22,12145,0.08936920706124096
24,0,34,17194,0.17243645576448408
50,1,31,12188,0.08942397205216031
24,2,61,2670,0.2139442213061165
43,0,31,10735,0.10056753505330751
29,0,61,8027,0.1758858156196348
4,0,39,17568,0.16786380659872913
33,0,52,14254,0.12495436968196448
5,2,46,16379,0.23009324606414477
56,0,21,14795,0.2302619104009106
37,0,61,3854,0.11801692351309773
24,0,41,17260,0.11961809612578345
30,0,45,2508,0.18096931350070566
38,0,32,5660,0.10679875868199791
17,0,28,3748,0.11076478144643348
19,1,22,2252,0.05411529812226401
26,2,44,17791,0.06878853617254772
17,2,34,3107,0.1816069840057204
46,0,39,2418,0.11416058326741918
8,0,64,2336,0.06624790371696498
50,0,49,13100,0.23604131096397557
22,1,53,4970,0.10914055276694373
34,0,49,13823,0.09182121125464618
11,0,28,5664,0.1544668991976237
24,0,50,4753,0.2161424731530749
46,0,60,3741,0.22452439758544845
18,0,64,4980,0.11101731204009023
10,1,23,5099,0.19843178114428178
32,0,22,16796,0.15463464355262582
12,0,64,10880,0.16906168464444254
20,2,54,8691,0.13800309443640807
28,0,21,18077,0.08544971480993752
35,0,58,10239,0.21408663688675128
39,0,62,17576,0.15882325258187227
41,0,31,8244,0.13037062979370778
51,0,30,19636,0.18506648798852032
6,0,54,4072,0.13512963469814726
23,1,34,10546,0.21982184652632164
3,1,25,9066,0.07713887136089903
3,0,51,17832,0.05598425242977667
15,2,44,5751,0.16387878749190327
37,0,33,7192,0.10136873928517441
53,1,35,6353,0.07364267719362966
47,0,41,12599,0.05606578408574101
39,0,31,4433,0.20407582659956003
47,0,23,9802,0.24196132201438747
12,0,49,12717,0.1731498565286525
50,0,33,4699,0.20452517791952912
53,0,38,6093,0.21769429927043615
8,1,34,3234,0.21108510786534912
29,0,28,3730,0.11535190155203774
50,0,44,18509,0.0504702782155448
30,2,47,16264,0.17562597663503443
50,2,43,4273,0.2395164737398187
56,0,43,11729,0.22750488364746008
30,0,52,2561,0.050950951810892646
6,0,22,17248,0.23084136449626208
22,2,55,15337,0.052171761879099665
15,0,57,15737,0.15628008127303872
30,0,27,6600,0.2205311153781715
36,0,64,7750,0.13320787964283354
29,1,41,17557,0.18677043554354755
14,0,36,11452,0.09649828825335345
20,0,34,11845,0.24402604707907533
41,0,64,19746,0.05881748883940439
4,0,45,16531,0.17645418003057495
15,0,64,7481,0.056954524726145574
53,0,52,1478,0.058362604689962176
8,0,41,5170,0.10406400979207309
26,0,22,15248,0.05303862638135329
14,0,61,3681,0.09146695955621476
8,0,31,6433,0.0807899004425514
27,1,55,18828,0.232382574821002
32,0,26,9056,0.058289189540665844
13,0,57,5366,0.17236143458970293
7,0,22,11187,0.18410828209325647
10,0,26,18588,0.21420517931257727
40,0,34,4696,0.12347452059918572
52,1,55,12040,0.08632432279817631
13,0,64,15996,0.07435976437144198
21,1,31,12006,0.0785058285629048
22,0,46,17664,0.15480317155571782
23,0,53,8304,0.16935986305143552
16,0,60,15942,0.2076848134267012
6,0,31,8221,0.210891967753904
32,0,25,1670,0.21855588747754673
23,0,55,6754,0.08193630521149303
22,0,22,3290,0.19906236653960763
18,0,60,14723,0.0645451776626333
55,0,38,8320,0.2261113351165805
37,0,43,14905,0.155071718318342
26,2,42,15078,0.17830587514450724
14,0,40,10858,0.17395750720836659
48,1,21,18596,0.1615957386429621
53,0,27,9254,0.15466997959473489
4,0,36,13972,0.23442138102280585
55,0,31,12894,0.11967459841255829
42,0,56,14362,0.20575885569421676
8,2,64,10082,0.12239086423133966
45,0,30,8841,0.05917798017872278
9,0,53,16571,0.1256012223569441
5,0,43,18070,0.08017730488599979
9,0,54,1770,0.1381168228125778
29,2,54,19567,0.06640119976189118
38,0,56,18100,0.20708944262597578
26,0,63,11892,0.168170737340737
9,0,46,10727,0.05757199446864843
14,0,61,9421,0.17910418898744124
51,2,40,10429,0.24092764102831127
57,0,23,3934,0.06265867348083286
45,0,36,8124,0.12134267914924686
8,0,51,18962,0.22895302061050576
49,0,22,10879,0.056687772894131606
42,0,57,7579,0.23371893353838136
32,0,56,4796,0.24774946147387222
11,0,31,15538,0.1279951235371758
59,0,59,10197,0.14299897682214902
28,2,55,11783,0.2476341242884304
5,0,36,8265,0.06198003712915617
14,0,61,1179,0.11362779735082558
25,0,43,6232,0.06269344565778892
6,0,40,12048,0.19926631926078042
21,0,46,4637,0.18024130084785656
29,0,64,10371,0.22268992869866916
57,0,49,17274,0.08805105139844248
7,0,43,4183,0.15902098439646495
35,0,49,17078,0.19260326764457464
55,0,53,3219,0.10637040541866492
48,0,29,9959,0.22793318490430886
55,0,44,13159,0.08957679126676794
12,0,51,5013,0.07364107490000481
48,2,29,4992,0.10619677588863863
58,0,54,9282,0.20953282640184046
21,0,21,902,0.19283459265531194
31,0,21,18549,0.22823269222382098
33,0,38,5524,0.17335785544915688
31,1,48,15698,0.23363361366509489
19,2,26,6120,0.1586407478684811
58,0,39,16247,0.2336694765285126
57,0,29,4085,0.22403634987140908
24,0,59,14203,0.1446883736360498
48,2,53,14550,0.05129430435745881
25,0,62,14618,0.24715276460969554
48,2,37,1562,0.14941866713188362
36,0,46,3417,0.19818973923208927
29,0,36,17470,0.14045615809357517
10,0,38,7263,0.1224158672320299
40,0,45,16150,0.1216458210821777
21,1,62,16723,0.12106379294589086
15,0,59,14021,0.16588688897598153
14,0,32,3956,0.2115552526238006
58,0,34,7026,0.1638091976697128
8,2,42,1965,0.15519873152307498
48,0,54,614,0.11132709350754727
52,0,36,17004,0.14256398966446931
4,0,23,9797,0.0859592843674333
36,0,27,15724,0.19893553545628262
35,1,38,3551,0.20663549848343438
23,0,60,3583,0.09769948322468401
41,0,51,11486,0.16340162604118638
26,0,32,10798,0.10695954976803468
28,0,47,8563,0.24547999534706294
27,0,55,1313,0.10976742090207843
48,0,33,5634,0.22280997970217437
39,0,54,3396,0.19006421178213545
24,0,49,3737,0.2431205606584147
55,0,50,5516,0.19389321768839546
48,0,26,13499,0.17183414200231156
56,0,25,14228,0.14208952584732862
44,0,41,16140,0.14422693817110435
25,0,38,6446,0.0502485359492497
47,0,34,11040,0.2493837752594132
21,1,61,16304,0.16352520948148455
18,0,31,10006,0.16739331868778465
28,0,37,959,0.08608891947459071
58,0,23,10183,0.1363992884665911
35,1,21,584,0.09381686508996559
24,0,35,8045,0.09376474573258127
29,0,52,6346,0.15950806064771228
19,0,47,18347,0.09817919166092717
40,0,51,14753,0.183319812796989
22,0,54,13343,0.12532720656614618
34,0,46,19055,0.12533928823299126
24,0,40,18874,0.19044111535317015
21,0,36,6651,0.18414451657622538
58,0,22,11255,0.13073503752595406
22,0,35,11359,0.23601729830258839
7,0,42,961,0.11565005079198792
24,0,31,1306,0.19367403701735003
33,0,27,7110,0.20873776459449372
8,0,47,524,0.09365306524095277
20,0,42,13954,0.14484028343541855
12,1,64,807,0.05419274309739777
31,2,57,4936,0.11601895085641507
44,0,55,2397,0.10399530955639835
58,0,42,10249,0.20429647971665205
25,2,49,17549,0.09414500255728105
52,0,59,1556,0.05508712327417471
15,0,46,13007,0.05473063225984636
47,0,32,11068,0.2027428428208371
35,0,52,18017,0.07867418648788445
46,0,26,12116,0.17880795459155407
46,1,43,16780,0.09031232447973331
33,0,58,13980,0.0943245081572775
17,0,58,15419,0.21128713776998792
32,0,55,9971,0.18640771600806288
50,0,46,7397,0.1809039669240184
58,2,36,10482,0.2357350018227135
55,0,31,3113,0.22404149323941042
13,0,42,14385,0.2193652547808173
37,0,45,2515,0.07722572848203071
8,0,35,18689,0.08319546657898519
41,1,31,987,0.2464176646054665
59,0,54,2690,0.16530527416196797
5,0,44,3966,0.1598795639652684
40,0,42,4079,0.1511388362731304
56,0,56,873,0.19715919069064552
51,2,63,19706,0.1689308316350978
25,2,53,13912,0.07997818043181111
8,0,55,6358,0.0704911968228767
55,0,32,8082,0.11056552346536092
55,0,58,4917,0.22400962122666696
36,0,53,10799,0.1304453973053778
58,1,45,8224,0.22445543897834624
3,0,26,9837,0.16455459386745533
38,0,43,8297,0.23590352133494558
5,0,49,6026,0.2268876645490447
56,0,29,10342,0.12519327745425346
41,0,34,2733,0.16023028089426988
55,0,55,11366,0.19194351782629382
35,0,48,11074,0.05913098523105949
7,2,31,2838,0.08198062788798983
4,0,58,17343,0.19600927992885042
22,0,58,19052,0.23290811302082065
45,0,26,15119,0.1107295844645023
11,0,23,19010,0.1288029907810584
51,0,51,18663,0.22488490568667646
16,0,24,14913,0.10323680719923611
31,0,51,7441,0.2352163771623904
14,0,44,4564,0.0782212206961368
29,0,54,16991,0.10041823305948827
28,0,22,10010,0.057087729179984906
3,2,63,14590,0.06869940009524389
35,2,25,17866,0.10101995845747391
47,0,42,18888,0.18102897426465658
56,0,56,13818,0.09017360838449183
21,0,26,6111,0.2378614860020492
53,0,53,2094,0.11973305040826916
53,0,51,16170,0.15373230047121447
59,0,59,970,0.18299160584938862
24,0,44,10409,0.07727014601466478
51,0,34,6234,0.18754090320634254
35,0,56,9016,0.07411322097773701
6,0,27,17632,0.21525640410572022
18,0,55,9582,0.14761547725432628
41,0,28,3386,0.06787901547961002
12,0,53,8935,0.1915272391432457
27,0,22,2469,0.06531581198662562
47,0,38,17602,0.2449075312422403
11,0,59,1268,0.14072418720264868
31,0,41,18916,0.12658305196293013
15,0,22,4819,0.11291559714230369
33,0,61,13428,0.13998342996142177
16,0,47,17718,0.20623278093768976
58,1,40,4259,0.1540311293443253
7,1,60,18638,0.17866317510636132
57,0,46,8699,0.06147822615213681
48,0,47,10442,0.2203358477466339
51,0,51,7434,0.15568066076601011
51,0,28,19737,0.15477873756717064
13,0,26,13584,0.100470179602915
56,2,47,7487,0.06545592393524731
36,0,54,1871,0.11721295124626213
57,0,63,17902,0.21369875784287012
53,0,21,13255,0.15940732986560413
36,2,24,2954,0.10272331977278591
24,0,64,9602,0.16861862407427464
9,0,28,5663,0.12025961246370297
8,0,46,5590,0.09473839879504625
25,2,41,9843,0.19797757707137648
49,0,28,1738,0.08345015872478163
31,0,54,5296,0.1669751216653373
30,0,55,1533,0.19673538431474596
16,2,33,18828,0.06232845527718254
35,0,58,17897,0.18914433288905674
39,2,47,3672,0.05229048751600962
58,0,30,11746,0.21236195741957242
44,1,32,4878,0.1056218001454721
37,0,22,11255,0.08073423053085518
54,0,45,9399,0.07607151136294084
27,0,44,841,0.13714069195880613
56,0,28,15969,0.10762808376939421
24,0,49,15534,0.1437571449916547
10,0,34,1668,0.21911120839807446
26,0,28,4607,0.07099432469625791
10,0,29,2738,0.1021060439895296
9,0,45,7976,0.0726629355119922
53,0,61,9230,0.17741731686460732
48,0,44,13108,0.17461243497081702
15,0,48,12845,0.21969794785003416
50,0,58,3123,0.19590530407239592
6,0,49,9850,0.1898913080100531
19,0,56,16035,0.08210276009349216
43,0,44,17836,0.21383600790189877
20,0,26,16788,0.05146158916598742
44,0,50,6331,0.19298656399005493
52,0,52,10630,0.2129138122709756
6,0,40,3304,0.09531904253841893
4,0,43,7625,0.11235815490198318
56,2,25,5979,0.09842000603099384
32,0,41,5411,0.21390556137614408
31,0,61,17616,0.1341745284196421
29,2,28,14617,0.12269259483857614
27,0,49,17080,0.15045232093501665
42,1,53,7140,0.19610711241166467
36,2,52,8218,0.18209734964459007
12,0,59,16285,0.19155032645394549
38,2,29,1322,0.2394904216982865
41,0,30,14782,0.10102665639055777
9,0,35,13757,0.0913791364394379
24,0,22,7382,0.17997331862582633
48,1,21,18875,0.07921113374232834
38,2,47,4963,0.17869277458295335
10,0,34,7072,0.24120379905522737
5,0,64,7475,0.14169071318580034
36,0,58,7665,0.09294142968286373
29,2,50,7174,0.24897494900793743
57,0,57,9787,0.12658543474781409
32,0,32,19154,0.07277414007071362
56,0,51,9922,0.13322361269498684
15,0,59,12732,0.06753214757486188
28,0,27,13521,0.06663961315617753
10,1,44,13322,0.059503103500691726
35,0,64,6962,0.14084266044778831
13,2,43,6029,0.14180138190223723
31,0,56,7613,0.19668479148839357
22,1,23,7603,0.15883094486167193
13,0,36,16589,0.22203226996390385
8,0,23,9590,0.2245791110889786
32,0,52,18665,0.08418403886260212
56,0,46,19545,0.05825380913129672
14,0,29,13752,0.19126578507792275
26,0,56,13517,0.05199638088417622
15,0,44,2934,0.12877518402444527
49,0,54,3504,0.060800431717376036
26,1,52,14358,0.1417751386699253
58,0,62,19823,0.1399361961873879
16,0,31,16168,0.21914976364561473
7,0,43,5751,0.17911980761704316
36,0,28,13727,0.13050122172639472
40,0,48,12623,0.1518702663526858
59,0,36,1558,0.15982622399372995
52,0,48,17565,0.09523144038108422
53,2,24,7263,0.20507961757812737
39,0,37,12507,0.14344059012114535
23,0,41,7104,0.17756883354821712
27,0,21,18555,0.05636953971229739
10,0,26,9636,0.07217592517807743
27,1,57,17037,0.1679104729162908
23,0,42,18829,0.19884695178387574
5,0,23,1182,0.11415973884139419
14,1,27,8724,0.23914573549255708
33,0,63,13892,0.21986066681326855
24,2,28,16933,0.15489798130729496
59,0,58,14556,0.17797999865747138
30,0,31,13359,0.16863339440009667
57,0,25,7750,0.11113176436514083
40,0,57,3706,0.06252354054091253
5,0,26,18235,0.21091384106719768
14,2,56,1360,0.14211146809620057
43,0,53,16117,0.21837124239573613
34,0,64,1192,0.1249072817423764
20,0,44,7657,0.05285686021349981
32,2,61,17260,0.0753833497936364
54,0,49,4850,0.08144617388476619
25,0,21,5650,0.19619510107143656
5,0,33,4645,0.05641381680407989
20,0,21,13784,0.21386466822138822
56,0,59,4800,0.1881353441527956
46,0,38,14102,0.11466787361621611
50,0,44,11989,0.15439379091056463
54,0,56,17914,0.2364344576861489
9,1,45,13033,0.06394853009723454
19,0,61,8349,0.1226701842865174
6,0,64,3403,0.12820040878723626
3,0,29,9146,0.2426332848855473
50,0,54,11196,0.24504544575390402
56,0,29,18689,0.2182712175078933
11,0,51,5380,0.1263993298361124
44,0,44,7957,0.22787975012570644
33,1,59,18252,0.14681308144311317
6,0,28,18402,0.17881140592379025
55,0,64,17197,0.23558008918175366
52,0,43,3996,0.09961537609806037
35,0,56,2754,0.22215593290801544
43,0,56,7830,0.12984919499567077
25,0,56,5419,0.2242474054590226
48,0,31,6609,0.1596841128707338
28,0,29,18918,0.0994611675421474
59,0,25,10992,0.20310465212857304
6,0,59,6330,0.07303023962230781
12,0,47,14699,0.07867360792674885
58,0,59,16408,0.0796332992029582
19,0,35,8920,0.2180669291932738
20,1,47,1484,0.22425039844248862
48,2,23,9603,0.1645211638765099
13,0,49,8062,0.10587484217923027
32,0,60,4201,0.12884174027496056
19,1,48,12488,0.08672073116533821
14,0,58,14853,0.05076289839715545
57,2,44,8291,0.21792712565082023
14,0,40,7952,0.08892614791491993
8,0,29,15917,0.0658188104570807
41,0,31,3982,0.07636134586132909
52,0,49,19608,0.2352122465649485
10,0,38,8669,0.12264581604623914
43,2,37,10513,0.17961757173972365
33,0,45,12029,0.05625726261946334
50,0,44,9540,0.1558232216496365
10,0,56,1448,0.19933407054551372
58,0,60,14237,0.0631170984635841
38,0,26,17964,0.10978548332159906
51,1,25,15197,0.1144037968920612
23,0,57,13917,0.22745736839823932
56,2,63,1666,0.18303211480529852
38,0,44,15824,0.22307247095218952
10,0,46,9032,0.12510845589022146
55,0,52,6431,0.16822601860317213
48,1,62,10245,0.15354850398840297
20,0,36,4953,0.10522071247270337
34,0,29,6494,0.13448400938609129
25,0,56,16312,0.09899495841750415
33,0,23,15302,0.05323911275048916
58,0,25,11414,0.243633827284381
54,0,48,17796,0.24161509359049071
15,0,34,3547,0.21484276632967492
58,0,44,16984,0.0849136805824337
27,0,42,9799,0.05403305427197696
43,0,53,12858,0.08919077588730698
46,0,28,16820,0.22431253502868098
30,0,47,15986,0.08063879702958257
29,1,53,19820,0.09670379815971318
29,0,43,5036,0.18825129671367619
52,0,34,3800,0.1454865140615461
25,0,60,1000,0.18080090127139542
18,0,26,13617,0.1626124115457913
23,0,35,10512,0.16449500932042715
14,2,45,13486,0.22454657037395415
25,0,32,8494,0.09355105604537678
9,0,49,7309,0.07784239215247205
8,0,56,17693,0.13097935052247883
44,0,44,4044,0.15692341678350563
7,0,36,15887,0.14808602539330856
35,2,47,2573,0.15797023632385349
47,0,45,7946,0.147236115298418
44,1,56,1425,0.1535744525405905
28,0,48,839,0.23638392141279346
14,0,21,1194,0.05997636420090938
56,0,33,5860,0.23833030439684633
50,0,37,18893,0.16744263534375253
37,2,36,7528,0.059566294292141046
7,1,58,12475,0.06069140837108636
5,0,22,13678,0.16430368240127016
20,0,53,17575,0.18781526287282913
11,0,33,18113,0.1540561811532799
52,0,45,1250,0.13977281641272654
14,0,35,4808,0.10541106400761034
19,0,24,15483,0.17131678482671414
58,0,21,15825,0.22951788827635472
49,0,38,19627,0.13448266434802003
15,1,57,14707,0.1891384707800084
24,0,36,10952,0.053474292395146984
32,0,59,7386,0.139986647746567
40,0,61,9685,0.20234410363172467
56,0,28,815,0.2183820512973343
52,0,57,13858,0.15741314668273457
58,0,47,1137,0.16330290185033336
5,0,45,13134,0.07768765765685437
16,2,40,12575,0.10909784787996389
35,0,62,19704,0.18347958385950708
5,0,26,17018,0.2033728845744176
23,0,21,14718,0.06638318820054245
11,2,22,12823,0.2421888714297713
56,0,59,6290,0.24071344946013928
6,0,50,15586,0.08751932373594501
11,2,43,11292,0.05904074803297743
14,0,24,10305,0.11820746921327685
11,2,26,12615,0.2417390497250867
35,0,60,5625,0.1386024957510632
23,0,59,5577,0.11273853563397568
55,0,55,1275,0.2289372783482938
17,0,59,8046,0.07685440665263235
33,0,52,16438,0.23821810764631063
40,2,54,2150,0.21179961915075385
38,0,58,9747,0.12671558675591232
48,0,40,17076,0.20747409120744015
14,0,25,17591,0.20122342054283715
31,2,26,18662,0.16597264947429227
48,2,48,7718,0.20628940918775235
52,0,29,7048,0.15001891761611147
38,0,30,5881,0.21848272057121582
40,0,59,8594,0.2086571435583094
52,0,43,13507,0.2312660463419403
38,2,41,13745,0.20950699021917946
57,0,36,12284,0.23418926141506807
10,0,32,9533,0.08563467013524435
22,0,26,14232,0.10546241523606624
9,0,62,7177,0.1404935054722765
8,0,53,2276,0.0985635680047456
29,0,58,19252,0.22934059627995224
15,0,34,2125,0.08595299254724553
26,0,25,17085,0.1417779491975864
27,0,26,11633,0.1543271937181126
38,0,63,19670,0.22461091708620512
56,0,59,11191,0.10182877314499639
51,0,61,1529,0.24391994922472726
24,0,26,2311,0.10839128340138263
21,0,39,2183,0.08259840341031544
46,0,30,8888,0.10071644063126749
10,0,46,15307,0.2262156948552964
33,0,22,12855,0.0804823867924726
27,0,38,16376,0.05638412774400268
13,0,43,11069,0.10831824088589118
38,0,32,2933,0.15891048077488948
21,0,57,4136,0.12133038771330716
13,0,24,3624,0.0821432350255146
40,0,58,18592,0.12283714543320207
12,1,21,16139,0.18851416108447078
41,2,53,1170,0.1372208135611193
12,0,50,4737,0.1645446164007818
27,0,41,5815,0.23941047410718858
49,0,23,14410,0.1996478333725517
16,0,60,1817,0.21076642847018523
46,1,61,19609,0.10760252776596911
44,0,54,6025,0.15227706114046724
54,1,62,17129,0.11891972015902108
12,0,60,13863,0.1469055049441534
43,0,57,7919,0.07237516948819556
56,0,31,964,0.15369420427474978
46,2,57,11240,0.15516300208752226
13,0,47,1255,0.16499545365272972
49,0,24,14497,0.09692197532481162
9,0,21,4514,0.09429031596169589
36,0,32,19029,0.12354496253754538
31,0,43,1039,0.15753972234453728
33,2,63,7300,0.11735534330970486
32,0,59,8106,0.19122804637751561
4,2,63,15483,0.16702462628937098
31,0,53,4987,0.07256978631574247
56,0,26,15704,0.09478005084982995
27,0,55,6781,0.17092166212727167
18,2,37,2090,0.15639068873242323
59,2,34,16825,0.11783939081862022
8,0,44,4253,0.08437653846739646
30,0,38,8927,0.23408636954035444
32,0,48,12311,0.13988786951117696
30,0,64,793,0.09250918989569755
55,2,35,13119,0.19417904583620332
27,0,32,11162,0.10118403371211573
58,1,63,15650,0.10312791647293769
6,0,24,2632,0.2154111822603919
44,0,58,17654,0.23156962524962416
36,0,38,1657,0.14361718339451227
16,0,63,18803,0.17645793728924175
15,2,54,6882,0.12220119760832326
44,2,27,1918,0.1767249318451371
39,0,44,5806,0.1956030742569222
37,0,32,10162,0.1942016932311565
5,0,22,2677,0.05814094885436341
37,0,48,6328,0.06972232497209868
58,2,50,6319,0.19159170240207535
3,0,56,3691,0.1563677759881626
29,0,53,9939,0.23866586179170496
31,0,47,974,0.07071215847084285
54,0,47,5397,0.24793497352562194
19,0,48,3301,0.07670586602583902
30,0,28,1129,0.056287119134170394
43,0,49,9888,0.22979815880867832
6,0,29,17905,0.15080858663218982
48,0,46,7321,0.10733661988607497
49,0,38,13202,0.16436023203250538
44,0,58,3405,0.1255057324872107
39,0,36,14279,0.24772273957405005
45,0,21,13772,0.20479673678625293
47,0,25,8457,0.181187911864994
54,0,30,5799,0.11441861897702446
27,2,58,11680,0.05516888653859989
28,0,54,12287,0.20947348894391726
39,0,61,14208,0.059561048248742754
14,0,53,4398,0.0726270732899472
51,0,27,7455,0.16779923258768747
46,0,23,16588,0.20138449524583785
38,2,45,16709,0.1317888787913568
20,0,44,16340,0.16781020067264568
22,0,39,15561,0.2447289503076095
27,0,46,2115,0.10625848044976081
40,0,38,6098,0.05879427497661321
47,0,31,6013,0.09437472944783616
41,0,46,6989,0.13929424012563707
56,0,38,10008,0.20547281545948098
57,0,41,4086,0.1338508446965875
43,0,57,15868,0.16778289774587019
24,0,40,10301,0.16316171762157944
37,2,62,2120,0.14756555225503357
27,0,27,16320,0.08180333017943217
38,0,49,6588,0.06360402003838622
49,0,52,11498,0.09059477795173375
24,0,25,8666,0.10403944760357989
31,2,46,7416,0.08751351077870043
5,1,52,6966,0.0884906142302028
44,0,23,8499,0.17167828611410418
30,0,57,1833,0.14090064075561726
29,0,37,14005,0.10004125310632841
33,0,49,13133,0.09715871736653525
15,2,30,10528,0.0786470196859601
37,0,27,17786,0.18836047909249498
45,0,38,11278,0.14518709543657882
22,0,27,8081,0.1829091613551192
10,0,26,12388,0.12569311320268453
25,0,46,16085,0.06700179032074682
14,0,47,14901,0.2146072978496844
24,1,61,11656,0.058315863464650855
38,1,46,12700,0.12349719420237826
9,0,45,19668,0.16702632415955468
45,2,47,13844,0.1828990232148902
15,0,64,14226,0.14635001212975274
53,0,37,13489,0.20978080238894942
44,0,51,19133,0.14591757315930898
18,0,52,18566,0.21716361213860547
35,0,28,7220,0.09937128870256332
9,2,58,14860,0.1445074166518713
8,0,39,13223,0.0561874216327533
57,0,39,11157,0.16563218964399623
48,2,30,10548,0.13051134902539674
11,1,40,18010,0.1862376691651914
19,0,46,18280,0.19846673482589322
14,0,60,18057,0.13660195431325262
25,0,34,6458,0.17168623780921988
19,0,47,7354,0.19640641221774413
21,0,59,2241,0.21735571245655605
33,0,43,16203,0.0710255510795474
13,0,29,13906,0.1595819628159571
53,0,53,19658,0.23496470139296466
44,0,46,14861,0.10680599622445507
46,2,34,4533,0.17572195988674605
12,2,58,6245,0.1064630243181418
43,0,22,8240,0.21076936374661487
50,0,63,15295,0.19867387832798367
12,0,51,8601,0.2399018148967318
45,0,51,19368,0.1897917086040256
23,0,49,12406,0.14782401270595358
47,2,64,7663,0.15822334510872976
30,2,39,19272,0.2058829824035608
48,0,64,11078,0.19757689979452853
11,1,23,6459,0.07356201638590248
25,0,61,8127,0.10982572758879353
18,0,62,15197,0.18649839861801626
17,0,32,2152,0.07017643447342073
20,0,53,15681,0.18197405727650084
24,0,38,2633,0.22268802363680584
10,0,37,14075,0.12354859070799662
43,0,44,14555,0.09360057295500866
34,1,29,11971,0.22080346354390523
50,2,31,4106,0.1463058468679112
43,0,45,11648,0.21645118746073738
11,0,64,16677,0.06561942547153002
6,0,21,6000,0.0923571464420086
27,2,41,18431,0.050208129131334725
30,0,41,3176,0.139629536918147
16,2,53,17910,0.2264197398375964
47,0,64,7014,0.1790554841877921
36,2,45,14153,0.05356799981603895
45,0,53,4977,0.05494889471783509
9,0,27,12592,0.19406263361631465
49,0,64,13226,0.06855996894951705
14,0,62,10064,0.09405010151121942
28,0,38,17136,0.18968647879233164
28,0,52,18211,0.09976463632017994
49,0,24,3594,0.14803824864751713
18,1,46,16415,0.1290610861705127
16,0,63,13359,0.11875529578200755
22,0,27,10716,0.10051754938278688
23,2,59,2876,0.13150272765704557
13,0,63,12306,0.08655727207302885
13,0,45,7911,0.24093604417027065
16,0,55,1238,0.11328238961108468
29,0,31,3877,0.1957948339701075
22,0,40,2242,0.10853055260630143
25,0,53,6341,0.10243895886107657
43,2,39,3919,0.14654252261476153
16,0,21,17242,0.19650230514091832
54,0,57,6089,0.050783619627742076
45,0,61,8684,0.0842220690683094
12,0,46,14990,0.20486432471243443
20,0,51,2617,0.1205934040733278
13,2,27,7424,0.22107864768009533
18,2,28,4379,0.07664697555462585
23,0,61,10595,0.21259874844429016
10,0,28,16951,0.17442146870611663
3,0,62,11142,0.08369784148066964
28,0,23,8498,0.05246882908604698
42,0,41,2178,0.22627783364111292
20,0,54,18751,0.1077763220440313
52,1,25,9539,0.09827309603465183
24,0,26,11443,0.08676971609254183
54,0,53,10287,0.1210021519133836
16,2,43,10388,0.15477183573608272
33,0,56,2459,0.14553799841045967
46,1,36,9395,0.22024393873139897
6,0,53,8693,0.08946800415560954
56,0,45,15582,0.19930611235119539
23,0,23,8843,0.2318432808780861
31,0,51,16796,0.05737292528742075
38,0,61,13280,0.20024295131816944
39,0,30,2977,0.10489596324814553
4,0,56,17729,0.1395385219701541
52,2,29,8464,0.06221484261078332
38,0,61,14256,0.10886950840429332
59,0,35,6013,0.07241960460205304
29,0,49,15153,0.09657237208421653
37,2,62,18037,0.05655822751150477
28,0,45,1041,0.2377758949108632
53,0,40,14826,0.22906432099182722
50,2,42,15102,0.1801990307795468
54,0,32,6200,0.11504084340512773
31,1,22,8233,0.23866026274396684
48,2,43,8463,0.24436312393441595
23,0,55,9216,0.20890621093674655
29,0,28,8674,0.18632123569747794
46,0,61,18123,0.11575971062092863
7,0,54,18670,0.22665649708486496
43,0,50,18905,0.14998297857556742
3,0,35,9736,0.17646974164751777
36,0,52,14072,0.08464881042139585
30,0,64,859,0.0542873397930493
29,0,33,855,0.24750330872414572
31,0,48,14736,0.17429578168246873
31,0,39,13446,0.1870614907200498
26,0,47,2382,0.060078227896622385
28,0,32,13433,0.13429684028391123
35,0,33,12799,0.1068510734174911
46,0,59,15052,0.217129162875896
34,0,28,10513,0.14710661594854663
39,0,57,15338,0.1269029349364247
50,0,24,15372,0.07957018312835917
59,0,60,12092,0.12670940810196663
9,0,58,11227,0.12241541930859941
43,0,61,16049,0.20740014592658235
15,0,64,3917,0.21950405611677254
14,0,62,19667,0.12584811192860504
48,2,30,17932,0.1320569717276049
6,0,59,10909,0.24504502275157508
51,2,64,18114,0.12563955256639703
46,0,45,14577,0.17572335202138167
59,0,48,8703,0.07695912211195387
41,2,59,8920,0.1357773641709945
52,0,55,12383,0.09831953881344607
9,0,56,5388,0.09858230503523868
53,0,64,11272,0.09681542351412419
12,2,57,8516,0.1449396856174045
20,1,63,10917,0.10882859928539848
10,0,61,8410,0.21335888630554894
25,0,45,2258,0.13974316598046627
45,0,46,14475,0.060971262809311116
18,0,44,10132,0.13773026016702172
49,0,35,4325,0.06984323808070073
37,0,50,4890,0.07943045172986835
38,0,47,10562,0.07705929744939558
56,0,30,16058,0.20856129974262827
27,1,58,5467,0.13590927931505542
22,0,38,17051,0.05019530850768925
59,0,41,16047,0.15234199584077968
34,0,57,864,0.09024920926413459
38,2,47,3186,0.1934669619954874
19,0,25,14866,0.23832595525622063
15,0,34,11267,0.08406856854148581
12,0,41,2739,0.10529239926882744
15,0,53,19820,0.1924565307469555
14,0,34,692,0.1764748506770087
45,0,41,8364,0.21566656116742028
6,0,46,766,0.1798368422065426
38,2,44,18180,0.08819269395719956
57,1,29,9587,0.2170712517724177
46,0,43,12615,0.08216157273901417
25,0,61,16375,0.06676438637391974
6,0,49,5602,0.23790140067296767
50,0,55,6572,0.1667600933230946
3,0,53,12761,0.1162311199362671
41,0,24,18530,0.10127517058364932
41,0,41,4147,0.06694091138123476
13,0,35,8712,0.16199252598822023
45,0,43,5673,0.2240596620427513
13,0,22,4178,0.18598477566559896
15,2,31,4371,0.20240369031563216
49,0,26,9452,0.16968472010618318
58,0,23,2653,0.05197688065184358
18,0,39,12725,0.139018423725484
55,0,55,4088,0.05715771384343891
55,0,35,10361,0.0662605743686031
46,2,55,5053,0.0851422819663071
10,0,43,9092,0.2278756237403054
20,0,50,3370,0.09302417940288983
41,0,33,4174,0.14035263323360528
59,0,39,6915,0.22529569427920304
49,0,35,14137,0.18562347646062982
26,0,39,8767,0.0765298517581538
16,2,63,7332,0.1424678553003577
57,0,25,11721,0.20418739350585047
18,0,59,19426,0.13877699719640396
22,0,61,16285,0.09348502473685504
57,0,21,8312,0.1787021467783153
35,0,38,10442,0.13151093200171848
18,0,47,4820,0.15275145941099516
3,0,34,14718,0.07499499220570771
27,1,27,17263,0.23100884169308994
59,0,38,17287,0.23420760738225077
27,0,55,4569,0.1106486207780309
42,0,42,15103,0.1085220313983501
17,0,57,3778,0.08412037498141284
47,0,37,689,0.16716640419524403
47,2,50,14511,0.08981087296640333
37,0,55,8789,0.17289819546002572
46,0,50,6313,0.23914687402995988
35,0,40,10343,0.08616848162642826
24,2,58,8638,0.09518102599552601
45,0,28,5237,0.0682381583590057
50,0,25,9295,0.1129845805198952
50,0,22,1193,0.22632346386576246
15,1,52,15779,0.05319036661388006
41,0,36,18770,0.17725518777670773
3,2,26,11698,0.12680493809053883
35,0,29,12610,0.11350912010292524
35,0,22,14957,0.08443941423505683
23,0,39,9972,0.21654591846228088
59,0,49,19756,0.21455785553771783
53,0,32,6131,0.05818179216369095
5,0,32,14363,0.16531399787755702
14,0,63,5994,0.13299172954456595
14,0,23,5937,0.05124828143517264
54,0,57,8945,0.11106737491854286
32,0,23,15455,0.087603966974933
44,0,55,8458,0.20268976742871225
49,0,64,17073,0.13946282167158067
46,0,34,7969,0.20960096998154937
8,0,30,8900,0.24376361427873322
10,0,31,10645,0.13027650556316084
25,2,38,13360,0.16108070404950492
22,0,32,9003,0.2445781080265012
45,0,32,10062,0.08325515042464907
11,0,28,1702,0.06083497984247173
24,1,62,2987,0.14392340184611202
16,0,33,3234,0.1475739258843675
13,1,24,14711,0.23580482370316141
12,2,34,7681,0.14112667418734048
14,0,44,9151,0.13879528591327067
35,0,26,10984,0.14962328851596124
26,0,42,7255,0.1391239814215297
27,1,64,2938,0.22975313827801913
30,0,51,9620,0.17356091563819726
45,2,36,7211,0.20926018037869326
52,0,60,11849,0.08092456779820999
33,0,35,12767,0.22519518846801823
39,2,21,15258,0.2440092839244452
45,0,31,10522,0.24137589283056565
42,2,21,18219,0.2465547970613513
10,1,42,19973,0.18946618870589133
59,0,37,13842,0.1843009467087115
12,0,24,18667,0.06346777137881231
26,0,38,19888,0.10658414849260019
40,0,29,16788,0.20741033088694616
25,1,60,3571,0.12221974572326473
16,0,47,13616,0.17410397371772135
55,0,33,3509,0.16729775373596625
7,0,54,6239,0.16614234017019328
17,0,58,15913,0.12408670490934988
59,0,54,11045,0.22696445082852784
44,0,24,12853,0.09979102580634854
7,0,43,8241,0.20407373092630265
46,0,24,17311,0.05507559973634235
58,0,48,7276,0.2176812751408892
8,0,53,13739,0.20162348825765658
26,0,22,15582,0.24578997308985634
29,0,54,745,0.07415551217766923
10,0,31,17000,0.21072177163848377
14,0,25,13617,0.1118050366737651
12,2,33,4334,0.09958599099097783
13,0,64,4627,0.09100706027910793
26,2,33,1857,0.19368563283650098
29,0,24,9215,0.23849166514715386
16,0,24,1599,0.1804338585218614
19,0,59,13984,0.1031617644428276
13,2,49,1924,0.12996620245669005
48,0,29,13297,0.09820451674071502
15,2,48,14777,0.06395750159516261
54,0,21,7959,0.20346488407980218
33,0,51,7317,0.07089325147167663
48,0,58,14404,0.1798611219354202
39,0,55,18093,0.13565444365498594
18,0,29,18911,0.06452961351230722
37,0,36,12627,0.11030179852719556
18,2,44,5000,0.06509034263570922
9,0,24,7354,0.1758518549633269
17,0,57,2828,0.18343738826993233
18,1,47,1050,0.22895279339894725
10,0,27,3132,0.1072326022700779
4,0,54,15543,0.0852329311987933
56,0,53,9423,0.14491817753097014
32,0,28,11550,0.21288240076827958
25,0,44,6315,0.16316681523149357
56,0,34,1674,0.23879442188050382
15,0,32,9615,0.06774832309476089
25,0,56,8959,0.19385282373709783
51,0,22,2144,0.1826181479123784
39,0,39,13439,0.09868192378085497
25,0,32,5315,0.09158359806374737
17,2,35,10355,0.12640413390035682
5,0,39,7269,0.11450433940309196
7,1,46,2364,0.1169956958473776
12,2,37,18709,0.19444159136873335
47,0,44,12726,0.06806130996085294
39,0,52,6292,0.1996654839850877
27,0,28,4942,0.1498826165818425
47,0,39,1439,0.08479692055801569
12,0,44,15633,0.18389313906410437
15,0,37,6565,0.12475600688620553
25,0,45,4784,0.07658778164513023
55,0,56,18769,0.1675642944393328
38,0,47,19975,0.11398757967992612
51,1,41,8831,0.10671650488664464
17,0,50,12181,0.14555720820930473
51,0,64,16462,0.15397163480088694
7,2,21,12316,0.1905721791836416
15,0,46,5711,0.14843519768579616
32,0,21,15344,0.15670222662713157
5,0,62,3147,0.16408864558908093
51,0,53,11167,0.23545302532906615
52,0,59,10184,0.07025073225437217
33,0,46,12084,0.18267949347309975
20,0,39,14184,0.057474399206424054
8,0,21,1662,0.1018225014341021
38,0,47,16981,0.20818720838052052
33,0,60,6425,0.12227465358840206
46,0,27,5200,0.05533949060120289
37,0,31,10889,0.15266721021537505
10,0,44,19739,0.13754703794616946
9,2,44,16777,0.23536726079515163
47,0,39,10040,0.23844327930730236
12,0,27,11965,0.10575988755461892
56,2,42,10294,0.21406285103945294
9,2,43,13835,0.15294688855321714
44,0,29,17241,0.15803342920562458
58,1,47,3249,0.07282596260611136
28,0,59,8442,0.21730536745553702
6,0,24,11574,0.1711906349223425
52,0,24,15268,0.24103948525053626
13,0,45,2366,0.20658058195846846
33,0,55,11569,0.1433242734619215
59,0,25,15608,0.22145543817497398
45,0,62,3140,0.11364320057520703
5,0,41,3852,0.22259559987042304
49,0,25,1142,0.07317102004871766
12,0,40,17080,0.11730530159669478
45,0,40,18716,0.22364869396297876
38,0,38,9648,0.054793733086230506
19,1,46,17396,0.22371756295961792
27,0,31,12095,0.05801745631861004
9,0,64,19679,0.18177913876723656
59,0,33,2615,0.17762402883253225
16,0,59,13646,0.06150703391992407
20,0,57,14626,0.21764311185356527
31,1,39,13091,0.06718392080934953
41,0,29,10143,0.2202743195525741
31,0,63,4566,0.2466258015416295
31,0,46,3803,0.18442421051169855
36,0,35,13024,0.2360537090291967
51,0,27,11800,0.17506409767206338
25,0,35,10023,0.24620914127476995
50,0,49,1261,0.20936835841524382
47,2,43,7858,0.18585557884325965
57,1,23,17418,0.2477816905826285
55,0,55,13807,0.14677138981331467
48,0,35,15316,0.14673301290780771
17,0,29,2157,0.22032791433946614
47,0,51,9323,0.1848579083052424
44,0,53,10325,0.07884238188368842
19,0,57,15681,0.11159462283113182
41,0,21,15283,0.16694106627790373
17,0,38,2391,0.05320150501288981
32,2,32,16684,0.1520789855374341
48,0,46,1283,0.09678750319669074
13,2,63,10055,0.09735938352645233
22,1,26,5329,0.22906768405750233
48,2,49,7375,0.10643728448524437
28,0,40,8820,0.2296482711573945
57,0,41,11661,0.1567441326765166
3,0,62,1134,0.23557318397645582
44,1,53,3000,0.19584489225185636
49,1,25,13942,0.13280433782184242
55,0,40,2283,0.057037318555608764
11,0,53,5264,0.22832896620693816
59,0,25,16473,0.19146799321253566
25,0,43,4641,0.07695202478681712
23,1,42,2966,0.2370305263837938
23,0,24,9835,0.14772368886554055
39,0,63,8636,0.055909289030774634
40,1,37,2939,0.1091751962118436
30,0,32,8529,0.2219607008865223
7,0,24,17046,0.13382292758137665
59,0,23,19669,0.2115566647036876
15,0,29,1779,0.13055421704694725
8,0,53,14251,0.07678996496584725
37,0,32,13914,0.08892406648102442
26,2,40,15447,0.22624127425609414
38,0,50,15486,0.08624757373190481
52,0,35,13563,0.23708903127709097
8,2,38,17470,0.10770828335018663
19,1,42,5814,0.24432738025871903
32,2,60,2991,0.069366792308571
47,1,61,7541,0.15967869978110794
37,0,33,4316,0.05711651159738554
24,0,32,4073,0.10131840192184156
37,0,38,1362,0.22107119626810684
58,1,29,11071,0.08740130827242357
30,0,46,16566,0.22830514572393612
53,2,44,2019,0.1679614358546625
47,2,41,13378,0.19531600104000768
20,0,41,18125,0.12188274002454408
17,0,58,9854,0.24697981521395795
46,0,27,4330,0.21531523422216292
14,0,54,13616,0.23234859127687435
22,0,46,4663,0.07916668192318144
16,0,55,3031,0.10336151199572481
37,0,46,9949,0.21819870674765007
19,0,54,782,0.18390285406198237
40,0,47,6735,0.12696938999597235
56,0,52,15792,0.14287367572764045
50,0,39,3747,0.1377074774876655
57,0,60,10565,0.1615702811318458
4,0,33,19720,0.14780652766732305
28,0,52,4754,0.14094441928684237
15,0,35,5953,0.11553715205439422
55,0,55,14186,0.13977305589588507
43,0,57,14920,0.08549442997305784
21,0,29,10003,0.08817331967102321
35,0,48,14658,0.18765766346686152
37,1,44,12805,0.2429141820080662
31,2,38,5269,0.09247812413059153
30,0,33,16549,0.2325881855549971
6,2,47,5914,0.17511421205918298
28,0,57,13703,0.24056472836253617
22,0,36,10926,0.12905068034127254
49,2,35,10952,0.18806233554642854
52,0,58,17290,0.15877150260340922
45,2,54,18174,0.24549882944628093
4,0,53,14920,0.06209905227624801
50,0,47,12147,0.06174981035951388
25,0,25,6409,0.22282849878537747
26,0,27,14558,0.0606992735757254
56,0,23,1342,0.23147383340925792
52,0,34,2493,0.06880373096843298
5,0,22,12344,0.07248592727008302
23,0,41,5823,0.11615260493302815
45,0,22,9776,0.19535479070856476
33,0,64,18868,0.16539437927970446
17,0,42,7205,0.2317911309270294
32,0,21,8732,0.1759274775347976
52,0,28,13101,0.16913992227114222
15,0,29,14869,0.16407424699945466
45,0,50,19057,0.1312110954095128
44,0,54,6704,0.17783634025906864
53,0,42,18118,0.24461001118330034
19,0,52,4790,0.2444291601434223
15,0,25,13480,0.07217559354744961
34,0,34,2055,0.14111457053852597
33,0,21,19206,0.16846694619159644
26,0,38,15886,0.19318500958518364
47,0,22,8214,0.11010381104604
48,0,55,18058,0.2465870256051897
17,2,44,2470,0.1330516390184065
48,0,54,7602,0.1070729288437097
16,0,46,9319,0.20601420943571663
26,0,22,13362,0.16761002660039653
4,0,36,13377,0.23090800427713265
22,2,21,1526,0.07127334311853939
57,0,24,16127,0.06093383770284864
28,1,62,3307,0.23862919433568835
43,1,62,18790,0.13919802270511106
9,2,26,8475,0.0932312716250525
39,0,38,10584,0.19861823264140427
24,0,33,8124,0.24948905412074412
45,0,39,7774,0.24974863937899805
55,0,47,9278,0.2426349946500318
33,0,37,5992,0.08131940270840055
8,0,56,18146,0.22006544779859888
30,0,23,12333,0.07484210643998038
10,0,46,9344,0.1213642621690027
28,1,52,14008,0.0856655064558088
6,0,45,1633,0.12120415806798038
39,0,50,12831,0.0995911183252609
20,0,48,3806,0.22936088825469142
14,0,28,4305,0.24754817059689505
3,0,55,13345,0.08475893565018428
53,0,32,9200,0.07593348537851795
50,1,28,3953,0.08287468979776454
49,0,45,1948,0.16313768903962103
6,0,48,12388,0.22641611970682174
22,0,37,10647,0.199100139889828
58,0,23,5133,0.13441136359168143
35,0,64,4676,0.24181085812191527
10,1,56,14980,0.15770844892203795
11,0,42,17838,0.20696739010836446
17,0,36,18769,0.14999839824403322
58,0,59,16260,0.18324801585662326
12,0,36,5123,0.12527753304024958
54,0,30,14763,0.06051016218177696
41,2,32,8027,0.17252340808312855
55,2,45,2692,0.10777085163819292
50,0,53,3806,0.16012735734960387
21,0,35,9212,0.18028272404083207
50,0,29,5966,0.14034247612910788
12,0,62,4014,0.0814134990292968
19,1,25,15530,0.21103595314832213
15,0,45,1353,0.08449077055205945
10,0,28,19130,0.07586488025294989
8,1,49,8348,0.11347135820234139
13,2,37,6885,0.06164065232384826
9,0,24,6617,0.1206447184593375
24,0,28,13645,0.20151758055342184
7,0,42,18405,0.20806041163178973
6,0,27,5755,0.14134433803674973
59,0,46,18558,0.08672692166567927
7,0,56,18220,0.24474876344310287
7,0,33,18729,0.21476398723831186
4,2,62,12545,0.05104821793907848
10,0,53,779,0.17140269171959333
33,0,24,6552,0.23905067946153408
50,0,41,10618,0.23584266333513215
44,0,45,16028,0.12988624226031448
36,0,45,855,0.17227082350144307
7,1,41,11849,0.17326624349919312
47,0,36,12287,0.1959996759719938
5,0,46,1306,0.23829948438113768
38,1,50,10414,0.14329134964731416
26,0,58,8638,0.06234476410468706
53,0,25,8892,0.19439529511562792
20,0,27,15040,0.23922629195164463
39,0,43,1526,0.22411675864952446
28,0,39,15142,0.05489982318690139
32,0,60,2544,0.2265257672562026
56,0,46,14341,0.07945758545732265
43,0,31,6604,0.24576520273604302
26,2,58,10652,0.19825864054574033
28,0,59,5219,0.07523071404949418
43,0,22,19678,0.07015386664142738
22,2,59,3987,0.10557609852051034
12,0,37,8508,0.09589087724847374
29,0,31,17100,0.050805489722323065
6,2,26,7898,0.2280695559972719
12,0,24,1055,0.07529444271231112
26,0,23,4415,0.24787338856693336
48,0,54,4748,0.10278432098274687
47,0,60,2061,0.16489059577838838
17,0,63,18382,0.18967669486425448
27,0,43,16640,0.11023635208918517
11,0,32,17498,0.1411936808805323
46,0,60,11234,0.20458664181277403
17,0,61,7427,0.06292392836479453
48,0,38,17188,0.12233980387211787
50,2,30,16186,0.20799697994960992
42,0,57,14668,0.11639364382272561
21,2,36,3468,0.06185363310937291
57,2,44,16933,0.08755034522179868
42,0,59,12988,0.1854212774278623
39,0,28,14142,0.2434946647310357
51,0,34,17722,0.09575742255955998
53,0,30,5708,0.15350574987976442
7,0,54,9703,0.0981020454190571
53,0,26,7117,0.23466146786532388
46,1,27,3754,0.2300223686764979
14,0,35,10434,0.128240711063974
20,0,37,11786,0.057412272233076544
45,0,53,5737,0.17150560115839564
15,0,62,15089,0.17554602606107933
28,0,47,6390,0.17354781733541924
42,0,30,17379,0.10920113304987103
40,0,50,14867,0.05477962036668491
54,0,51,7893,0.056431162303636984
9,0,24,14835,0.20578470894276418
19,0,61,6039,0.15622071339289847
59,0,43,12141,0.10423649571880643
35,0,55,13868,0.23290589052671218
17,0,23,4425,0.22686510302817653
19,0,62,5372,0.21323053182623453
22,0,63,2937,0.17436345741974807
34,0,62,5234,0.17299557385073278
19,0,44,14125,0.15615169658911654
38,0,25,4056,0.08664051582611174
28,0,40,17773,0.19546473187982172
37,1,47,7666,0.1541479771171236
11,0,40,6362,0.15920131885919314
38,0,39,9065,0.1876847138693199
55,0,36,12876,0.12440251512983301
10,0,51,14634,0.19087792694747818
21,1,46,13665,0.09963415002804661
42,0,53,2601,0.22309768088241283
38,2,24,17525,0.24721427682026276
41,0,31,8806,0.16836740702006275
34,0,59,17279,0.1263213106761706
41,2,56,13327,0.10766639373247473
37,1,50,1902,0.22854495106485567
7,2,39,11126,0.11534069037583242
45,0,39,16721,0.21281111636617994
28,0,49,15865,0.13171594040776108
5,0,54,14648,0.22594162548342744
26,0,39,17900,0.13636664838865847
27,0,60,11485,0.16558712155219812
7,0,36,4648,0.07452977817591085
59,0,35,554,0.24511092389822237
15,0,51,18218,0.162596584206683
21,0,55,13135,0.1738713387282427
28,0,44,17764,0.07509093022978969
50,2,62,15974,0.1881095420285595
45,0,58,7594,0.13529101442815408
46,1,30,3774,0.1346322925665906
16,1,55,16359,0.14465685793154084
51,0,56,17182,0.15718597639849136
50,0,59,10546,0.21069746624726832
29,0,44,5337,0.11838592495017225
34,0,54,16311,0.22614671266204495
5,0,52,16871,0.07216162469629356
46,0,61,15086,0.156112083918934
57,0,34,10769,0.18561543075643372
29,0,27,19266,0.24407734660267238
33,0,54,18940,0.12963512322503845
31,0,49,4811,0.18569499851089327
7,0,63,6599,0.20726334698065518
38,0,24,14853,0.21651453530196024
44,0,22,3506,0.23339264186116399
55,0,42,770,0.11917628967203889
55,0,47,10549,0.21849363907013397
31,0,58,18474,0.24138278358820658
57,1,50,17626,0.14387420265180045
33,0,52,4378,0.18824722130189608
39,0,38,4916,0.11459761781283906
37,2,46,7781,0.10126187084969687
59,0,27,18562,0.10559304335670763
45,0,51,16940,0.06028431791757647
9,1,27,18179,0.16568400270060651
7,0,28,9814,0.22235586614018393
26,2,28,2024,0.10742145246518194
32,2,61,13443,0.05634504103298859
41,0,28,18076,0.10662570616915362
30,0,30,7548,0.2044039454087791
32,0,64,5181,0.1395243962375543
55,2,28,11330,0.20342382503402068
22,0,44,5182,0.09340452814025878
31,2,27,16986,0.17839001260787407
34,0,40,8331,0.19620103434230723
29,0,62,17904,0.211839478849281
58,1,35,12262,0.18681230776882135
57,2,41,9397,0.2321568192792824
32,0,59,9362,0.07520328992152077
28,0,44,14542,0.16013017360879123
36,0,62,5275,0.13995891848711967
13,0,37,9610,0.2498565495554541
27,0,31,17349,0.15987014370277844
15,0,22,18823,0.18705149744295474
11,0,38,1342,0.23380618225573618
8,2,23,14687,0.07849829425227824
36,0,46,16905,0.1178576089958703
3,0,21,8909,0.11466310710606349
39,0,25,5042,0.07338357819960842
27,2,44,10213,0.1620000689059652
23,0,47,18072,0.11131084697805227
46,0,29,4071,0.0830333178161834
33,0,53,6675,0.054378480285284025
44,0,38,18849,0.05501094597206391
43,2,29,13400,0.12815246485928
4,0,41,5473,0.1721867032003841
15,0,61,13733,0.09251297848050483
35,0,44,4036,0.23202562643923835
58,0,58,14541,0.09203705085048114
11,2,60,9316,0.10408409426820536
9,0,30,17726,0.11083289362316118
56,0,22,14660,0.0815502816805615
58,0,50,2854,0.24981820632794177
12,0,42,13812,0.19339194557746675
25,0,36,13369,0.11007832881545027
38,0,26,5464,0.2446365005616295
14,0,27,10573,0.1769528626161216
21,0,61,5666,0.2038691410317211
25,1,27,14914,0.1187403141967824
39,2,61,5094,0.09334576761717471
20,0,32,8462,0.13996111415528484
26,2,27,12262,0.13334295781295463
19,0,43,1425,0.24690944302231316
46,0,26,19163,0.07902389869107942
11,1,32,1314,0.07703438574366124
16,0,25,17843,0.17423678845965954
17,2,21,13200,0.1623832507531562
54,2,25,10337,0.1592455823168759
56,0,63,10031,0.1324061211132102
31,0,27,7867,0.1222243697522601
11,0,30,14537,0.06742622189712646
46,0,27,8216,0.20849577242611367
31,2,24,10763,0.1392950207922224
51,0,28,16221,0.22945609565202196
23,0,25,13202,0.1491202413943821
59,0,27,13186,0.23070740268457957
48,0,41,11595,0.23480161672508387
15,0,37,1304,0.16184154112987248
44,2,28,1824,0.20948985063138476
19,0,32,1975,0.07078514312303093
22,0,41,5795,0.0734452558139227
17,0,39,9886,0.19005859716867485
41,0,26,5179,0.06017214770360009
17,1,60,10880,0.19228706945915808
39,1,38,17572,0.0961309983199718
36,0,36,19231,0.09695317297114348
45,0,46,13317,0.12204728193743666
59,2,33,3250,0.2348893535983893
3,0,48,15019,0.1921265955442088
59,0,61,16249,0.2003001744248104
9,0,58,15795,0.2066111732150262
33,2,35,17962,0.21632400024911053
22,0,25,587,0.08406706016094453
39,0,26,7863,0.2383698340129875
44,0,30,12010,0.12940177651245022
52,0,48,3655,0.1623446138069047
25,0,42,8253,0.212053217312414
56,1,33,5303,0.22051640158750646
21,1,29,4737,0.15122128026408782
14,1,43,13424,0.1589433231076063
24,0,63,13486,0.1319197617398119
33,0,54,1860,0.05990440547687033
41,0,32,13816,0.17952161360333285
50,1,45,17769,0.1854415225898553
15,0,43,1286,0.14459825899966666
20,0,56,15253,0.05962184575411753
56,0,36,14204,0.16317067537006508
28,0,36,15991,0.07061536088412518
16,2,40,19287,0.14080593392241464
59,0,28,14936,0.20968566918901999
28,0,59,7499,0.09540466130653942
59,0,38,3009,0.23377732117075672
55,0,58,18142,0.19165615231800393
54,0,39,14752,0.10149689085991709
36,0,50,9201,0.09595194530133883
48,1,52,12184,0.06492689633680933
57,2,55,10885,0.22477737858151653
18,0,51,1493,0.0626042498510308
5,1,51,5451,0.17526089005971351
21,0,34,6050,0.20029106848496936
39,0,23,12588,0.10102171705392238
34,0,61,8750,0.12608218080348116
7,0,58,8740,0.1087683192169705
34,0,33,11086,0.21034624899640375
12,0,21,17857,0.24908307157541432
31,2,64,4020,0.24411946771491605
35,0,24,2716,0.0639007318141771
39,0,22,10780,0.18556355385825735
26,0,64,17196,0.16699342361966252
26,0,50,19173,0.23600748280700995
41,0,47,6986,0.16558842649168476
45,2,48,7415,0.14149168291856878
49,0,53,16727,0.13978510928366816
22,2,46,3453,0.2207232317383681
27,0,53,7566,0.1844211471277019
21,0,55,9640,0.06481162196976309
33,0,30,6269,0.23670463802129466
10,0,46,9286,0.185747696849152
27,0,35,19779,0.08100989034321489
13,0,47,18385,0.1438690235558342
33,1,28,7967,0.10013219944326386
51,0,59,9515,0.16827528704637124
59,0,32,18529,0.161247710075196
28,0,29,5244,0.24405252911842623
6,2,26,11620,0.06103261790312995
15,0,44,4877,0.14006342950500233
8,0,36,12866,0.0865773259377491
46,0,52,1173,0.05440294567864332
59,0,39,4661,0.20563276574714762
34,2,34,14957,0.20152954234325904
13,0,34,14029,0.23684080802607416
4,0,30,5722,0.16766146128942921
58,0,51,4467,0.10115927778968092
21,0,26,15865,0.12259685472091049
9,0,61,19612,0.17091400204289614
13,0,32,11231,0.17575824981450427
17,2,21,14567,0.05851851530590227
40,0,50,14377,0.23214275666131584
53,0,52,18075,0.23521186799579386
18,0,48,4462,0.2097022807676927
42,2,36,11582,0.0999608865582929
6,0,28,3522,0.11961638741822185
3,0,59,6992,0.1904848379773436
6,0,42,8653,0.11114766462983379
55,0,41,18686,0.12754895316210246
36,0,30,7457,0.18364977979019564
48,0,55,1007,0.0568028810407794
4,0,62,10369,0.0775679806325199
4,0,49,8789,0.057199451713050145
51,0,52,15091,0.10313949908061643
8,1,52,554,0.14621777685950682
11,0,28,18222,0.21881827319319574
32,0,41,14935,0.08578247246821864
37,0,33,12089,0.12137383263185555
16,0,38,17267,0.05188605538122613
28,0,58,4904,0.14268859616034896
41,0,57,8301,0.055065276636779896
28,0,45,6260,0.11445987706503127
24,0,26,5866,0.21616844123400353
7,0,36,18160,0.23720941159785847
28,1,52,18125,0.12344892507228192
48,0,47,4587,0.10660637515159846
38,0,45,5365,0.20170692123251305
53,1,38,2351,0.18959353433297316
10,0,63,3504,0.125620717422187
3,0,61,18462,0.23107123122507545
34,0,49,4245,0.1407367035451983
13,2,59,1019,0.23717669543225844
36,0,28,17554,0.22676669066315397
54,0,28,15103,0.23968410904868254
22,0,52,14386,0.07176140724447018
34,0,50,3339,0.1034110168080587
41,0,31,869,0.12421711875247754
11,2,57,13494,0.19868267380046434
54,0,53,11335,0.10873769993308438
14,2,30,4135,0.09140388592374041
49,1,47,9347,0.11874917025439205
40,0,59,17994,0.11219030685996514
11,0,54,18137,0.21292300669390313
44,0,39,1472,0.24796264136519008
14,0,57,1161,0.1107723834291107
37,0,34,6437,0.060365279729746125
57,1,63,15123,0.19434303389894714
57,0,64,15769,0.1461080819254199
52,0,34,10707,0.13675451856806725
31,0,51,11562,0.12023980326773463
34,0,63,9690,0.1440761251606794
20,0,33,8726,0.07722684797470743
55,0,52,2943,0.17243155376279723
30,0,44,8992,0.2359641615712899
46,0,40,19704,0.23383624519449225
23,0,49,10295,0.19762377959565564
45,0,41,12097,0.1278831492415872
15,0,52,19900,0.2342425084526807
44,0,63,1056,0.18195150957758738
5,0,30,13636,0.15074658315731365
8,0,28,5456,0.10681560238181441
23,0,48,9997,0.20104969869315453
30,0,63,723,0.20947132175102812
43,0,58,6776,0.16179474753392592
23,0,38,11081,0.10721340803183144
4,0,56,10324,0.12782225171368727
21,1,61,8192,0.17467844604613053
28,0,33,18491,0.0945989502192963
33,0,25,4738,0.14418998527874638
39,0,63,4769,0.058435929261714085
17,0,27,11650,0.21104500033100748
37,2,21,7236,0.12634375312529872
39,0,35,5979,0.139039801126134
47,0,55,1767,0.22706669530848794
32,0,53,10676,0.12925215579723032
49,0,34,12769,0.14503264824900497
15,2,51,11591,0.10908623674421854
43,0,62,15456,0.21141039354069108
5,0,21,13428,0.13724546685281724
8,0,58,12824,0.14638275156079342
52,0,47,6627,0.14847223689372824
30,0,59,16330,0.18529874755544662
38,2,23,17858,0.15828125605491927
37,1,32,15529,0.13695392681304142
42,0,37,2545,0.18096021171385107
16,2,56,19463,0.1774995432373611
13,0,50,11277,0.19209495304734725
5,2,35,9322,0.1439223730172698
52,0,31,4923,0.24611786490193638
15,0,40,2139,0.165088279710264
35,0,28,16833,0.20959609509041227
28,0,60,10940,0.14316264363160508
12,0,57,18338,0.11740022700756043
26,2,52,15534,0.15487399088415493
7,0,42,16287,0.1654495668678233
13,1,49,8435,0.1117358861336093
10,0,32,7801,0.200858857745359
49,0,26,9260,0.13554671477907776
35,0,31,606,0.18211425205643583
55,0,44,14878,0.10761866013584381
27,2,63,18009,0.14685474937462245
14,1,26,828,0.12049308951478527
37,0,34,17900,0.13377943666643338
55,0,24,13316,0.18518829512930607
33,0,40,11294,0.08129441915856946
4,0,62,14290,0.099088094693766
20,2,23,917,0.12195473438758227
55,0,47,19428,0.10462726354749326
32,0,27,17470,0.08489667129921546
57,1,21,14733,0.2133936776525714
32,0,44,6965,0.08247344963573872
3,1,41,3052,0.17834564492986854
52,0,60,6419,0.1402528689800948
46,1,33,10216,0.08269168208938896
43,0,48,19747,0.10929927192122696
58,0,27,8415,0.07188890908602522
14,0,46,14723,0.0691698034459347
54,0,57,8318,0.12178209367179656
16,0,37,1723,0.20102687352231197
58,2,27,15809,0.12953809806281724
13,0,43,7090,0.16378433839173484
34,0,28,11831,0.07562643048044577
47,0,49,7001,0.22627755794329613
7,0,31,14752,0.11607817786809478
6,0,50,16402,0.0878628059606021
51,0,52,15043,0.12071798051994378
6,0,64,18014,0.24392297102115224
37,0,29,13922,0.1759996713539701
56,0,61,10802,0.0742032012946504
38,0,35,15276,0.08238706870608523
30,0,27,13829,0.20254109824356253
26,2,60,4761,0.2190754513401416
39,0,46,6232,0.06648866127713593
35,1,45,2424,0.10875712698494762
31,0,34,15396,0.059450114148927695
11,0,28,3644,0.07485486494827245
40,0,23,2175,0.0775613806670892
45,1,58,16270,0.13743826215656624
43,0,21,1475,0.05253330704582646
7,0,43,19143,0.19265213454132063
43,0,32,4810,0.13065902239237948
44,0,57,18768,0.1302563247513972
13,0,51,13310,0.24238792731726255
51,2,24,750,0.11622283027752348
32,0,26,15717,0.05825084190650287
29,0,28,19903,0.1309717850548719
44,0,52,18520,0.143409699880289
32,2,25,17787,0.14410589159241782
34,0,31,5211,0.1427465084115953
20,0,42,4377,0.11685699898746943
55,0,29,6574,0.1592403290070659
58,0,38,11369,0.2241385039655457
10,0,34,15659,0.12165923397862133
44,1,39,19699,0.15700186400920835
4,0,22,9891,0.21950937396320902
24,0,37,9684,0.1297189052145783
58,0,44,17070,0.07726192748933003
12,0,39,19092,0.1364931569762864
24,1,62,8859,0.1509173370638393
15,0,37,11104,0.22371715501296158
44,0,34,5570,0.22059845143379903
29,0,28,7215,0.20369855034451834
36,0,48,15348,0.12653421902581014
56,2,46,3630,0.10538713323218381
32,0,23,6098,0.13828820168958883
44,0,59,2529,0.11391766905855434
8,2,64,5441,0.24598408384426956
15,0,64,14280,0.06688242119328325
56,0,55,17229,0.15116046403932903
51,1,26,6887,0.12682555846136012
40,0,60,18006,0.20448186088050518
24,0,39,8450,0.16927767306282948
14,0,59,5683,0.06203456296265526
51,0,31,18775,0.18465881101097248
47,0,51,10522,0.14852539638065848
16,0,45,4397,0.17324104764557735
36,0,41,4820,0.06830814697619635
38,0,36,7778,0.15195336160053824
30,0,23,2617,0.15567140017490078
55,0,59,18236,0.07924884464402177
10,0,52,12562,0.1729295968133328
17,0,62,18841,0.23178578442082148
8,0,43,5172,0.05507933650376715
42,0,35,16153,0.10057652097078074
39,0,48,13682,0.11581839137425075
59,0,36,7971,0.15884900321047912
33,0,62,7323,0.19801843479289039
11,0,44,2946,0.18219877295184644
28,0,50,16084,0.14236448874824736
8,2,48,15893,0.24199439055900068
41,0,38,11429,0.11836968126120079
41,0,54,16861,0.20680806814212155
51,2,42,12592,0.21522146511906642
22,1,25,14439,0.07018955723133785
20,0,38,19944,0.05876245379602692
7,0,23,7079,0.24726774714329725
26,0,53,13246,0.12169317123268919
30,0,50,13222,0.18367106477943784
46,2,60,18205,0.055850584951284324
45,0,42,14194,0.2027688373101117
10,0,64,5695,0.12043043825977227
19,0,50,17804,0.16626125038949308
32,0,37,16364,0.05960409607681832
22,0,34,3213,0.07157872605236555
4,0,62,14880,0.21462092779064107
51,0,28,5644,0.16083222304256356
44,0,21,5790,0.20539676408146518
32,0,25,8372,0.08225832766880489
21,0,51,6629,0.11555567745652535
51,2,55,16327,0.2202286544242879
5,0,43,4304,0.16719159734398142
28,0,38,17927,0.1838152514948304
48,0,29,1575,0.09128989561480089
57,0,24,5929,0.16116313811096128
17,0,53,9324,0.19680460728364602
40,0,31,10330,0.08454999713443934
13,0,64,17755,0.10987569785809684
9,1,58,12350,0.05177928806448804
23,0,54,10815,0.24258339323860995
53,0,42,3726,0.2291615824506122
42,2,36,1332,0.06843936269511369
30,0,58,15951,0.21645291027265334
19,0,23,11722,0.15920451552614878
11,0,62,9682,0.24290373080977312
18,0,57,10322,0.15189601806891784
11,0,23,17946,0.09135252846196025
13,0,30,9414,0.22124987741252478
42,2,62,11192,0.23761086700990947
10,0,50,10551,0.15613438268964197
5,0,37,16744,0.13154028014110955
33,0,57,4875,0.20501964637098075
19,2,51,1457,0.0668323588912953
28,0,61,19182,0.21854030254133294
10,1,38,9057,0.2221622654831203
14,0,46,11749,0.10916460356821396
28,0,48,8673,0.05225827395336651
42,0,22,6242,0.051962537110645274
26,0,50,4281,0.24561138074690692
33,1,52,13714,0.20608460034541576
32,0,26,11451,0.1217427458554127
18,0,56,12687,0.2278829634035115
18,0,39,15134,0.22845368326798288
27,0,39,6346,0.23164379517916506
4,2,30,10119,0.15035082941872197
42,0,58,12204,0.2140895488302279
38,0,26,16723,0.05752731269568772
20,0,64,2401,0.08199822926449771
24,0,47,6213,0.1764930687666234
21,0,31,4344,0.07080302886604191
40,0,50,6317,0.058666719367311604
46,2,52,18729,0.07167509358032459
9,1,32,3753,0.1408839181161956
26,2,59,15128,0.14766236139931577
3,0,21,15790,0.2352013635550449
28,0,26,15021,0.13435816779094506
17,0,63,3385,0.15287679644203428
22,0,54,2118,0.21324343343617375
29,0,41,3420,0.21294212279462293
21,0,34,16803,0.11531555878137714
25,0,49,637,0.19491441350662875
46,0,51,14555,0.22717283150086015
49,1,24,8071,0.214678713841562
3,1,40,18990,0.11567026241991551
24,0,48,9019,0.19799783166377533
51,0,46,9479,0.19755419284315373
33,0,54,9296,0.09840502784733324
14,0,61,16243,0.18394839907914362
36,0,23,15440,0.06758419231090361
11,0,44,19187,0.10482965007003851
4,1,44,8586,0.05566912230171133
39,0,30,16894,0.07618543867910542
32,0,27,583,0.07128921246691365
46,0,60,12575,0.23935452263428708
22,0,27,12384,0.08276565178210521
51,0,40,1495,0.06450559496543869
27,0,48,3838,0.20005168760958364
45,0,42,19504,0.1797028353614698
8,0,48,988,0.17721793440137534
8,0,22,10365,0.22838773253321104
47,2,45,15658,0.18329113081406534
50,0,56,19666,0.1836546410673663
56,0,43,5293,0.1413906909288029
21,2,64,12684,0.16313656478060803
4,0,41,15228,0.2031904837961802
58,2,34,18134,0.12182282789887935
37,0,42,13013,0.057211061450362304
17,0,34,5043,0.13529290385892145
46,2,35,17724,0.12537910400900515
54,0,40,18912,0.08635363751336353
19,0,32,7484,0.19175532442407728
46,0,22,10168,0.21089884219255128
47,1,32,13176,0.08171211828001519
31,0,22,16711,0.14624255466796865
39,0,60,11580,0.1152252827192028
18,0,59,15107,0.16359386352481264
55,0,32,15764,0.06878897937488311
59,0,60,4549,0.23682460814729367
58,0,37,6922,0.06272981048567848
45,0,37,16965,0.21450500738102357
5,0,43,12190,0.0889153052053548
23,0,61,4400,0.2041789975098975
28,0,53,11047,0.10641692135891626
57,0,48,4627,0.20795588075021154
34,0,55,1349,0.23313713971352162
33,1,59,9463,0.23713293418765657
11,2,52,1163,0.22271210224483007
48,0,41,19102,0.13506896317806222
22,0,34,18108,0.13574691713361045
8,1,41,4746,0.2404978831887511
59,2,28,12994,0.22825276192075544
13,0,47,8037,0.14698672552385933
3,0,56,12455,0.12958569613734805
7,0,22,10683,0.06884190131419161
28,0,59,14990,0.12229574572253298
8,1,49,15273,0.14420711496723698
51,2,61,805,0.21613081326333689
32,2,52,16995,0.11480905003387726
21,0,58,5025,0.1105185825534799
3,2,54,12892,0.05528340050222318
30,0,36,13177,0.05791964810974437
11,2,44,12857,0.21161007180904517
58,0,27,14508,0.08283101961365208
19,2,57,3042,0.2432803099694838
30,1,50,12777,0.062033413808312204
4,0,46,7819,0.21125619281789865
10,0,49,8514,0.07301942117764822
14,0,51,3372,0.1769792961537736
5,0,31,11982,0.20135597655528092
44,0,47,6808,0.09522413351017421
56,0,48,14147,0.1621927696537016
59,0,51,9779,0.2061457177146801
18,2,64,8424,0.08415555107782868
47,1,35,10437,0.1544939609264971
31,1,28,11497,0.15652758419283264
5,2,64,13708,0.20354222746708078
8,0,37,2040,0.12229079350509764
34,0,33,16123,0.17905989535387018
27,0,38,3806,0.24000596579466765
3,2,55,5024,0.19178510610742944
56,1,30,15565,0.053586250876714626
44,0,21,573,0.08017446475946402
31,0,55,7910,0.12962756831727498
59,0,43,13447,0.13087600372988778
58,0,52,15671,0.11612030787879304
58,0,32,17917,0.1386244271012257
17,0,30,13648,0.23867509222925853
53,0,41,5055,0.21090008523633308
31,0,58,7570,0.07777548638607859
44,0,53,953,0.1388541990020114
51,0,39,15531,0.18631775037546966
12,0,28,639,0.08275372957626259
28,2,45,2963,0.060138721559599054
10,0,23,19468,0.24154211135733394
18,0,51,3631,0.20693085173193737
26,1,40,6046,0.2270436881600723
51,0,59,8478,0.20627540496070357
52,1,63,3185,0.18580311985506143
25,0,30,13288,0.20301707822548348
21,0,26,6563,0.15505980034063352
33,0,47,6306,0.10142556033246175
54,1,23,11681,0.0688905954983601
58,0,50,6802,0.1695017270970837
15,2,59,4743,0.09387577965403023
13,0,60,17303,0.21461089869832412
43,2,54,11812,0.15701655061614933
20,0,54,18047,0.24907346553133947
14,2,32,7484,0.12707545424412847
4,0,61,18294,0.13387213687572133
25,0,54,17830,0.103899371055679
25,0,24,928,0.1071970367480608
35,0,47,2958,0.14548625688931144
14,2,39,16068,0.06290747545350293
43,0,27,6270,0.21668214997119484
41,0,34,15355,0.06972829667518805
29,0,62,8955,0.23131239780009522
13,1,42,5533,0.129809649327787
31,0,27,4763,0.1419704823256498
41,0,56,4919,0.24283339496078177
24,0,31,13446,0.1978026591788593
18,0,42,1179,0.10576820873754884
31,0,26,4181,0.11111855173555141
23,0,22,16530,0.07996296852839986
25,0,64,6725,0.17776164755191926
22,0,50,12346,0.18217328790576343
20,0,47,6340,0.22785648511225226
43,0,21,808,0.10682786794341491
29,0,47,9235,0.06346088600154359
29,2,25,4892,0.09399803110364394
40,0,27,14856,0.24262276402763594
23,2,53,16700,0.2476419933761108
8,0,43,17695,0.12067985548448541
51,0,57,12241,0.14798108074863536
6,0,36,2074,0.21925665279224837
35,0,34,17187,0.14555032997084982
18,2,57,16970,0.241793985219029
15,0,46,3360,0.217526451896629
5,0,61,8449,0.19828926766425253
54,2,45,19075,0.1757074707131926
27,0,29,16243,0.09127895540755171
22,0,23,4544,0.08657316118754979
45,0,30,12734,0.22331463461630835
5,0,44,6418,0.09817283612090444
35,0,49,17429,0.09871161911191811
31,0,21,18558,0.21921209791852198
34,0,32,15757,0.05926608870382586
10,0,57,6601,0.19355594376140195
57,0,38,8188,0.17317718454331865
16,0,53,12106,0.057587299749607856
41,1,37,18985,0.08624093419198059
45,0,33,7209,0.10998490207024059
22,0,51,11330,0.09542062752591603
10,0,32,14923,0.08384423811267586
19,0,50,7761,0.2207575476212102
48,0,29,6572,0.23498312150830608
54,0,54,8123,0.08501807602597991
56,0,62,9105,0.16565974165780795
15,2,60,2319,0.13664026166310994
37,1,58,2133,0.125271246956625
11,0,21,14133,0.24061891574209038
43,0,57,18458,0.05915864392204045
26,0,48,16212,0.24493869638665566
43,1,41,18167,0.11352667172418501
42,0,56,16844,0.1639030185067435
59,1,56,16181,0.23626430934669623
30,0,62,1637,0.17902853536669883
22,2,47,17525,0.20341787499558478
33,2,51,9223,0.0693634139088343
12,2,34,12253,0.16396422293840085
9,2,50,17848,0.11212516828867801
32,0,39,2166,0.13389002280826195
50,0,49,5448,0.09748721418760664
33,0,38,1876,0.17313347406434026
47,1,28,8684,0.1571812633134233
13,0,36,15828,0.07565518989218896
28,1,35,10091,0.19587374764088822
37,0,31,10583,0.10687780593151455
22,0,25,5067,0.16732484147027088
3,0,38,5901,0.22367027358070934
7,0,43,11369,0.12953308137310443
55,0,47,1230,0.1779301550439979
37,0,48,9151,0.2224440704890311
18,0,29,19688,0.17446384654149266
17,0,27,11616,0.24660472493479457
5,0,27,2385,0.06626430577618776
56,0,51,8672,0.12254958780933518
9,0,51,7603,0.1905180655116936
46,2,43,14142,0.14766589981199563
16,0,44,13763,0.10169386599790596
22,0,49,19588,0.11693737493822243
18,0,36,12650,0.1948447047499403
49,0,53,5111,0.2072846827653439
4,0,60,2964,0.17694462892525148
23,0,31,3575,0.2277483831802135
18,0,41,12598,0.15433080478999145
18,0,34,12146,0.21473621167538537
13,1,35,7059,0.07145504099277662
55,1,38,14868,0.24713759466728508
24,0,30,3826,0.2249162412068748
26,0,36,14432,0.2286913802754736
24,0,35,12532,0.22606077232853056
58,0,56,3920,0.21845530668107283
22,0,33,18058,0.06703255663462682
22,0,25,17450,0.23207130603000997
21,1,59,15154,0.08376204114769026
21,2,60,13461,0.22356273708147395
8,0,60,3668,0.16170263150551828
37,0,29,19361,0.10657896319919165
4,0,39,3895,0.112966598361648
15,0,33,16230,0.10394914110004123
14,0,32,9651,0.1950670600708685
19,0,61,13547,0.1971266740381446
46,0,26,912,0.13552217432895558
37,0,47,6675,0.13547699770989835
59,0,52,904,0.0926644237790659
23,0,24,14697,0.12963138728108214
55,0,59,5412,0.18253793300618704
5,2,30,6637,0.17505000388491354
31,0,39,2580,0.07596551038227242
48,0,44,3075,0.1962894076403769
33,0,59,11161,0.24795322664475888
56,0,64,7178,0.21218203442566225
20,0,31,1347,0.05158487646647141
4,0,38,16860,0.2144234922548423
47,0,47,5248,0.0559987300132891
6,0,39,1334,0.07685315815310577
46,0,24,1634,0.09850375248079886
44,1,55,8421,0.1484132288137674
51,0,45,10844,0.21892357961887304
30,0,26,3001,0.2128085738564589
54,2,49,7376,0.12448661139951199
12,0,60,7274,0.1447909601689671
27,1,49,2119,0.08407601727610636
9,0,41,13178,0.24037902622955082
46,2,55,7410,0.10463307563538815
43,0,32,14172,0.09099254435041262
48,0,25,512,0.24750128491962348
46,0,42,1159,0.09233495224129536
20,0,33,16596,0.08633267063554648
6,0,42,6853,0.24657391953761093
55,0,51,7592,0.06531381450426912
31,0,58,8653,0.05663135536000994
8,0,47,13484,0.1411789634255729
55,0,47,14380,0.10933187148880773
59,2,62,14320,0.22400648198684658
28,0,60,17522,0.1969936034627517
46,0,55,11320,0.15812851377870407
5,0,61,5400,0.05201177786586722
8,0,41,11982,0.10310867003317895
18,0,54,6185,0.22810028990424508
40,2,44,8858,0.09966401617759768
10,0,48,1043,0.05553842007205789
4,0,50,8445,0.09620576883925264
41,0,24,12190,0.20132029391942435
46,0,21,6466,0.22194452395037223
45,0,62,2626,0.1070524556697396
48,0,37,1889,0.09644561602879953
48,1,23,2809,0.2174912676103617
37,1,26,7314,0.0892457215896718
32,0,22,19907,0.12266262982863536
51,0,31,9519,0.12612262908293176
22,0,53,18226,0.12920174354691727
8,1,57,3107,0.06500367060669032
45,0,23,19440,0.21876151636154145
18,0,45,18206,0.09300683671772064
58,1,50,2203,0.12338526078172547
26,0,58,663,0.17746328835310565
51,1,60,13044,0.21072388627440036
5,2,60,4863,0.1674150300679606
40,0,52,12999,0.12233077733539569
28,0,56,13756,0.0510583308718201
29,0,53,1744,0.14901768295755127
18,2,54,16557,0.16244848082406985
58,0,60,17395,0.12189891854805733
25,1,28,9738,0.17590055329294102
51,0,24,18646,0.20756750934455775
27,0,32,11977,0.05711046055449727
5,0,62,14746,0.2122872366944445
53,0,51,5823,0.16809610744936734
13,1,41,12836,0.11510881370968569
18,0,34,19109,0.18877452687218
52,0,29,15630,0.1907711064127831
53,0,37,13061,0.20158505418360362
55,2,62,8419,0.13253459563369763
27,1,62,3063,0.16529072930774374
46,0,63,7177,0.14527784920483425
21,0,52,14860,0.1227870063388805
45,0,46,10770,0.07584988269164528
31,0,25,2991,0.2338064059370682
5,0,47,5085,0.07547988798160635
26,0,52,8365,0.17973673489564895
29,0,39,1398,0.12998669781020578
17,2,55,10078,0.21428382815431157
24,0,46,18316,0.14427250425744936
31,0,61,14587,0.08729289487715061
5,1,25,18752,0.08013506195002429
11,0,51,19928,0.12830766997046805
46,0,36,1555,0.1569794731585143
23,0,25,7744,0.17588357720353548
37,0,34,4436,0.21976793487188073
35,0,54,13676,0.12486335880737057
34,0,29,1182,0.20624134731758992
26,2,49,13611,0.09496146713429726
30,0,29,8034,0.22565146144771336
49,0,41,4091,0.06946357216471255
58,1,27,4566,0.2107597580117378
17,0,54,13035,0.10361444589001022
41,1,59,9746,0.1813449157033566
58,0,44,17648,0.15878567133324684
3,0,38,19576,0.16562421219511608
47,0,62,11336,0.2460866692651965
31,0,62,13931,0.16969567973526678
58,0,61,9855,0.09303336429621928
35,0,55,8144,0.13210617088383625
50,1,30,13127,0.06933792532229846
12,0,28,752,0.11708639122393101
11,0,40,16233,0.10859120357999524
55,0,45,13848,0.17873513898796628
33,1,29,4892,0.23277108655871515
34,1,27,573,0.10628056214125625
12,0,35,3680,0.219516059545746
15,0,36,14181,0.2252141988131554
49,0,30,13199,0.17652755736138154
20,1,41,13473,0.18976991781099217
36,0,43,1174,0.20964623349869038
21,0,25,819,0.12443474783008746
18,2,21,16592,0.247293846403286
12,0,22,9370,0.12635881149308736
55,0,55,6390,0.06697198822376904
56,0,56,2047,0.19657035038023313
9,2,27,2664,0.11699704825502577
23,1,62,14931,0.05554719714832686
35,0,33,15411,0.08581371266547103
24,0,60,5992,0.12386798046058366
44,0,28,4846,0.09255289533609885
17,0,56,6363,0.07727955193675623
6,0,36,8327,0.08251405794459579
22,0,55,17043,0.1752994713867222
37,0,24,8570,0.07567549542271618
13,0,46,15553,0.20666352516815806
49,0,58,16494,0.21834906382260982
3,0,26,12140,0.19469669398900485
6,0,39,5656,0.09902628552325617
32,0,60,19739,0.16528533558528694
32,1,61,12847,0.06221004886490589
19,0,43,14032,0.23853933315766296
17,0,23,19973,0.051474101031961775
6,0,62,12416,0.09430176411587424
40,1,28,12187,0.06659836756899205
24,0,39,16667,0.24894362286629734
9,1,57,3248,0.05814042344593487
25,0,25,19278,0.05034432563255218
56,1,41,6023,0.07012834517985517
17,0,48,19407,0.2262501848225405
53,0,23,10934,0.13014702086242663
17,1,42,17665,0.23894482993129457
13,0,23,6784,0.24189839943677927
17,0,49,15298,0.19522075850079929
21,0,60,10572,0.08377385865630074
9,0,29,13110,0.2442160731380737
36,0,32,11092,0.13763860089333382
22,0,26,19736,0.14290278542874713
43,0,39,14842,0.17736532872039573
30,2,21,5413,0.19322191235532077
28,0,60,12647,0.24249828084440783
29,0,25,7638,0.24418386545768866
11,2,50,14109,0.13272182892627649
43,0,35,9846,0.07842449269704009
8,0,54,4756,0.23311848805418078
44,0,23,4861,0.07379263821137777
59,1,41,8752,0.16053316000177612
46,0,25,9909,0.08323831911042212
28,1,51,16590,0.12165273336828684
20,0,29,12945,0.15594683950527766
52,0,46,15168,0.1909995674678348
17,0,38,3402,0.2450429022133021
30,0,28,4049,0.23371933900762054
46,0,29,1221,0.15408914854375155
55,2,46,1747,0.11248431081534976
55,0,30,3348,0.15739044819879555
8,0,61,13236,0.12333363107879985
54,0,54,9410,0.14189778029009775
9,0,36,9159,0.23287126770569405
36,0,38,14920,0.15285006455588152
55,1,42,8504,0.0583304098045266
40,2,56,628,0.18681033630290406
57,0,39,987,0.10619524786907496
22,0,39,3999,0.09277058710979931
20,2,51,7942,0.20330100424367165
21,1,32,17714,0.08311027543839236
23,0,48,3984,0.17185546742022073
41,1,37,14829,0.2134315756683824
28,0,41,1169,0.11011028020191611
45,0,55,2620,0.14444735098299238
26,0,23,8278,0.1655279896155426
20,0,49,12914,0.17822101634399146
13,0,32,16583,0.2443858713616079
34,0,21,14938,0.22776448898755386
54,2,34,17881,0.09180498636186439
51,0,55,8953,0.15915517384118227
17,0,53,5144,0.08156841233436138
30,2,32,8701,0.06200218153984263
43,2,38,5861,0.12362131585925372
37,0,59,7429,0.11396076222484329
6,0,37,2422,0.16409314573675998
36,0,32,15467,0.17825030596240138
5,1,40,18231,0.12711908138110717
9,1,55,2365,0.22344888050971667
40,1,40,1771,0.21834975125693634
8,0,43,16162,0.19423040844548184
22,0,52,18776,0.12014876451965018
36,2,58,814,0.09843707428635518
40,0,50,13008,0.0732124101306823
28,0,38,8588,0.10009211179929432
8,1,54,15836,0.24182152560562203
48,0,55,10559,0.13353247390680295
57,0,30,4789,0.13314112029717184
53,0,51,6162,0.144139540735855
45,0,53,12346,0.17959955515175968
25,0,34,5542,0.2340000600102548
52,0,34,2621,0.07282682248724158
30,0,50,10881,0.21405698579004867
10,0,21,13343,0.1397871636222277
51,0,33,16073,0.10494404870606522
21,0,49,12207,0.15877122091988796
56,0,40,8346,0.1580774060971718
23,0,21,16565,0.07667613467524559
52,0,26,9417,0.06940001636822382
33,0,25,13075,0.17537544699651914
29,2,44,18087,0.19707621184652774
19,0,22,19444,0.1729652100993606
50,0,54,9155,0.12058255707679143
6,0,47,10061,0.16117108813488645
29,0,43,17459,0.23127189244980362
24,1,30,11262,0.23477664493200556
33,1,29,15205,0.09645780595253746
17,2,56,1979,0.06901553565855673
40,0,48,16565,0.18065129325147267
24,1,36,2610,0.0848797201198805
13,2,30,8083,0.21021249556840743
14,0,35,3883,0.10616541275571695
42,0,34,18606,0.08009551430118377
17,0,43,2808,0.21321790332190588
20,2,32,11141,0.09170168405818309
38,0,55,3177,0.05176775126231197
21,0,23,864,0.21435252241355535
25,0,51,5579,0.06876326833517435
16,0,21,2018,0.13394738452048166
22,0,30,5929,0.1291621696270676
42,1,62,3632,0.07859784867230515
33,0,54,14063,0.05703612686489015
59,0,64,3840,0.06693794124047903
46,0,43,9985,0.13550280270603335
3,2,27,509,0.24141798120038277
24,2,64,18577,0.19498856826115085
19,0,54,9118,0.19295845149781743
36,1,43,7187,0.18394243905976781
18,0,54,6828,0.20382359161463354
58,2,33,1736,0.15588805627698382
20,0,55,5550,0.24712055582522868
32,0,54,16961,0.17154583251442557
10,2,27,8031,0.1761742762395317
54,0,22,16932,0.05423411524159325
54,0,58,3986,0.2009303011434228
48,0,52,7584,0.12117526863399793
23,0,33,12820,0.20475502519661448
6,0,44,1872,0.21949329110746746
43,0,22,7389,0.05445805071274217
27,0,28,17677,0.1269507542802903
59,2,24,10143,0.23098889691966212
42,0,22,18703,0.07558911818344745
33,0,27,3274,0.19886115388289866
59,1,23,19944,0.11464403785330929
48,0,62,17628,0.15187159300309086
29,0,24,8125,0.23072477099283756
4,0,26,11466,0.17659066850021382
8,2,42,2979,0.13673825784455684
28,1,47,3565,0.18941772085404934
35,2,52,7866,0.09457830621432939
4,0,25,6886,0.05245767067951182
10,2,26,11918,0.17372194682767877
43,0,21,18134,0.22222482666315618
45,2,27,1343,0.18991514458548753
4,0,29,16834,0.15388295586401002
31,0,56,5847,0.07866514685727753
7,0,46,13203,0.06698549722409575
44,0,31,18867,0.10597546663386709
50,2,26,14805,0.24264588887355837
52,0,57,1361,0.14238215599271745
37,0,52,12062,0.21093616604260923
38,0,25,3443,0.05258518207846308
55,0,45,5446,0.14451093388119152
37,0,57,11829,0.09937362946202528
28,2,32,11860,0.24054841782774794
46,0,53,19175,0.08973468238545818
36,1,38,6037,0.05994312922553598
51,0,27,18836,0.08240278229152478
32,0,33,8996,0.06261375693250833
52,0,35,5521,0.11307745559831715
5,2,22,12650,0.2491425537353651
5,0,35,12468,0.2361085619754883
8,0,63,18016,0.16439027830812772
34,2,26,19317,0.21620529427132013
43,0,21,13457,0.12998306431175927
15,0,37,12778,0.22820309346265782
11,2,63,6098,0.09202403832278563
52,1,50,4820,0.13063392915599442
45,0,43,12082,0.07412236080083001
39,0,53,14026,0.23731962801952872
30,0,21,7672,0.11763566823868471
26,0,29,10469,0.09919773437886559
4,0,58,11706,0.09436696589174323
13,0,52,10128,0.14478861781235555
54,1,41,1394,0.15081424569433016
22,2,32,10023,0.1845545488153213
43,0,31,4668,0.21183111764941726
43,0,22,2694,0.19053670332448652
20,2,59,9636,0.1485146794260439
14,2,29,15893,0.15713704769569936
42,0,56,16040,0.24507454854136967
8,0,36,7265,0.13941702788971305
31,0,61,11577,0.11429863660960955
53,1,22,4102,0.17912786505130368
43,0,43,5971,0.18455731699890088
46,0,25,9096,0.23747890989650278
7,0,21,8101,0.12043827186851352
14,0,36,13039,0.1519363589457185
18,0,49,15034,0.17486386827136258
19,0,61,11292,0.1917544226546763
14,0,27,1062,0.05801092970324504
58,0,48,16472,0.2300665989427233
12,0,56,9374,0.08552159470230342
43,0,62,16944,0.09504109084913955
36,0,33,5838,0.18887376719483356
37,0,22,12601,0.08977166966073531
15,0,63,5272,0.07671031264706524
20,0,59,11258,0.2398687264745712
37,0,32,16816,0.17861353283902415
20,0,26,11551,0.23947233478435692
42,0,44,19964,0.06262041111439115
5,2,31,8165,0.05709018907389505
7,0,45,2972,0.10587729846098247
44,0,25,9650,0.0576823587926038
38,0,61,16742,0.13770835180574897
5,0,39,10770,0.24230628549497552
54,0,27,12421,0.12137664198184786
3,0,29,16116,0.19644915318408335
57,0,50,5622,0.17928692257212125
44,0,53,15044,0.05644823373713384
59,0,25,19099,0.0964135476887899
57,0,54,4313,0.17601050541224028
20,0,62,4109,0.06840736812970856
46,0,33,19567,0.1414703326936383
15,0,48,19450,0.18551900961405798
29,0,56,19324,0.11796217572382761
16,0,62,17218,0.11242672918451731
30,0,28,5944,0.19464940525718605
52,0,60,11436,0.13376829533049386
27,1,22,19977,0.156395944454572
8,2,45,14200,0.08995196744233343
21,2,28,10739,0.20791693146271
47,0,25,12357,0.16994747165906915
32,0,31,4921,0.24458410025505378
34,2,27,7346,0.20120335674783868
27,0,23,14549,0.16987531595309197
19,0,34,19295,0.1728841060423454
37,0,25,1435,0.11659717804753716
39,0,37,8584,0.1390869800860044
54,0,34,13908,0.18465625728728685
38,0,43,9563,0.15300647684040647
59,0,58,16782,0.24085389148140485
50,0,27,13091,0.16068000818428252
7,0,58,7335,0.05254230486001628
25,0,44,15415,0.07524988128422053
24,1,64,7025,0.05922940567562505
3,0,38,8550,0.23062552699470334
13,0,25,5812,0.1130319089419451
46,0,30,19973,0.21722795242037235
23,0,21,8446,0.13911542080209993
11,0,59,19098,0.23409662716009066
19,1,45,11682,0.14644282779996123
18,0,59,2944,0.2220252429891894
12,0,47,15360,0.18434043341707096
8,0,62,4308,0.10324202694575818
46,0,31,17789,0.1653102066474597
49,2,35,19313,0.10360468617530041
31,0,56,11196,0.08997905246799039
38,0,57,8273,0.11384091439274407
55,0,63,9762,0.10933729061153011
51,2,60,15621,0.14931229141832436
4,0,35,7806,0.17741265247444565
57,2,50,1484,0.243485259041049
6,2,62,12109,0.14383405382125364
4,0,32,14920,0.202193855298133
25,0,25,3324,0.14820831341019342
45,0,43,7510,0.1367611412369501
7,0,41,9605,0.13246552022365943
19,2,51,12455,0.22513917880334572
17,0,29,10421,0.0792405312052118
25,0,40,15220,0.1080378506158172
59,0,46,12771,0.19417789633096988
21,0,46,14414,0.109156798828311
14,0,24,1836,0.05044271928635827
9,0,25,18430,0.09334398596006371
14,0,43,8878,0.05587738251631469
10,0,37,8759,0.10847478166731804
35,0,28,15354,0.11534373958159366
26,0,56,8600,0.24064582347725022
31,0,39,15788,0.21159871596129687
50,0,46,16584,0.0744619386951042
36,1,51,11092,0.07456883114580391
11,0,52,11529,0.2493987520245775
24,0,35,17501,0.18430657631159908
20,2,22,15069,0.1750998147498406
50,0,44,15217,0.16769806450675084
20,1,31,14136,0.07994193581535838
10,0,63,16047,0.1028751177034998
44,0,60,15509,0.136475084189298
27,0,59,15962,0.13927103869264823
8,0,55,8410,0.24415405234663246
42,0,64,14707,0.05875322430316892
14,0,63,10555,0.05294038616774606
52,0,28,17196,0.23297774164242874
50,2,48,10122,0.22551143899220916
24,2,42,2389,0.10791773020657563
34,0,22,16389,0.11426501718255043
35,0,55,10323,0.16840686504125305
40,2,25,1309,0.09040888807888509
6,0,61,16596,0.22509429291361877
21,0,51,1482,0.10391150771608759
12,0,31,2631,0.06198412755485008
42,2,22,14352,0.15654878635864605
6,0,64,3526,0.1966879333820516
32,0,56,5752,0.2412479657789658
44,0,40,8331,0.17497548784520955
57,0,56,19501,0.07037120930886853
19,0,54,11499,0.18246774753542472
3,0,47,19435,0.06850454478679305
44,0,43,14616,0.08883841429554956
3,1,22,6121,0.10932316163077341
6,0,34,11436,0.06109450808305244
59,0,34,7037,0.12317605090478914
52,0,25,4724,0.2034041812703064
43,0,52,10907,0.06074575552541137
50,0,28,17033,0.14917022858471943
7,0,32,15893,0.09526039278368326
8,0,49,5667,0.1632757442243573
20,1,43,5544,0.1484716016547777
4,2,45,17231,0.08320728879085587
53,0,58,12826,0.22052512481197123
6,1,40,10153,0.15009404049405917
34,1,48,16547,0.24713439266491471
51,1,48,1289,0.246937822024954
44,0,26,15188,0.10021214084479889
16,0,43,9851,0.22661004361744502
29,0,45,9969,0.1939100947475908
34,0,27,13254,0.13644411370441079
46,0,26,4888,0.21302499931345875
27,0,32,17659,0.1340806517515556
19,0,39,2143,0.14848162115112823
48,0,39,11851,0.1243618952209221
53,0,31,9779,0.21871602738397078
30,0,38,19833,0.23134113319238492
4,2,33,13182,0.08025323431883931
31,0,60,7924,0.16796320705705003
53,0,49,8712,0.07338307789869294
59,0,62,5291,0.22708091241257838
25,2,49,1495,0.09404371861543824
11,0,44,9145,0.05721511532649948
35,0,42,916,0.19912605057547117
50,0,32,13339,0.18324589366970134
56,0,28,18086,0.13221030311683363
5,0,56,2352,0.17382900165152237
19,0,38,19446,0.20424261932512072
30,0,29,2255,0.08402282465925812
8,0,39,9768,0.1109085305779106
53,1,42,12673,0.14711250807058057
9,0,50,12994,0.17663049713736884
40,0,64,7984,0.17273546105465476
55,0,63,1368,0.14873614038412353
42,0,59,15772,0.18229065234376784
46,0,57,9524,0.05420144428904945
18,0,61,5642,0.1147082906425053
50,0,52,9290,0.1644888469736508
26,0,25,8952,0.11124380430500913
6,0,31,12130,0.2383130867814781
23,2,41,10542,0.24272671417360325
22,0,55,12189,0.12427375670273466
32,2,54,18875,0.09630589954495881
18,1,59,18483,0.09484848049624489
29,0,27,643,0.13879389693584315
27,0,47,13060,0.24150707005801036
21,0,54,4731,0.09729595545213808
42,1,38,1829,0.1162157182717726
20,0,36,2294,0.1618333885957977
46,2,50,12945,0.16397790592276645
17,0,60,19830,0.18251249998440572
52,0,41,15724,0.19559299270652225
23,0,39,3078,0.2082631502064683
5,0,24,4600,0.1482495321157781
11,0,32,16552,0.06422979423962072
48,0,24,12333,0.18525195375315423
52,0,61,10641,0.16850889636308408
15,0,58,4074,0.0928167749370945
37,0,52,15757,0.22077360287308817
35,0,30,16759,0.1983014989308765
10,0,41,6383,0.13438175142916547
28,0,21,19966,0.24375581930256046
42,0,63,9771,0.18535968086780025
58,0,23,1258,0.23599015976789417
51,0,47,19568,0.19573967958722538
8,0,42,4289,0.19210382407602317
16,0,46,2356,0.09358106671653532
27,0,24,9336,0.1338307866356029
11,0,36,12602,0.17718841972011112
35,0,57,12764,0.2156511511474528
3,0,57,19187,0.2322418586731952
9,2,38,9517,0.06635861736191573
5,0,46,2970,0.1929622306675703
19,0,56,9351,0.10320588982863288
46,0,48,16880,0.19198896446388786
13,0,39,727,0.11348199842114115
59,0,62,5884,0.16418549053309006
18,0,64,13689,0.15535198763411923
5,0,32,4412,0.22441115777752896
22,0,23,9993,0.18076932505604942
45,0,55,3746,0.0985942709296701
9,0,25,2966,0.17578741236751944
7,0,56,14844,0.178160362887614
51,0,55,15685,0.12286365763119
36,0,23,1198,0.10255836065595236
22,0,45,10952,0.2319285276053214
46,0,52,8700,0.08078861195237984
51,1,24,7673,0.07834120253346177
23,2,57,14090,0.16782792037261318
34,0,25,12933,0.11167591377740976
3,0,44,3222,0.15084587912097105
20,0,21,19457,0.10355510365711543
36,0,25,4869,0.12361837653111026
14,2,53,11174,0.13164147990544744
59,0,24,3473,0.1624040481047875
58,0,60,12219,0.06575650459239626
17,0,22,1009,0.13643850934654844
25,0,48,5751,0.1874618775332107
13,0,37,9401,0.19183340364882212
31,0,47,2420,0.10418459283783661
10,0,48,10186,0.1586939206900783
25,0,49,11828,0.12684103876071268
34,0,46,18941,0.05736391631157356
37,0,63,7810,0.13636930898906777
36,0,43,14697,0.1847221185930099
15,0,58,5656,0.23908503534424724
48,0,39,19418,0.07242850679649071
42,0,47,19311,0.13548782371202717
45,0,50,15259,0.2382312037788495
29,0,38,4660,0.14389264254223771
53,0,59,19585,0.2287426990308269
25,2,32,8284,0.18643177811509104
48,0,57,5339,0.2231993065671632
14,2,29,8337,0.2016578128964081
17,0,52,3768,0.06444150527619968
33,0,57,7491,0.20250155924747892
34,0,33,8130,0.07557083403806442
45,0,32,19940,0.19971880330550568
19,0,62,10089,0.1338099848318946
52,0,48,14955,0.18695241529745787
21,0,58,16580,0.06210571305728896
33,0,62,18919,0.07280229702864315
56,0,62,11058,0.07131647990410528
33,0,57,11903,0.1251032496397264
41,2,48,19073,0.08393112057963233
54,0,62,13778,0.05158116176679757
58,0,35,6126,0.22582748626409171
31,2,44,12092,0.2003298560809464
26,0,40,11788,0.16369520278878724
14,1,35,11928,0.19484496149835046
33,0,35,13207,0.11047489974981482
55,2,63,8911,0.1911213947580956
30,0,36,3539,0.15400098686362665
22,0,25,7613,0.06776784618076409
9,0,39,15817,0.18292333063819477
25,0,37,19999,0.248702415711005
16,0,62,12968,0.10120894099046499
58,1,55,15667,0.05091006932317546
33,0,42,4242,0.20014457778612543
10,2,57,15799,0.10576625040584238
6,2,38,8563,0.13104351741943193
51,0,30,14203,0.051554289984167535
56,2,49,12994,0.06289694740496027
46,0,48,15332,0.19178624193707877
10,0,33,14801,0.24281972245997596
8,0,28,13099,0.16810504165216839
14,1,21,8638,0.2184682116885912
45,2,37,16368,0.0911607290108901
46,0,53,14588,0.06352319253429693
50,2,56,3194,0.11940878575322598
8,2,35,5583,0.09163688727966333
11,1,50,5745,0.17333054273133564
54,0,31,6447,0.24126287599635038
55,0,29,14205,0.09624392412547544
44,2,44,729,0.23035860903057903
9,0,34,5583,0.15743434819536378
6,0,28,10007,0.07041019458764824
6,2,31,3974,0.15719900067631923
42,0,33,4172,0.14341249884891755
51,0,34,8902,0.19980300332946616
39,0,43,12239,0.19973700360691904
17,0,59,7025,0.1782043890964598
46,2,63,19330,0.18356835919940573
6,0,46,8672,0.17145976796728368
50,0,31,19993,0.09735425492386383
53,0,29,11481,0.23510786049442972
43,0,41,7800,0.09235791615216637
53,1,50,2723,0.16903054461333933
36,2,44,14805,0.20475425953119758
29,0,26,11001,0.06673598983477712
21,0,52,19233,0.1400347563355663
55,0,34,19360,0.055976166462091914
42,0,43,10706,0.09524373613122224
13,0,58,5299,0.17723135195440348
57,0,53,7011,0.2326731432875307
6,0,44,1890,0.1108479484549888
36,0,59,3537,0.21697958158745118
13,1,29,8552,0.15497186671038748
40,0,33,3933,0.20216913245706386
26,0,32,17205,0.2120226964077876
27,0,57,17154,0.1771847867995478
41,0,57,3921,0.1345453979186989
46,1,32,5550,0.16681733548796945
24,0,29,16635,0.1882342475438311
59,0,56,5777,0.22222658518754496
31,0,40,5577,0.15966935381152997
12,1,49,15059,0.22472515177256863
3,0,29,8331,0.1277352091690978
14,0,46,16817,0.20187486682157674
42,0,51,10818,0.17192548828410428
33,0,41,4564,0.06550349494417591
22,0,57,3486,0.1504210509522125
30,0,44,13928,0.20273819655477193
50,0,44,9231,0.18445955087722654
35,0,31,9208,0.16270170870433187
6,0,50,13762,0.2085553316401707
5,0,42,5896,0.23063783795815684
30,0,49,19980,0.07868391522027854
26,0,47,10644,0.10106976940512323
51,0,37,17270,0.24776491282078605
36,0,37,15661,0.09832969634261733
46,0,34,12352,0.21546549830517514
36,0,37,2440,0.15642237019217442
22,0,58,14862,0.12697929580852207
40,0,36,1886,0.1954675209360322
38,0,26,14880,0.20066346781761768
44,0,56,18278,0.10442382278908331
13,0,30,10885,0.0522060120942943
39,0,37,19286,0.20567455428983733
19,0,29,12733,0.1878930123461811
48,0,46,10806,0.0740725447837253
48,0,32,10875,0.057376811294276214
38,0,63,3300,0.18212046687505135
56,0,39,1795,0.1702367032367071
33,2,22,2031,0.20262918847682054
4,0,45,17957,0.2246424871230161
37,0,30,3541,0.18280462906660827
47,0,36,12920,0.17712407947313863
8,0,61,6011,0.15412969076722016
8,0,28,7969,0.16325292125157487
18,0,52,13835,0.2448034401723716
51,0,51,17501,0.05931249574573523
33,2,37,2649,0.15872679016531727
58,0,40,10730,0.09950371561705047
52,2,24,3170,0.19507685223419352
34,2,42,4428,0.1997316712747687
41,0,43,14404,0.10306464112358582
21,0,47,1080,0.20167848268551652
8,0,55,5519,0.17879469894726935
25,0,61,11373,0.2393235862498862
36,0,39,4713,0.2131152072493947
13,0,59,8012,0.20438285446439136
15,0,58,11861,0.07809430286195865
3,0,34,18079,0.24734964598734455
44,0,33,2036,0.20924863041986586
54,0,44,10397,0.21851691316620941
50,0,42,12767,0.20033317664709005
24,2,37,9836,0.22092029821039644
36,2,24,874,0.17176568509080165
57,1,55,15339,0.052624803321889284
36,0,44,5044,0.1426884282861545
19,0,28,2426,0.09966984404454074
22,0,58,9284,0.11224900447802794
44,0,61,4225,0.10511244601442943
28,0,27,12803,0.1762541667264625
50,0,44,11020,0.2075922392593028
52,2,47,4475,0.22389555826639929
5,0,31,18416,0.22480892314271633
44,1,34,17644,0.05404115564793224
24,0,37,6635,0.20083774096435325
32,0,36,18420,0.23600044707591178
18,0,50,6856,0.20473281509602675
23,0,21,9874,0.07329761461753442
21,0,49,11532,0.24148402694874616
5,0,44,5812,0.150424649171443
47,0,54,12216,0.16483428555420612
11,0,64,2654,0.10659076975421083
24,0,39,12297,0.21932817474070082
14,1,27,18804,0.22541124715194288
12,0,40,6812,0.21318035650139755
24,0,31,3104,0.09142258953032378
55,2,43,11788,0.07543799845457483
56,0,30,6324,0.24528594013534788
24,0,21,14990,0.22446525679076607
31,0,45,6914,0.2212945486144962
59,0,35,1720,0.20597857031326078
16,0,29,5732,0.07130482636040676
56,0,21,16632,0.15294197781541552
9,0,62,540,0.07308323053912005
15,0,57,17777,0.1345237367069482
22,1,51,4538,0.08231467237695111
5,0,37,5822,0.14589493579640392
49,0,48,15095,0.1843280673263708
51,0,44,18698,0.2182050401637729
24,0,21,4505,0.06612359163831744
50,2,61,18293,0.22841553931854752
47,0,41,15399,0.08793526081965952
48,0,41,1023,0.23869590774281219
48,0,56,8609,0.14635978299887703
35,0,52,5439,0.06135714197804674
9,0,43,2079,0.20817723930254517
55,1,58,18513,0.05944161991969841
37,0,53,16626,0.1754841865589843
54,0,46,17542,0.2093816877963935
57,0,51,12885,0.1425788980448463
13,0,28,14714,0.18623344331040348
25,0,61,12436,0.16450433296157732
13,0,59,1407,0.06406297183535553
5,0,37,3429,0.18868360460066708
58,0,22,17821,0.24053197932723053
55,0,57,12655,0.11856556041524423
56,1,43,6816,0.07523105937805721
53,0,32,16032,0.10126716340874964
39,0,64,10800,0.17710944478896756
32,0,45,19929,0.2466862306723115
59,2,30,10204,0.21234616055279293
34,0,48,13581,0.20621165050432938
39,0,54,19665,0.12206903391431648
15,0,40,8927,0.1720045135429773
45,2,51,18598,0.1308347397223402
49,0,25,16468,0.06174603244121355
41,0,33,1199,0.1482720917656586
31,0,40,1482,0.1595772699435414
